BASKET,ATLOCATION,HOME
CHARACTER,ATLOCATION,PLAYINTHEATER
BAZAAR,ATLOCATION,FESTIVAL
BOOTHS,ATLOCATION,SPORTINGEVENT
GOURMETSHOP,ATLOCATION,CITY
HEIFER,ATLOCATION,STATEFAIR
BADSPEAKERS,ATLOCATION,DRIVEINMOVIE
GRAPE,ATLOCATION,SALAD
FOOD,ATLOCATION,RESTRAUNT
FOX,ATLOCATION,PRAIRIEAREA
EATBADFOOD,ATLOCATION,MCDONALDS
ALCOHOL,ATLOCATION,WINE
BEE,ATLOCATION,MEADOW
DENTALDRILLS,ATLOCATION,DENTIST
EMPTINESS,ATLOCATION,BACKSEATOFCAR
AUDIOTAPES,ATLOCATION,CABINET
DENTIST,ATLOCATION,DENTALCLINIC
CATS,ATLOCATION,SHELF
CARDBOARDBOX,ATLOCATION,GARAGE
ENTERTAINMENT,ATLOCATION,MOVIE
HARDWARESHOP,ATLOCATION,SHOPPINGCENTER
FASTFOODCHAIN,ATLOCATION,LARGECITY
GARBAGECANIN,ATLOCATION,HARDWARESTORE
COINS,ATLOCATION,WATERFOUNTAIN
EXPLOSIVE,ATLOCATION,FIREWORKS
AIRCONDITIONING,ATLOCATION,HOTROOM
GOD,ATLOCATION,NOWHERE
BATHROOMDRAWER,ATLOCATION,HOTEL
COASTER,ATLOCATION,TABLE
CARSHONKING,ATLOCATION,FREEWAY
BOOKCASE,ATLOCATION,STUDY
HEADLIGHT,ATLOCATION,CAR
BRIDGERAILING,ATLOCATION,PLACEWITHBRIDGE
CHAIR,ATLOCATION,AUDITORIUM
BOOKSHELF,ATLOCATION,FURNITURESTORE
HEATSOURCE,ATLOCATION,BEDROOM
CRAZYPEOPLE,ATLOCATION,MENTALWARD
ENTRANCEHALL,ATLOCATION,LARGEHOME
HORSE,ATLOCATION,STALLINBARN
BLOWFISH,ATLOCATION,RESTAURANT
CHECK,ATLOCATION,PAYENVELOPE
CARKEYS,ATLOCATION,IGNITIONSWITCH
HEIFER,ATLOCATION,PENONRANCH
COMPUTER,ATLOCATION,HOUSE
HOCKEYPUCK,ATLOCATION,ICERINK
DEADLEAVES,ATLOCATION,PILE
FARMLAND,ATLOCATION,COUNTRY
DEODORANT,ATLOCATION,FOOTPOWDER
DISKIN,ATLOCATION,MUSICSHOP
DENTIST,ATLOCATION,DENTALOFFICE
FANS,ATLOCATION,HOUSE
GAMBERS,ATLOCATION,CASINO
HOLDINGPOINT,ATLOCATION,TIEDGAME
CARPETING,ATLOCATION,BED
CAT,ATLOCATION,AMERICANHOME
HEIFER,ATLOCATION,GERMANY
FICUS,ATLOCATION,PARK
CHAIN,ATLOCATION,DUNGEON
ACCOMMODATION,ATLOCATION,CANADA
DESKDRAWER,ATLOCATION,DESK
CABINETS,ATLOCATION,PANTRY
CD,ATLOCATION,CDPLAYER
CRAB,ATLOCATION,CRABTRAP
GRASPER,ATLOCATION,ROBOT
DELIRESTAURANT,ATLOCATION,SHOPPINGMALL
EVAPORATEDMILK,ATLOCATION,CAN
COLD,ATLOCATION,FRIDGE
CRAB,ATLOCATION,DELICIOUSMEAL
BAGGAGETRUNK,ATLOCATION,DUSTYATTIC
CORRECTIONFLUID,ATLOCATION,STATIONARYSTORE
CARDBOARD,ATLOCATION,BOXFACTORY
CANVAS,ATLOCATION,ARTISTSTUDIO
FITTINGROOM,ATLOCATION,GAP
HEIFER,ATLOCATION,OPRAH'SSHOW
DIAMOND,ATLOCATION,JEWLERYSTORE
CAR,ATLOCATION,SCRAPHEAP
BALDEAGLE,ATLOCATION,WILDLIFEREFUGE
CLIPBOARD,ATLOCATION,PLACEOFWORK
CITY,ATLOCATION,BUS
DOORWITHLOCK,ATLOCATION,GARAGE
COLLECTIBLES,ATLOCATION,SHELF
CATWALK,ATLOCATION,THEATER
CELLO,ATLOCATION,MUSICIAN'SHOUSE
CHOCOLATESPREAD,ATLOCATION,JAR
GLUESTICK,ATLOCATION,OFFICE
CANOFPAINT,ATLOCATION,HARDWARESTORE
HORSE,ATLOCATION,BARNORSTABLE
CASTANETS,ATLOCATION,MARIACHIBAND
BASEBALLDIAMOND,ATLOCATION,PARK
BOOK,ATLOCATION,CLASSROOM
DARKNESS,ATLOCATION,DRIVEINMOVIE
FORKEDSTICK,ATLOCATION,BACKPACK
HAIR,ATLOCATION,SCALP
CAT,ATLOCATION,HATCOMESBACK
BRUSHES,ATLOCATION,CABINET
ATHLETE,ATLOCATION,STADIUM
BICYCLE,ATLOCATION,BICYCLESHOP
BEE,ATLOCATION,GARDEN
COUNTRY,ATLOCATION,EUROPE
CHESSROOK,ATLOCATION,FIRSTRANK
APPLES,ATLOCATION,MARKET
CARPARK,ATLOCATION,SHOPPINGCENTRE
CLUBCHAIR,ATLOCATION,PRIVATECLUB
DOLLAR,ATLOCATION,TEHBANK
BROOK,ATLOCATION,PARK
CANNONBALL,ATLOCATION,BATTLE
EGG,ATLOCATION,HENHOUSE
BALNKETS,ATLOCATION,TRUNK
DOORMAT,ATLOCATION,FRONTOFDOOR
BROADCASTSTUDIO,ATLOCATION,MICROPHONE
CRAB,ATLOCATION,WATERATBEACH
HOLE,ATLOCATION,GREEN
CONTRACEPTIVE,ATLOCATION,DRAWER
ELECTRICFAN,ATLOCATION,HOTROOM
BAZAAR,ATLOCATION,CHURCH
GARDENHOSE,ATLOCATION,FRONTYARD
CHRISTIANS,ATLOCATION,CHURCH
CHIPMUNK,ATLOCATION,PARK
HANGINGPLANTS,ATLOCATION,PORCH
CLOCK,ATLOCATION,OFFICE
BASEMENT,ATLOCATION,CANADA
CARNIVALRIDES,ATLOCATION,FAIRGROUNDS
CUREHUMANS,ATLOCATION,HOSPITAL
CAP,ATLOCATION,SUITCASE
COMMUTERS,ATLOCATION,TRAINSTATION
COOKIESHEET,ATLOCATION,OVEN
GREASE,ATLOCATION,RESTURANT
CRATER,ATLOCATION,SUFACEOFMOON
CRANBERRIES,ATLOCATION,GROCERYSTORE
GAZELLE,ATLOCATION,BIGFIELD
CAKE,ATLOCATION,PLATE
FERRET,ATLOCATION,GREATBRITAIN
GREENGROCER,ATLOCATION,FARMERSMARKET
CASHIER,ATLOCATION,MARKET
COMFORTER,ATLOCATION,BEDROOM
FRATPARTY,ATLOCATION,FRATERNITYHOUSE
GARBAGEWASTE,ATLOCATION,DUMPGROUND
FRISBEE,ATLOCATION,DEADHEAD'SVAN
CONDOM,ATLOCATION,BEDROOM
BUREAU,ATLOCATION,EACHCITY
EVERYTHING,ATLOCATION,UNIVERSE
GARBAGE,ATLOCATION,GARBAGETRUCK
CHEQUEBOOK,ATLOCATION,ENGLAND
GARPAGE,ATLOCATION,FLOOR
COMB,ATLOCATION,SUITCASE
BEANBAGCHAIR,ATLOCATION,OFFICEMAX
DICTIONARIES,ATLOCATION,LIBRARY
FRUIT,ATLOCATION,CONTAINER
HALL,ATLOCATION,SCHOOL
COBBWEBS,ATLOCATION,CORNER
CARWASH,ATLOCATION,GASSTATION
CONTRACEPTIVE,ATLOCATION,HEALTHCENTER
ARTICLE,ATLOCATION,NEWSPAPER
DELEGATE,ATLOCATION,CONFERENCE
DRUM,ATLOCATION,CHILD'SROOM
FAUCETOVERFLOW,ATLOCATION,SINK
BICYCLE,ATLOCATION,LAB
BASEBALLSTADIUM,ATLOCATION,URBANAREAS
GELTOOTHPASTE,ATLOCATION,WALMART
FIVEANDTENSTORE,ATLOCATION,SMALLTOWN
EDGER,ATLOCATION,GARAGE
BLOWDRYER,ATLOCATION,SALON
BUSSHELTER,ATLOCATION,BUSSTATION
CHAIRS,ATLOCATION,FLOOR
APPLESAUCE,ATLOCATION,JAR
BATHROOM,ATLOCATION,SHOWROOM
BATBOY,ATLOCATION,WEEKLYWORLDNEWS
COW,ATLOCATION,MEATGRINDER
CHURCHYARD,ATLOCATION,COUNTRYSIDE
APPLE,ATLOCATION,ORCHARD
DROPOFF,ATLOCATION,WATERFALL
CHAIN,ATLOCATION,HARDWARESTORE
COMFORTER,ATLOCATION,WASHINGMACHINE
BROKENBARRELS,ATLOCATION,WATERFALL
CANVAS,ATLOCATION,ARTSUPPLYSTORE
BALLS,ATLOCATION,PARK
BAND,ATLOCATION,FRIEND'SWEDDING
COUPLE,ATLOCATION,WEDDING
CARDCASE,ATLOCATION,OFFICE
COIN,ATLOCATION,PURSE
CATIN,ATLOCATION,STREET
ALTER,ATLOCATION,CHURCH
BOOKIE,ATLOCATION,SPORTINGEVENT
HOME,ATLOCATION,MICHIGAN
FEATHERIN,ATLOCATION,BIRD
GARAGE,ATLOCATION,HOUSE
CEREAL,ATLOCATION,PANTRY
FUNGUS,ATLOCATION,DARKWARMPLACE
GAZELLE,ATLOCATION,AMERICANZOO
COP,ATLOCATION,ROADBLOCK
FROZENFOODS,ATLOCATION,REFRIGERATOR
CARPET,ATLOCATION,CARPETSHOP
CARDTURNSTILE,ATLOCATION,SUBWAYSTATION
FARM,ATLOCATION,NEBRASKA
CALL,ATLOCATION,USINGTELEPHONE
CHESSBISHOP,ATLOCATION,CHESSBOARD
BEE,ATLOCATION,FIELDOFFLOWERS
BROWNSTONE,ATLOCATION,NEWYORK
CAT,ATLOCATION,ART
BROKENGLASS,ATLOCATION,BEACH
BOOK,ATLOCATION,ROW
COPY,ATLOCATION,NEWSPAPER
GUMUNDERSEAT,ATLOCATION,BUS
HARDWARESTORE,ATLOCATION,SHOPPINGMALL
FISH,ATLOCATION,LAKE
FISH,ATLOCATION,RESTURANT
HEIFER,ATLOCATION,MEATLOAF
BALDEAGLE,ATLOCATION,NATIONALEMBLEM
FICUS,ATLOCATION,PLANTER
BADSMELL,ATLOCATION,FRIDGE
CRAB,ATLOCATION,COASTALAREA
FLIES,ATLOCATION,DOGPOUND
ARMCHAIR,ATLOCATION,FURNITURESTORE
HOTDOGVENDOR,ATLOCATION,BEACH
DENTURES,ATLOCATION,MOUTH
ENTRANCEHALL,ATLOCATION,HOUSE
CAT,ATLOCATION,TEXAS
EYEGLASSESCASE,ATLOCATION,EYEGLASSES
CREATURE,ATLOCATION,BLACKLAGOON
ARCH,ATLOCATION,ANCIENTROME
FORK,ATLOCATION,KITCHENDRAWER
FLASK,ATLOCATION,LABORATORY
CHILDREN'SART,ATLOCATION,FRIDGE
BAZAAR,ATLOCATION,SHOPS
BEAM,ATLOCATION,METALSHOP
FUNGUS,ATLOCATION,EXPIREDFOOD
HAIRSHAPINGGEL,ATLOCATION,DRUGSTORE
APPLE,ATLOCATION,REFRIGERATOR
CHURCHYARD,ATLOCATION,CHURCH
CAT,ATLOCATION,KITCHEN
HIGHLIGHTER,ATLOCATION,CAMPUSBOOKSTORE
CEREAL,ATLOCATION,CABINET
ELECTRICFAN,ATLOCATION,OFFICE
COUPON,ATLOCATION,NEWSPAPER
GOVERNMENT,ATLOCATION,CIVILIZATION
GUN,ATLOCATION,WAR
HEATEDTOWELRACK,ATLOCATION,MASAGEPARLOR
HIGHBALLGLASSES,ATLOCATION,BAR
FOX,ATLOCATION,A
DENIM,ATLOCATION,JEANFACTORY
HAT,ATLOCATION,HATSTAND
FERRET,ATLOCATION,PERSHOP
FUNGUS,ATLOCATION,REFRIDGERATOR
CHUCKOFHASH,ATLOCATION,CONCERT
COMPANIONSHIP,ATLOCATION,MARRIAGE
BELTS,ATLOCATION,CLOSET
GLUE,ATLOCATION,CABINET
BILL,ATLOCATION,ENVELOPE
EGGSHELLS,ATLOCATION,TRASH
HAPPINESS,ATLOCATION,CELEBRATION
BEAKER,ATLOCATION,LABORATORY
APPLETREE,ATLOCATION,NORTHCAROLINA
BEE,ATLOCATION,FLOWER'SBLOSSOM
ALCOHOLICS,ATLOCATION,BAR
CHILD,ATLOCATION,SCAREDANDLONELY
CANVAS,ATLOCATION,ARTGALLERY
BUG,ATLOCATION,MEADOW
DIRT,ATLOCATION,OLDCARPET
CAT,ATLOCATION,ISTANBULSTREETS
CEMETERY,ATLOCATION,FIELD
FUNGUS,ATLOCATION,PENICILLIN
HARDPALATE,ATLOCATION,MOUTH
CAT,ATLOCATION,CANADA
BUMS,ATLOCATION,BUSSTOP
FORK,ATLOCATION,UNTENSILDRAWER
FORKLIFT,ATLOCATION,FACTORY
BASEBALLFIELD,ATLOCATION,JAPANORAMERICA
CAT,ATLOCATION,BACKALLEY
GINSENG,ATLOCATION,MEDICINECHEST
CHESSKNIGHT,ATLOCATION,GAMEROOM
FAMILIES,ATLOCATION,SUPERMARKET
DIARY,ATLOCATION,FRIEND'SHOUSE
COFFEEMAKER,ATLOCATION,OFFICE
COLUMN,ATLOCATION,SPREADSHEET
BALCONY,ATLOCATION,OPERAHOUSE
CAN,ATLOCATION,CUPBOARD
CARDBOARDBOX,ATLOCATION,HOUSE
DECKSOFCARDS,ATLOCATION,TOYSTORE
ENZYMES,ATLOCATION,MOUTH
CLASSROOM,ATLOCATION,SCHOOLBUILDING
BEERGUY,ATLOCATION,SPORTINGEVENT
BAGGAGETRUNK,ATLOCATION,RAILWAYSTATION
HOUSEHOLDGOODS,ATLOCATION,SHOP
DOCTOR,ATLOCATION,CLINIC
COFFEE,ATLOCATION,CONFERENCE
CARAFE,ATLOCATION,JUNGLE
CRACKERCRUNBS,ATLOCATION,BED
HAIRGEL,ATLOCATION,BOTTLE
HOTTABLE,ATLOCATION,KITCHEN
BOOK,ATLOCATION,COFFEETABLE
CORPSE,ATLOCATION,GRAVE
COIL,ATLOCATION,CIRCUIT
BALLS,ATLOCATION,SPORTINGEVENT
BURNER,ATLOCATION,OVEN
CHILD'SCARSEAT,ATLOCATION,BACKSEATOFCAR
EYE,ATLOCATION,POTATO
DOCTOR,ATLOCATION,MEDICALSCHOOL
BUTTER,ATLOCATION,FRIDGE
HAMMER,ATLOCATION,HARDWARESTORE
BOOKSTORE,ATLOCATION,CARPETING
CELL,ATLOCATION,JAIL
DISPOSABLERAZOR,ATLOCATION,TRAVELLINGKIT
BILL,ATLOCATION,WALLET
FOX,ATLOCATION,EUROPE
BARITONE,ATLOCATION,SINGINGGROUP
BUMBLEBEE,ATLOCATION,MEADOW
CLOTHING,ATLOCATION,SHOP
HOOKER,ATLOCATION,TOWN
CHATROOMS,ATLOCATION,INTERNETCAFE
BULLET,ATLOCATION,POLICEMAN'SGUN
CROSSROADS,ATLOCATION,JOURNEY
CINDERELLA,ATLOCATION,DISNEYLAND
CRAB,ATLOCATION,CRABSALAD
BANDAGING,ATLOCATION,MEDICINECHEST
ANCHOR,ATLOCATION,ENDOFLINE
CAT,ATLOCATION,CLOTHESBASKET
CLUE,ATLOCATION,DRAWER
ACTOR,ATLOCATION,TELEVISION
AIRPLANES,ATLOCATION,WAR
CANAL,ATLOCATION,AMSTERDAM
FUNGUS,ATLOCATION,WARMDAMPPLACE
CHILD,ATLOCATION,FAMILY
HILIGHTERS,ATLOCATION,CABINET
FAMI,ATLOCATION,FRIEND'SWEDDING
CLUBCHAIR,ATLOCATION,PLACE
FOLDINGCUP,ATLOCATION,BACKPACK
COMB,ATLOCATION,POCKET
CHARACTER,ATLOCATION,PLAYINPROGRAM
CRAB,ATLOCATION,SHALLOWWATERS
BALL,ATLOCATION,SPORT
BOOKSANDTAPES,ATLOCATION,BOOKSTORE
BEINGCOOKED,ATLOCATION,OVEN
EXPRESSWAY,ATLOCATION,LARGECITY
FOLDINGCHAIR,ATLOCATION,AUDITORIUM
DOORWITHLOCK,ATLOCATION,HOUSE
CAT,ATLOCATION,KITTYLITTERBIN
HORSE,ATLOCATION,HORCERACING
ALCOHOLIC,ATLOCATION,PARK
FEATURE,ATLOCATION,SURFACEOFEARTH
ADHESIVEBANDAGE,ATLOCATION,FIRSTAIDKIT
CHAIR,ATLOCATION,NEIGHBOR'SHOUSE
GAYPEOPLE,ATLOCATION,GAYCLUB
BUG,ATLOCATION,GARDEN
AMERICANFLAG,ATLOCATION,SUFACEOFMOON
ASTRONAUTS,ATLOCATION,SUFACEOFMOON
COACHSEAT,ATLOCATION,BACKOFAIRPLANE
FLOOR,ATLOCATION,ALLBUILDINGS
DIVIDERS,ATLOCATION,CABINET
FAN,ATLOCATION,FOOTBALLSTADIUM
FUNGUS,ATLOCATION,DIRT
BICYCLE,ATLOCATION,NETHERLANDS
COURTHOUSE,ATLOCATION,TOWN
COW,ATLOCATION,RURALAREA
BALDEAGLE,ATLOCATION,REFUGE
GASES,ATLOCATION,SPACE
COASTERS,ATLOCATION,DRAWER
DISH,ATLOCATION,PANTRY
BRIDGEARCH,ATLOCATION,MAJORCITY
FICUS,ATLOCATION,WETPLACES
BLOWDRYER,ATLOCATION,BEAUTYSALON
COMPUTERUSER,ATLOCATION,OFFICE
FALLLEAVES,ATLOCATION,STREET
COFFEEMUG,ATLOCATION,CUPBOARD
CORD,ATLOCATION,HOSPITAL
BASEBALLSTADIUM,ATLOCATION,LARGECITY
CASHREGISTER,ATLOCATION,PIZZASTORE
CENTERPIECE,ATLOCATION,TABLE
ATTIC,ATLOCATION,OWNHOME
FUNGUS,ATLOCATION,DAMPSPOT
BAGOFPOPCORN,ATLOCATION,MOVIES
CAVE,ATLOCATION,BATS
FOX,ATLOCATION,VIRGINIA
CHARACTERISTIC,ATLOCATION,PERSON
BARSTOOL,ATLOCATION,DRUNKER
BOOKSHOP,ATLOCATION,TOWN
GONG,ATLOCATION,MUSICSTORE
FOOD,ATLOCATION,KITCHEN
COURT,ATLOCATION,PARK
DEVIL,ATLOCATION,HELL
CARDBOARD,ATLOCATION,WAREHOUSE
GARBAGECAN,ATLOCATION,GARAGE
BAG,ATLOCATION,SHOPPINGMALL
ANTIHISTAMINE,ATLOCATION,MEDICINECHEST
BRIDGE,ATLOCATION,FLORIDA
COMPUTERPANEL,ATLOCATION,SPACESHUTTLE
CARDS,ATLOCATION,TOYSTORE
GOLDFISH,ATLOCATION,FRESHWATER
EXAMTABLE,ATLOCATION,DOCTOR'SOFFICE
BIGDIPPER,ATLOCATION,SKY
CORALREEF,ATLOCATION,BOTTOMOFSEA
HIGHLIGHTERPEN,ATLOCATION,OFFICE
CASHCOIN,ATLOCATION,CASHREGISTER
DEBATE,ATLOCATION,UNIVERSITY
BALLPOINTPEN,ATLOCATION,BOOKSACK
CASTANETS,ATLOCATION,BAND
GROUPOFFRIENDS,ATLOCATION,PARTY
COACHSEAT,ATLOCATION,AIRPLANE
APPLETREE,ATLOCATION,GROUND
EXCAVATION,ATLOCATION,CITY
BEE,ATLOCATION,BEEKEEPER'SYARD
GERMS,ATLOCATION,MOUTH
CUPOFCOFFEE,ATLOCATION,OFFICE
DRINKS,ATLOCATION,BAR
CADAVERS,ATLOCATION,WAR
CAPITAL,ATLOCATION,EUROPE
ELECTRICSOCKET,ATLOCATION,LAMP
FOOTPRINTS,ATLOCATION,GROUND
CUSHIONS,ATLOCATION,SOFA
HORSERACES,ATLOCATION,FAIRGROUNDS
EIFFELTOWER,ATLOCATION,EUROPE
GRAPE,ATLOCATION,GROCERYCART
CHOKER,ATLOCATION,BOUTIQUE
BRIDGE,ATLOCATION,MOUTH
BALL,ATLOCATION,SNOOKERTABLE
APPLES,ATLOCATION,FARMERSMARKET
DATA,ATLOCATION,STORAGEMEDIA
DRINK,ATLOCATION,BACKPACK
ACCOUNTBOOK,ATLOCATION,DESKDRAWER
CONDOMINIUM,ATLOCATION,TOWELS
AIRTICKET,ATLOCATION,BRIEFCASE
FOOD,ATLOCATION,PLATE
BANK,ATLOCATION,SECUREPLACE
CLOTHING,ATLOCATION,TRUNK
FILEGUIDE,ATLOCATION,CABINET
HEATINGROOM,ATLOCATION,BASEMENT
CHANGE,ATLOCATION,BACKSEATOFCAR
CANDY,ATLOCATION,SUPERMARKET
BOWL,ATLOCATION,CUBBOARD
AIRPLANES,ATLOCATION,AIRCRAFTCARRIER
COAL,ATLOCATION,UNDERGROUND
GOD,ATLOCATION,OFFICE
CARDCASE,ATLOCATION,BRIEFCAS
FAMILIES,ATLOCATION,WEDDING
GUN,ATLOCATION,GUNSHOP
CORNERGROCERY,ATLOCATION,ILLINOIS
FISH,ATLOCATION,CORALREEF
DISEASE,ATLOCATION,RUG
CHEQUE,ATLOCATION,RESTRAUNT
ASPHALT,ATLOCATION,FREEWAY
CANNEDFOOD,ATLOCATION,PANTRY
DIAMOND,ATLOCATION,JEWELRYSTORE
DRUG,ATLOCATION,PHARMACY
BOOKMARKS,ATLOCATION,CLASS
COOKIEJAR,ATLOCATION,SHELF
BUNSUNBURNER,ATLOCATION,LABORATORY
FICUS,ATLOCATION,PUBLICMALL
BED,ATLOCATION,HOTELROOM
CUPOFCOFFEE,ATLOCATION,COFFEESHOP
ATTACHCASE,ATLOCATION,HANDSOFTRAVELER
CABBAGE,ATLOCATION,MARKET
COALMINE,ATLOCATION,SURFACEOFEARTH
CONDO,ATLOCATION,HAWAII
EMPLOYEES,ATLOCATION,OFFICE
CRABBYBOSS,ATLOCATION,OFFICE
FISHINGSMACK,ATLOCATION,SEA
CHAMOIS,ATLOCATION,GARAGE
FRUIT,ATLOCATION,REFRIGERATOR
GLASS,ATLOCATION,DININGROOM
ACOUSTICGUITAR,ATLOCATION,MUSICROOM
CLAVICHORD,ATLOCATION,MUSICHALL
CARPETING,ATLOCATION,HOUSES
CRAB,ATLOCATION,MARYLAND
CRYINGCHILDREN,ATLOCATION,FAIR
FRUIT,ATLOCATION,TREE
CONFUSION,ATLOCATION,CLASS
COW,ATLOCATION,SLAUGHTERHOUSE
DININGTABLE,ATLOCATION,HOUSE
CAPTAIN,ATLOCATION,BRIDGEOFSHIP
HAIRCLOTH,ATLOCATION,BATHROOM
APPOINTMENTBOOK,ATLOCATION,POCKET
CORRESPONDENCE,ATLOCATION,DRAWER
HORSESHOECRABS,ATLOCATION,BEACH
CHESSSET,ATLOCATION,MICHIGAN
DOG,ATLOCATION,BACKYARD
CURTAINS,ATLOCATION,THEATRE
CANNEDFOOD,ATLOCATION,CABINET
GLASSBAKERS,ATLOCATION,LABORATORY
DRINKINGWATER,ATLOCATION,WATERFOUNTAIN
ALCOHOLIC,ATLOCATION,BRIDGE
GROCERY,ATLOCATION,SUPERMARKET
HINGEDDOOR,ATLOCATION,DOORWAY
ENTRANCEFEE,ATLOCATION,STATEPARK
EGG,ATLOCATION,FRIDGE
COWPASTURE,ATLOCATION,COUNTRYSIDE
FOLDINGDOOR,ATLOCATION,BEDROOM
BOOKWORMS,ATLOCATION,LIBRARY
COAT,ATLOCATION,COATCLOSET
CHILD'SDRAWING,ATLOCATION,FRIDGE
ADULTERY,ATLOCATION,FRIEND'SWEDDING
BOXOFCHALK,ATLOCATION,SCHOOL
DIMSUM,ATLOCATION,PLATE
EYE,ATLOCATION,MAMMAL
GUINEAPIG,ATLOCATION,LABORATORY
CHURCH,ATLOCATION,TENESSEE
EGG,ATLOCATION,SUPERMARKET
BANANAPEEL,ATLOCATION,WASTEBIN
HAIR,ATLOCATION,SIDENOSE
CABLE,ATLOCATION,DESK
HAIR,ATLOCATION,WIG
COLUMN,ATLOCATION,PANTHEON
BAGGAGECHECK,ATLOCATION,AIRPORT
DIAPERCOUPONS,ATLOCATION,MAILBOX
GOVERNMENT,ATLOCATION,CONTROL
CALENDARPAD,ATLOCATION,OFFICE
CITY,ATLOCATION,DISARRAY
BALDEAGLE,ATLOCATION,PINETREE
BILLS,ATLOCATION,MAILBOX
HICKS,ATLOCATION,CARSHOW
APPLETREE,ATLOCATION,MATHPROBLEM
COTTONCANDY,ATLOCATION,FAIR
GAZELLE,ATLOCATION,LIBYA
FOYER,ATLOCATION,BUILDING
HILL,ATLOCATION,VALLEY
BICYCLES,ATLOCATION,PARK
HEIFER,ATLOCATION,SEMITRAILER
HOTDOGSTAND,ATLOCATION,FAIR
DENTALOFFICE,ATLOCATION,STREET
COURTROOM,ATLOCATION,CONFESSION
CHESSSET,ATLOCATION,DRAWER
CEREAL,ATLOCATION,CUPBOARD
GRASS,ATLOCATION,SOCCERGAME
HAPPYPEOPLE,ATLOCATION,CARNIVAL
AIRCONDITIONING,ATLOCATION,HOUSE
BATHROOM,ATLOCATION,LIBRARY
BALCONY,ATLOCATION,THEATER
BURLAP,ATLOCATION,POTATOSHED
BALDEAGLE,ATLOCATION,CLIFF
HEART,ATLOCATION,HOSPITAL
HERPATOLOGIST,ATLOCATION,ZOO
DARKGLASSES,ATLOCATION,BLINDPERSON
FICUS,ATLOCATION,MIDDLEEAST
FETUS,ATLOCATION,JAR
CAKES,ATLOCATION,STORE
EMPLOYEES,ATLOCATION,WORKPLACES
ATTACHECASE,ATLOCATION,OFFICE
CDS,ATLOCATION,DRAWER
CRAB,ATLOCATION,TIDEPOOL
FERRET,ATLOCATION,DELAWAERE
DISCO,ATLOCATION,TOWN
BOARDGAME,ATLOCATION,TOYSHOP
GRAPEJUICE,ATLOCATION,REFRIGERATOR
EXPRESSWAY,ATLOCATION,CANADA
GAME,ATLOCATION,FAMILYROOM
ABYSS,ATLOCATION,BOTTOMOFSEA
GAZELLE,ATLOCATION,ACTOFRUNNING
AISLE,ATLOCATION,SANCTUARY
CAT,ATLOCATION,NATURE
CAT,ATLOCATION,CATNIP
FICUS,ATLOCATION,DOCTOR'SOFFICE
COMPUTERS,ATLOCATION,SPACESHUTTLE
HAIRCLIP,ATLOCATION,DRAWER
HARMONICA,ATLOCATION,MUSICSTORE
CHESSQUEEN,ATLOCATION,CHESSESET
CONCESSIONSTAND,ATLOCATION,STATEPARK
CHILD'SDREAM,ATLOCATION,TOYSTORE
AIR,ATLOCATION,SUPERMARKET
DOORWAY,ATLOCATION,CASTLE
FUNGUS,ATLOCATION,LAWN
HOLE,ATLOCATION,OLDSOCK
ARTILLERYSHELLS,ATLOCATION,WAR
FISHINGPOLE,ATLOCATION,BOAT
HOIST,ATLOCATION,BOATHOUSE
BALALAIKA,ATLOCATION,ORCHESTRA
CAT,ATLOCATION,BARN
CARROTS,ATLOCATION,FARMER'SMARKET
GUN,ATLOCATION,HOLSTER
GRAPE,ATLOCATION,FRUITBASKET
AIRCRAFT,ATLOCATION,SKY
BIRD,ATLOCATION,TREE
DOCUMENTFOLDER,ATLOCATION,OFFICE
CUP,ATLOCATION,COUNTER
BALL,ATLOCATION,BEACH
CASTLE,ATLOCATION,EDINBURGH
FUNGUS,ATLOCATION,ARMPITS
HANDGUN,ATLOCATION,HANDSOFCRIMINAL
CLIP,ATLOCATION,OFFICE
BLOWFISH,ATLOCATION,PLATE
BOOKSHELF,ATLOCATION,LIBRARY
HARDWARESTORE,ATLOCATION,STRIPMALL
HOTTAP,ATLOCATION,BATHROOM
DELIRESTAURANT,ATLOCATION,INDUSTRIALPARK
BROKENCARS,ATLOCATION,REPAIRSHOP
GARDENHOSE,ATLOCATION,HARDWARESTORE
FLIGHTBAG,ATLOCATION,AIRCRAFT
CHAIR,ATLOCATION,FRIEND'SHOUSE
BUFFET,ATLOCATION,RECEPTIONHAL
BASSFIDDLE,ATLOCATION,COUNTRYBAND
BEINGCONTAINED,ATLOCATION,CONTAINER
COMMONSENSE,ATLOCATION,OPENMIND
FOX,ATLOCATION,FURRIERSSHOP
BALDEAGLE,ATLOCATION,US
FRONTDOOR,ATLOCATION,HOUSE
FICUS,ATLOCATION,OFFICE
FILEFOLDER,ATLOCATION,CABINET
CUP,ATLOCATION,CAFE
CONDOMINIUM,ATLOCATION,TOWN
CROQUETGAME,ATLOCATION,LAWN
BROOK,ATLOCATION,MICHIGAN
FLASHLIGHT,ATLOCATION,SUITCASE
ENTREE,ATLOCATION,PLATE
ATOMICNUMBERS,ATLOCATION,CHEMISTRYLAB
CURLINGIRON,ATLOCATION,BEAUTYSALON
GARMENT,ATLOCATION,SUITCASE
FACTORY,ATLOCATION,RUSSIA
ASHTRAY,ATLOCATION,BAR
BEAVER,ATLOCATION,BEAVERWARREN
EATINGPLACE,ATLOCATION,BIGCITY
FOULARD,ATLOCATION,MENSWEARSHOP
FOUNTAIN,ATLOCATION,CITY
APPLETREE,ATLOCATION,VINEYARD
COATHANGER,ATLOCATION,CLOSET
FARMLAND,ATLOCATION,FLORIDA
CHESSROOK,ATLOCATION,CHESSGAME
DECANTER,ATLOCATION,RESTAURANT
GAMESOFCHANCE,ATLOCATION,CARNIVAL
CRAB,ATLOCATION,CRABBISQUE
BEAVER,ATLOCATION,VICINTYOFWATER
BOOKSHOP,ATLOCATION,SHOPPINGCENTER
CHILD,ATLOCATION,CRECHE
BOOKCASE,ATLOCATION,HOMW
CAT,ATLOCATION,OWNER'SHOME
DUST,ATLOCATION,CLOSET
GRASS,ATLOCATION,COUNTRY
DYNAMITE,ATLOCATION,MININGSUPPLIES
BOTTTLES,ATLOCATION,CELLAR
BRASSFAMILY,ATLOCATION,ORCHESTRA
FACTORY,ATLOCATION,INDUSTRIALPARK
FREEWAY,ATLOCATION,AMERICA
ANEMONE,ATLOCATION,MAMMOTHSBUTT
DECEASEDPERSON,ATLOCATION,FUNERAL
BOOKSHOP,ATLOCATION,MALL
EXPRESSWAY,ATLOCATION,CITY
GAYMEN,ATLOCATION,CLOSET
FIREPLACE,ATLOCATION,LIVINGROOM
HIGHLIGHTERPEN,ATLOCATION,STUDENT'SDESK
GUESTS,ATLOCATION,FRIEND'SWEDDING
GIFTSHOP,ATLOCATION,MUSEUM
CLOSET,ATLOCATION,COATS
FALLINGBIRDPOOP,ATLOCATION,SKY
BAGGAGE,ATLOCATION,TRAINSTATION
GUEST,ATLOCATION,FRONTDOOR
BROKENCARS,ATLOCATION,MECHANIC'SSHOP
FADEDBYSUN,ATLOCATION,WINDOWSILL
HEIFER,ATLOCATION,ALBERTA
BENEFIT,ATLOCATION,REGULAREXERCISE
BUS,ATLOCATION,SEATS
HAIRCAREARTICLE,ATLOCATION,HAIRMAGAZINE
CONTAINER,ATLOCATION,CARGOSHIP
COLLEGESTUDENT,ATLOCATION,COLLEGETOWN
BITSOFGLASS,ATLOCATION,FREEWAY
BLOWFISH,ATLOCATION,HOOTIESBAND
GEOGRAPHY,ATLOCATION,SURFACEOFEARTH
CORNONCOB,ATLOCATION,FARMER'SMARKET
GRAPEJELLY,ATLOCATION,JAR
COCKTAILCABINET,ATLOCATION,HOTEL
ALMONDBUTTER,ATLOCATION,JAR
COTTAGECHEESE,ATLOCATION,PLATE
HEAVEN'SGATE,ATLOCATION,INDIA
CARD,ATLOCATION,STATIONERYSTORE
FLOUNDERS,ATLOCATION,BOTTOMOFSEA
CLOTHES,ATLOCATION,CLOSET
ANIMALS,ATLOCATION,SURFACEOFEARTH
DESKTRAY,ATLOCATION,HOUSE
BLANKETING,ATLOCATION,LINENCLOSET
HOMEOFFICE,ATLOCATION,HOUSE
BOAT,ATLOCATION,BAY
CALANDERS,ATLOCATION,BOOKSTORE
BRIEFCASE,ATLOCATION,OFFICEBUILDING
BREAD,ATLOCATION,SANDWICH
DELISTORE,ATLOCATION,SUPERMARKET
GUARDS,ATLOCATION,JAIL
ACTORS,ATLOCATION,THEATER
BALLOONS,ATLOCATION,DISNEYLAND
ARTLOVERS,ATLOCATION,ARTSHOW
DISNEYLAND,ATLOCATION,ORLANDOFLORIDA
DOUGHNUTS,ATLOCATION,DUNKINDONUTS
HAT,ATLOCATION,CLOSET
BLUECAR,ATLOCATION,STREET
FISHER,ATLOCATION,BOAT
BUGLE,ATLOCATION,ARMYCORPS
GINKGO,ATLOCATION,MEDICINECHEST
BANJO,ATLOCATION,JUGBAND
COPSWITHGUNS,ATLOCATION,ROADBLOCK
ALBUM,ATLOCATION,BOOKSHELF
CAR,ATLOCATION,LAND
FILE,ATLOCATION,COMPUTER
BUFFET,ATLOCATION,CAFE
COLLEGE,ATLOCATION,BUILDING
CURTAIN,ATLOCATION,WINDOW
BAGOFCHIPS,ATLOCATION,SUPERMARKET
FIREPLACE,ATLOCATION,HOME
GONG,ATLOCATION,CHINESETEMPLE
HORSE,ATLOCATION,HORSESHOW
GARDENHOSE,ATLOCATION,TOOLSHED
BAZAAR,ATLOCATION,ARABIA
CAT,ATLOCATION,BAG
CRAB,ATLOCATION,TREE
FORK,ATLOCATION,RESTURANT
ANEMONE,ATLOCATION,SEAWATER
BUNSENBURNER,ATLOCATION,LABORATORY
GENERALS,ATLOCATION,WAR
CENTERPIECES,ATLOCATION,PARTY
GALLERY,ATLOCATION,MIDDLEOFTOWN
COURT,ATLOCATION,LAWYER
HOCKEYSTANDINGS,ATLOCATION,NEWSPAPER
ASHES,ATLOCATION,TRASH
DIRT,ATLOCATION,RACETRACK
DEBITCARD,ATLOCATION,WALLETORPURSE
BANDAIDES,ATLOCATION,CABINET
AMUSEMENT,ATLOCATION,CIRCUS
CLOUD,ATLOCATION,NIGHTORDAY
CANOFSODA,ATLOCATION,PICNICCOOLER
COW,ATLOCATION,BOOK
HIGHRISE,ATLOCATION,DETROIT
GYM,ATLOCATION,SCHOOL
APPLES,ATLOCATION,SHOP
HELIUMBALLOON,ATLOCATION,PARADE
BASEBALLFIELD,ATLOCATION,COUNTRY
BOMBS,ATLOCATION,BOMBER
COLDWATER,ATLOCATION,REFRIGERATOR
BATTELFIELD,ATLOCATION,WAR
BASEBALLSTADIUM,ATLOCATION,CHICAGO
BEAVER,ATLOCATION,MONTANA
ALTAR,ATLOCATION,SYNAGOGUE
BICYCLE,ATLOCATION,TOYSTORE
BOOKSHOP,ATLOCATION,TOWNORCITY
COMPAS,ATLOCATION,BACKPACK
DINER,ATLOCATION,SMALLTOWN
EARTH,ATLOCATION,ORBIT
DOG,ATLOCATION,PETSTORE
BEANBAGCHAIR,ATLOCATION,PERSON'SHOME
FEET,ATLOCATION,TABLE
GERM,ATLOCATION,MOUTH
DIRST,ATLOCATION,RUG
DOMEARCH,ATLOCATION,ROME
ANEMONE,ATLOCATION,CATALOG
DRESSER,ATLOCATION,SECONDHANDSHOP
FOODBEINGCOOKED,ATLOCATION,OVEN
HIGHRISE,ATLOCATION,RESIDENTIALAREA
CHILD'SPUZZLE,ATLOCATION,TOYSTORE
FORKLIFT,ATLOCATION,WAREHOUSE
BIBLE,ATLOCATION,ATHOTEL
CLEANSOCKS,ATLOCATION,SUITCASE
CARDS,ATLOCATION,CASINO
BBQ,ATLOCATION,BACKYARD
FURNITURE,ATLOCATION,BUILDING
GRAPE,ATLOCATION,VINERY
DEODORANT,ATLOCATION,BATHROOMCABINET
FOODCAN,ATLOCATION,GROCERYSTORE
COFFEEMAKER,ATLOCATION,KITCHEN
DOUBLEKNIT,ATLOCATION,CLOTHINGSTORE
CAGES,ATLOCATION,LABORATORY
BOXOFFICE,ATLOCATION,THEATERDISTRICT
HORSE,ATLOCATION,RACETRACK
DOG,ATLOCATION,DOGHOUSE
FUNGUS,ATLOCATION,CAVE
FATWOMEN,ATLOCATION,OPERA
BUSINESS,ATLOCATION,BIGCITY
DRIVEWAY,ATLOCATION,NEIGHBORHOOD
HOTCOFFEE,ATLOCATION,COFFEEPOT
BEVERAGESERVICE,ATLOCATION,CAFETERIA
CAPTAINANDCREW,ATLOCATION,BOAT
FAUCET,ATLOCATION,SINK
GLUE,ATLOCATION,BOTTLEORTUBE
HANDLUGGAGE,ATLOCATION,AIRPLANE
CONVERSATION,ATLOCATION,WATERCOOLER
HEIFER,ATLOCATION,SLAUGHTERHOUSE
FUZZ,ATLOCATION,RUG
AUDIENCE,ATLOCATION,AUDITORIUM
COW,ATLOCATION,OUTDOORS
DRIVEWAY,ATLOCATION,SUBDIVISION
ANEMONE,ATLOCATION,SALTWATERTANK
CAT,ATLOCATION,ARMS
CANNEDFOOD,ATLOCATION,CUPBOARD
BEE,ATLOCATION,CAR
CLASS,ATLOCATION,SCHOOL
CORN,ATLOCATION,SUCCOTASH
CURTAIN,ATLOCATION,HOUSE
CUSTOMERS,ATLOCATION,MARKET
CROSSROADS,ATLOCATION,TRAFFICLIGHTS
GRAPE,ATLOCATION,WINE
CHARCOAL,ATLOCATION,BARBECUE
DRUM,ATLOCATION,EAR
GLUE,ATLOCATION,GARAGE
CRAB,ATLOCATION,CRABSTEW
CDPLAYER,ATLOCATION,FRIEND'SHOUSE
BEANS,ATLOCATION,CAN
CHANNEL,ATLOCATION,TOWN
GAMBLER,ATLOCATION,RACETRACK
BEE,ATLOCATION,OUTDOORS
CAT,ATLOCATION,PETSHOP
BOOK,ATLOCATION,CLOSET
CLOTHINGSHELF,ATLOCATION,CUPBOARD
DOMEARCH,ATLOCATION,CATHEDRAL
ANEMONE,ATLOCATION,JAPAN
HOMEAPPLIANCE,ATLOCATION,REPAIRSHOP
COOKIECRUMBS,ATLOCATION,RUG
FISH,ATLOCATION,FISHTANK
CLOTHLINING,ATLOCATION,SUITCASE
HARBOR,ATLOCATION,BOAT
CONVERSATION,ATLOCATION,INTERNETCAFE
BROOK,ATLOCATION,GLENN
BEANBAGCHAIR,ATLOCATION,FLOOR
CRINOLINE,ATLOCATION,PETTICOAT
FLOOR,ATLOCATION,LIBRARY
AERIALBOMB,ATLOCATION,WAR
BOOK,ATLOCATION,SCHOOLROOM
FUNGUS,ATLOCATION,SHADYWOODS
DRUGDOG,ATLOCATION,AIRPORT
FANS,ATLOCATION,SOCCERGAME
BIBLE,ATLOCATION,HOTEL
GAME,ATLOCATION,CASINO
FAUCET,ATLOCATION,BATHROOM
HELPFORTEETH,ATLOCATION,DENTIST
BINDER,ATLOCATION,CLASSROOM
COINSLOT,ATLOCATION,PARKINGMETER
BROKENGLASS,ATLOCATION,STREET
COFFEE,ATLOCATION,RESTURANT
CLOCK,ATLOCATION,AIRPORT
FREEWAY,ATLOCATION,LARGECITY
FLASHLIGHTS,ATLOCATION,BACKPACK
FORK,ATLOCATION,ROAD
EDITORIAL,ATLOCATION,NEWSPAPER
CASKET,ATLOCATION,FUNERAL
ATHLETE,ATLOCATION,LOCKERROOM
CINEMA,ATLOCATION,TOWN
DEADBIRD,ATLOCATION,STREET
FUNGUS,ATLOCATION,DARKMOISTAREAS
BALDEAGLE,ATLOCATION,OPENCOUNTRY
BALDEAGLE,ATLOCATION,MINNESOTA
BEAVER,ATLOCATION,WILDERNESS
CALCULATOR,ATLOCATION,WRISTWATCH
COINPURSE,ATLOCATION,PURSE
CRAB,ATLOCATION,ESTUARY
COLDMEDICINE,ATLOCATION,DRUGSTORE
CONTROLWIRES,ATLOCATION,PLANE
EQUATIONS,ATLOCATION,BLACKBOARD
CONTAINERCAN,ATLOCATION,LIQUID
COW,ATLOCATION,INDIANA
CUPOFCOFFEE,ATLOCATION,DELI
CARAFE,ATLOCATION,RESTARANTE
ELMTREE,ATLOCATION,FOREST
BEE,ATLOCATION,SODA
BENGALCHUTNEY,ATLOCATION,JAR
CASHBILL,ATLOCATION,WALLET
FAN,ATLOCATION,LIVINGROOM
BOOK,ATLOCATION,BOOKSHELVES
AMUSEMENTRIDE,ATLOCATION,CARNIVAL
DISPLAYCABINET,ATLOCATION,SHOP
BUFFBODIES,ATLOCATION,GYM
BUGS,ATLOCATION,WOODS
FERRET,ATLOCATION,MOVIE
HANDBAG,ATLOCATION,WOMAN'SCLOSET
BARBIEDOLLS,ATLOCATION,BED
DIABLEDPEOPLE,ATLOCATION,SWIMMINGPOOL
AMOXICILLIN,ATLOCATION,MEDICINECHEST
BULLETS,ATLOCATION,ROADBLOCK
COUNTRY,ATLOCATION,AFRICA
BEAVER,ATLOCATION,DAMONRIVER
GIFT,ATLOCATION,GIFTSHOP
COOKINGUTENSILS,ATLOCATION,KITCHEN
HOME,ATLOCATION,CITY
ACOUSTICCEILING,ATLOCATION,OFFICEBUILDING
CIGARETTE,ATLOCATION,CIGARETTEPACK
GENERALSTORE,ATLOCATION,SALT
APPLETREE,ATLOCATION,YARD
EYES,ATLOCATION,PERSON'SHEAD
COURANT,ATLOCATION,JELLY
HOSEPIPE,ATLOCATION,GARAGE
FATOPERASINGER,ATLOCATION,OPERA
BEAVER,ATLOCATION,BRITISHCOLUMBIA
FRYINGPAN,ATLOCATION,CABINET
CLOTHINGSHELF,ATLOCATION,BEDROOM
CREEK,ATLOCATION,PARK
AVALANCHE,ATLOCATION,TOPOFMOUNTAIN
BABY,ATLOCATION,WOMB
ASSIGNMENT,ATLOCATION,DESK
CAR,ATLOCATION,INPHOENIX
GRAPE,ATLOCATION,OWNHOME
BRIEFCASE,ATLOCATION,TABLE
HEADBOARDONBED,ATLOCATION,MOTEL
FROZENTURKEYS,ATLOCATION,GROCERYSTORE
FICUS,ATLOCATION,FLOWERPOT
COOK,ATLOCATION,KITCHEN
GROCERIES,ATLOCATION,TRUNK
CRASHCYMBAL,ATLOCATION,MARCHINGBAND
GARDEN,ATLOCATION,FULLBLOOM
AIRCONDITIONING,ATLOCATION,OFFICES
BONES,ATLOCATION,MUSEUM
HANDGUN,ATLOCATION,ARMY
HORSE,ATLOCATION,MINNESOTA
HAIR,ATLOCATION,SHOWERDRAINPIPE
HAIRACCESSORY,ATLOCATION,FASHIONSTORE
ENTRANCE,ATLOCATION,FRONTOFHOUSE
CHARTS,ATLOCATION,CONFERENCE
CLOTHING,ATLOCATION,STORE
COW,ATLOCATION,OHIO
DOOR,ATLOCATION,LIBRARY
CHEATER,ATLOCATION,CASINO
FOX,ATLOCATION,SOCKSINBOOK
CHEERINGPARENTS,ATLOCATION,SOCCERGAME
BOOKSELLER,ATLOCATION,BOOKSTORE
BLOUSES,ATLOCATION,SUITCASE
CELLO,ATLOCATION,MUSICSHOP
CRAB,ATLOCATION,CRABPOT
FLYERS,ATLOCATION,CONFERENCE
HINGEDDOOR,ATLOCATION,KITCHEN
DUST,ATLOCATION,TABLE
HEIFER,ATLOCATION,COLLEGE
DECK,ATLOCATION,BACKYARD
COLDTAP,ATLOCATION,RESTAURANT
GENERALLEDGER,ATLOCATION,OFFICE
DRUG,ATLOCATION,PILLS
FLOOR,ATLOCATION,BED
FRONTGARDEN,ATLOCATION,SUNNYYARD
BASKETOFKITTENS,ATLOCATION,REPAIRSHOP
GAS,ATLOCATION,CAR'SGASTANK
BEAVER,ATLOCATION,WOODSNEARSTREAM
BREADIN,ATLOCATION,PLASTICWRAPPER
ASTRONAUTS,ATLOCATION,ORBIT
BROWNSTONE,ATLOCATION,SUBDIVISION
CHILDMOLESTERS,ATLOCATION,CHURCH
DOLLAR,ATLOCATION,PIGGYBANK
COWPATTIES,ATLOCATION,MEADOW
FINGER,ATLOCATION,NOSE
HOMELESSPERSON,ATLOCATION,PARK
CREATURE,ATLOCATION,MOVIE
FILECABINET,ATLOCATION,DESK
BOOK,ATLOCATION,COLLEGESTORE
CAT,ATLOCATION,WAY
CHECK,ATLOCATION,COUNTERINAHOTEL
HOUSES,ATLOCATION,STREET
GENERALSTORE,ATLOCATION,TOWN
COOKIECRUMBS,ATLOCATION,BED
FOLDER,ATLOCATION,FILECABINET
BARSTOOL,ATLOCATION,KITCHEN
DEVICES,ATLOCATION,WORKSHOP
CONTROLROOM,ATLOCATION,TVSTUDIO
GRAVEL,ATLOCATION,ROOF
COMFORTER,ATLOCATION,CEDARCHEST
DIRT,ATLOCATION,FINGER
FOX,ATLOCATION,BAYWATCH
BASEMENT,ATLOCATION,BUILDING
DENTALCHAIR,ATLOCATION,DENTISTS
COLLECTION,ATLOCATION,GARAGE
BATTERY,ATLOCATION,CELLPHONE
CAMPGROUND,ATLOCATION,STATEPARK
CHOCOLATE,ATLOCATION,BOX
CLOUD,ATLOCATION,MURKYLIQUID
CARDCATALOG,ATLOCATION,LIBARY
CRT,ATLOCATION,TELEVISION
CANNON,ATLOCATION,FORT
HAMMER,ATLOCATION,GARAGE
BRASS,ATLOCATION,ORCHESTRA
ANTIQUECAR,ATLOCATION,CARSHOW
FERRET,ATLOCATION,CANADA
COTTENCANDY,ATLOCATION,CARNIVAL
FERRET,ATLOCATION,NORTHAMERICA
HIPPY,ATLOCATION,CONCERT
EYEGLASSESCASE,ATLOCATION,PURSE
FRIEDEGG,ATLOCATION,PLATE
FICUS,ATLOCATION,FIGTREE
FOYER,ATLOCATION,HOME
BOTTLE,ATLOCATION,SUPERMARKET
AUDITORIUM,ATLOCATION,CITY
BARSERVICE,ATLOCATION,TRAIN
FOLDINGCHAIR,ATLOCATION,CLOSET
BALDEAGLE,ATLOCATION,WOODS
BEDS,ATLOCATION,HOUSE
ABOVEWATER,ATLOCATION,SEA
ADMISSIONTICKET,ATLOCATION,MOVIE
GALLERY,ATLOCATION,LARGECITY
GIFT,ATLOCATION,WINTER
BADJUDGEMENT,ATLOCATION,BAR
HAIRCLOTH,ATLOCATION,CABINET
DININGAREA,ATLOCATION,HOUSE
COW,ATLOCATION,FARMER'SPASTURE
AMUSEMENTS,ATLOCATION,FAIRGROUNDS
GRIT,ATLOCATION,CARPET
FREEWAY,ATLOCATION,DETROITMICHIGAN
BREAD,ATLOCATION,MARKET
CRAB,ATLOCATION,SOUTHCAROLINA
HOSPITAL,ATLOCATION,CITY
CONTAINERCUP,ATLOCATION,PERSON'SHAND
ATTIC,ATLOCATION,TOPOFHOME
FISH,ATLOCATION,FISHINGCREEL
FLOWERS,ATLOCATION,FRIEND'SWEDDING
FOODTAKEOUT,ATLOCATION,REFRIGERATOR
CALCULATOR,ATLOCATION,PURSE
GAZELLE,ATLOCATION,LIONSPATH
BICYCLE,ATLOCATION,SHED
GROCERSHOP,ATLOCATION,SUBURBS
ARTWORK,ATLOCATION,ARTSHOW
BOOK,ATLOCATION,BOOKSTORE
BROADCASTSTUDIO,ATLOCATION,LARGEROOM
CHIMPANZEES,ATLOCATION,ZOO
DOGS,ATLOCATION,BEACH
FUNGUS,ATLOCATION,WARMWETPLACE
GLASS,ATLOCATION,SINK
CABINETS,ATLOCATION,KITCHEN
BOOKEND,ATLOCATION,ENDOFBOOK
BLOWFISH,ATLOCATION,BAND
HAIR,ATLOCATION,MOUSTACHE
DINNER,ATLOCATION,TABLE
BROKEN,ATLOCATION,TRASH
AERIALBOMB,ATLOCATION,STEALTHBOMBER
DUST,ATLOCATION,LOFT
DRUNKSTUDENTS,ATLOCATION,BAR
DISINFECTANT,ATLOCATION,HOSPITAL
CYMBAL,ATLOCATION,MUSICSTORE
CATWALK,ATLOCATION,THEATRE
CURTAIN,ATLOCATION,THEATER
HATS,ATLOCATION,SHOP
BAR,ATLOCATION,JAIL
FUNGUS,ATLOCATION,WARMHUMIDAREA
HAIRSALON,ATLOCATION,SUBURBANMALL
HOTEL,ATLOCATION,A
FOX,ATLOCATION,TROUBLE
CRAB,ATLOCATION,GROCERYSTORE
ANT,ATLOCATION,PARK
EXCITEMENT,ATLOCATION,CARSHOW
BEEF,ATLOCATION,PLATE
ATTENDEE,ATLOCATION,CONFERENCE
CLOSETS,ATLOCATION,APARTMENT
BASSBARITONE,ATLOCATION,DOOWOPGROUP
FARMLAND,ATLOCATION,COUNTRYSIDE
BUTTONS,ATLOCATION,MOUSE
BANJO,ATLOCATION,UNITEDSTATES
GENERALSTORE,ATLOCATION,TOWNS
COW,ATLOCATION,COWSHED
EXITTURNSTILE,ATLOCATION,STATION
AERIALBOMB,ATLOCATION,MILITARYBOMBER
EAVES,ATLOCATION,ROOF
GONG,ATLOCATION,BAND
DENTALFLOSS,ATLOCATION,DENTIST
HOCKEYSTICK,ATLOCATION,HOCKEYGAME
BALL,ATLOCATION,MOUTHOFPUPPY
BANKNOTE,ATLOCATION,POCKET
CONTESTANTS,ATLOCATION,SPORTINGEVENT
ASPHAULT,ATLOCATION,STREET
EAR,ATLOCATION,GROUND
CALENDARS,ATLOCATION,BOOKSTORE
CLOWN,ATLOCATION,PARTY
BUCKET,ATLOCATION,GARAGE
CLAWSINORRATHER,ATLOCATION,CRAB
CUP,ATLOCATION,RESTAURANT
GAS,ATLOCATION,SPACE
CARPET,ATLOCATION,LEGALSUITE
HORSE,ATLOCATION,WOODS
GROUNDCOVER,ATLOCATION,BACKPACK
ELECTRICALTAPE,ATLOCATION,REPAIRSHOP
GAZELLE,ATLOCATION,RUT
CAT,ATLOCATION,CAGE
CURB,ATLOCATION,STREETCORNER
FUNGUS,ATLOCATION,NEBRASKA
DOGFOOD,ATLOCATION,MARKET
FRUIT,ATLOCATION,REFRIDGERATOR
FRAME,ATLOCATION,BED
BEAVER,ATLOCATION,MUSCOGEERIVER
CAPITAL,ATLOCATION,EACHCOUNTRY
CARTOON,ATLOCATION,TELEVISION
CONTAINER,ATLOCATION,PANTRY
COFFEEGRINDS,ATLOCATION,TRASH
CRUMBS,ATLOCATION,BREADBOX
CARNIVALRIDES,ATLOCATION,FAIR
FLIGHTATTENDANT,ATLOCATION,PLANE
CHECKBOOKHOLDER,ATLOCATION,DRAWER
CARDBOARD,ATLOCATION,PAPERBOXES
DEADBEATDADS,ATLOCATION,JAIL
CLERK,ATLOCATION,POSTOFFICE
CHILDMOLESTORS,ATLOCATION,BRIDGE
GOOFY,ATLOCATION,DISNEYLAND
CLOTHING,ATLOCATION,DEPARTMENTSTORE
GUTTER,ATLOCATION,ROOF
DUST,ATLOCATION,MOSTBUILDINGS
GROUNDFLOOR,ATLOCATION,HOTEL
BUCKET,ATLOCATION,UTILITYCLOSET
ARM,ATLOCATION,JACKET
HORSEMANURE,ATLOCATION,MEADOW
BILLFOLD,ATLOCATION,MANSPOCKET
EATJERKCHICKEN,ATLOCATION,JAMAICA
DESKTRAY,ATLOCATION,PENCILS
HAPPINESS,ATLOCATION,MATHCAMP
BUSPASS,ATLOCATION,BACKPACK
CHECKBOOKHOLDER,ATLOCATION,BANK
COMPOST,ATLOCATION,FOREST
ANALGESIC,ATLOCATION,MEDICINECHEST
COLUMN,ATLOCATION,MAGAZINE
FRYINGPAN,ATLOCATION,KITCHENCUPBOARD
FICUS,ATLOCATION,POTINOFFICE
HAIRDRYER,ATLOCATION,BATHROOM
GALAXY,ATLOCATION,SPACE
HOMEWORK,ATLOCATION,SCHOOL
CASHBILL,ATLOCATION,OWNWALLET
ANEMONE,ATLOCATION,SEE
HIGHLIGHTER,ATLOCATION,CASE
BASEBALLFIELD,ATLOCATION,BASEBALLSTADIUM
BOOK,ATLOCATION,TABLE
FOREST,ATLOCATION,SOUTHAMERICA
HOMELESSPERSON,ATLOCATION,BRIDGE
CONTAINER,ATLOCATION,CABINET
COUNTRY,ATLOCATION,WA4
COUNTER,ATLOCATION,DINER
FLEASINORRATHER,ATLOCATION,DOG
EXITTURNSTILE,ATLOCATION,SUBWAY
FOODCRUMBS,ATLOCATION,CAR
ELECTRICITY,ATLOCATION,RESTAREA
CINEMA,ATLOCATION,MALL
ARM,ATLOCATION,CHAIR
FERRET,ATLOCATION,MONTANA
CONDOM,ATLOCATION,PACKAGE
CRAB,ATLOCATION,OUTSIDE
GAZELLE,ATLOCATION,DETROITZOO
ELEPHANTS,ATLOCATION,INDIAORAFRICA
BRIDGEARCH,ATLOCATION,AQUADUCT
ERASERHOLDER,ATLOCATION,SCHOOL
CARPETING,ATLOCATION,ROOM
BRANCH,ATLOCATION,FOREST
FICUS,ATLOCATION,FICUSGARDEN
AMMUNITIONDEPOT,ATLOCATION,MILITARYBASE
ARCHWAY,ATLOCATION,ST
BALDEAGLE,ATLOCATION,COUBOYMOVIE
GROCERYSTORE,ATLOCATION,CITY
BIRD,ATLOCATION,COUNTRYSIDE
COTTON,ATLOCATION,COTTONBALL
BANKER,ATLOCATION,WALLSTREET
BOWLINGPIN,ATLOCATION,BOWLINGALLEY
DANDRUFFSHAMPOO,ATLOCATION,SUPERMARKET
DELIRESTAURANT,ATLOCATION,CHICAGO
BAT,ATLOCATION,CAVE
FICUS,ATLOCATION,GREENHOUSE
FLAT,ATLOCATION,LONDON
CLOUDS,ATLOCATION,TOPOFMOUNTAIN
CIRCULARROUTE,ATLOCATION,CITY
BEANBAGCHAIR,ATLOCATION,BACHELORPAD
DOGSHIT,ATLOCATION,STREET
GARDEN,ATLOCATION,PARK
ACRYLIC,ATLOCATION,PAINTING
CAPITAL,ATLOCATION,EVERYSTATE
COMPUTER,ATLOCATION,BOX
BLANKET,ATLOCATION,BACKPACK
BUFFET,ATLOCATION,RESTAURANT
ANEMONE,ATLOCATION,BOTTOMOFOCEAN
FASTENERBINDER,ATLOCATION,OFFICESTORE
ENTERTAINMENT,ATLOCATION,THEATRE
BLOWFISH,ATLOCATION,PETSHOP
CRASHCYMBAL,ATLOCATION,MUSICROOM
AIRTERMINAL,ATLOCATION,DETROIT
COASTER,ATLOCATION,DESK
CONDOMINIUM,ATLOCATION,RICHPARTOFTOWN
APPLETREE,ATLOCATION,SPRING
GALLERY,ATLOCATION,ART
BOOKS,ATLOCATION,FRIEND'SHOUSE
GAME,ATLOCATION,GAMEROOM
EXHIBITIONS,ATLOCATION,FAIR
CASHBILL,ATLOCATION,STORE
COMMITTEE,ATLOCATION,BOARDROOM
HAIRROLLER,ATLOCATION,WOMANSHAIR
BOXOFRAGS,ATLOCATION,GARAGE
COIL,ATLOCATION,SHIP
DEADANIMALS,ATLOCATION,STREET
DUCKS,ATLOCATION,POND
HOBOS,ATLOCATION,BRIDGE
BUCKET,ATLOCATION,JANITORSCLOSET
BAYWINDOW,ATLOCATION,LIVINGROOM
BAND,ATLOCATION,THEATER
DINNERPLATE,ATLOCATION,CUPBOARD
FICUS,ATLOCATION,CANADA
AUDIENCE,ATLOCATION,NEWYORK
CEMETERY,ATLOCATION,CHURCHYARD
FOODCAN,ATLOCATION,RECYCLINGCENTER
GLASS,ATLOCATION,A
BIRTHDAYCARDS,ATLOCATION,CABINET
FICUS,ATLOCATION,FLOWERGARDEN
BILLFOLD,ATLOCATION,HIPPOCKET
HEIFER,ATLOCATION,INDIANA
FREIGHTER,ATLOCATION,SEA
HATSWITHHORNS,ATLOCATION,OPERA
CAVE,ATLOCATION,DESERT
BARSINWINDOWS,ATLOCATION,JAIL
FRIENDS,ATLOCATION,WEDDING
ANTS,ATLOCATION,PANTRY
DENTIST,ATLOCATION,TOWN
ELECTRONS,ATLOCATION,ATOM
HORSE,ATLOCATION,THROAT
HAIRCLIP,ATLOCATION,BARBERSHOP
HEIFER,ATLOCATION,NEWJERSEY
DEADSOLDIERS,ATLOCATION,WAR
BASS,ATLOCATION,LAKE
GUN,ATLOCATION,ARMY
ACORN,ATLOCATION,GROUND
DITTYBAG,ATLOCATION,SUITCASE
EMPTYBOXES,ATLOCATION,GARAGE
AIRCONDITIONER,ATLOCATION,OFFICE
FURNACE,ATLOCATION,CELLAR
GRASS,ATLOCATION,GARDEN
DUST,ATLOCATION,SKY
CHILDRENPLAYING,ATLOCATION,PARK
FUNGUS,ATLOCATION,BATHROOMWALLS
CHESSPAWN,ATLOCATION,SMALLCASE
CLOUD,ATLOCATION,ATMOSPHERE
ENTRANCEWAY,ATLOCATION,DISNEYWORLD
FUNGUS,ATLOCATION,YOGURT
DECANTER,ATLOCATION,BREWERY
CANNEDGOOD,ATLOCATION,PANTRY
FERRET,ATLOCATION,WILDERNESS
FINISHEDCAR,ATLOCATION,ENDOFLINE
HAIRROLLER,ATLOCATION,OLDLADY'SHAIR
COACH,ATLOCATION,HOCKEYGAME
ENTERTAINMENT,ATLOCATION,CASINO
CHURCH,ATLOCATION,TENESSE
BOWL,ATLOCATION,REFRIGERATOR
DIVINGBOARD,ATLOCATION,SWIMMINGPOOL
ENTRANCEHALL,ATLOCATION,LARGEBUILDING
BEAUTYSALON,ATLOCATION,CLERK
BONES,ATLOCATION,PERSON
AMUSEMENTRIDE,ATLOCATION,DISNEYLAND
CASHTOKEN,ATLOCATION,TOLLBOOTH
CONTAINER,ATLOCATION,PORT
FERRET,ATLOCATION,HWAII
BALL,ATLOCATION,STREET
HERBS,ATLOCATION,FOREST
HARDWARESTORE,ATLOCATION,CITY
CAPTAIN,ATLOCATION,MILITARY
HORSE,ATLOCATION,GRAZINGFIELD
CAR,ATLOCATION,REPAIRSHOP
CORRECTIONFLUID,ATLOCATION,OFFICE
BOOK,ATLOCATION,SYNAGOGUE
HEIFER,ATLOCATION,OHIO
BEE,ATLOCATION,HONEYSUCKLEVINE
CARPET,ATLOCATION,BEDROOM
BEAM,ATLOCATION,BUILDING
BELL,ATLOCATION,REINDEERCOLLER
BOXOFFICE,ATLOCATION,THEATRE
CALENDAR,ATLOCATION,HOLYDAYS
GENERALSTORE,ATLOCATION,BARRELS
CHANNEL,ATLOCATION,ENGLAND
CREATURE,ATLOCATION,WOODS
HEATER,ATLOCATION,PUBLICBUILDING
BASSDRUM,ATLOCATION,MARCHINGBAND
BANJO,ATLOCATION,BAND
FUNGUS,ATLOCATION,BATHROOM
BEAVER,ATLOCATION,HUT
DELIRESTAURANT,ATLOCATION,NEWYORKCITY
CUTLERY,ATLOCATION,TABLE
CHANGINGROOM,ATLOCATION,BEACHHOUSE
CHECK,ATLOCATION,BOX
APPLETREE,ATLOCATION,ARBORATUM
EDIBLE,ATLOCATION,PLATE
AIR,ATLOCATION,CUPBOARD
FORKLIFT,ATLOCATION,WHEREHOUSE
ATFEET,ATLOCATION,RUG
DRUGREPS,ATLOCATION,DOCTOR
BUSINESS,ATLOCATION,CITY
BALDEAGLE,ATLOCATION,SANCTUARY
BILLFILE,ATLOCATION,LETTERBOX
BIDET,ATLOCATION,HOTELROOM
BUSSHELTER,ATLOCATION,CITY
COW,ATLOCATION,FAIR
ELECTRICITY,ATLOCATION,BEDROOM
BEAVER,ATLOCATION,AMERICANFORESTS
CORNET,ATLOCATION,MARCHINGBAND
HELICOPTER,ATLOCATION,AIR
FICUSIN,ATLOCATION,POT
BROKENCOFFEECUP,ATLOCATION,TRASH
DATE,ATLOCATION,NEWSPAPER
GRILL,ATLOCATION,NEIGHBOR'SHOUSE
BUSSTOP,ATLOCATION,STREE
BILL,ATLOCATION,CONGRESS
APPLEPEELS,ATLOCATION,WASTEBIN
CINEMA,ATLOCATION,EVERYBIGCITY
CAPTAIN,ATLOCATION,NAVY
COCKTAILCABINET,ATLOCATION,BAR
ENTRYWAY,ATLOCATION,HOTEL
DOGS,ATLOCATION,SHOW
ACCORDION,ATLOCATION,MUSICSTORE
BUTCHER,ATLOCATION,GROCERYSTORE
GARDENHOSE,ATLOCATION,GARAGE
BEE,ATLOCATION,FAIR
GAZELLE,ATLOCATION,MOUTHOFLION
BELONGINGS,ATLOCATION,BACKPACK
BOOK,ATLOCATION,BEDSIDETABLE
FUNGUS,ATLOCATION,DARKDAMPAREA
BAGOFWEED,ATLOCATION,CABINET
CRAB,ATLOCATION,FREEZER
COLDSTORAGE,ATLOCATION,LABORATORY
CALENDER,ATLOCATION,HANGINGONWALL
CIGARETTEBUTT,ATLOCATION,SUBWAY
FRIENDLYPEOPLE,ATLOCATION,COUNTRY
BED,ATLOCATION,NEIGHBOR'SHOUSE
AUDIENCE,ATLOCATION,PRESENTATION
HORSE,ATLOCATION,FOXHUNT
GLUESTICK,ATLOCATION,KITCHENDRAWER
FUNGUS,ATLOCATION,HUMIDPLACE
HAIRSALON,ATLOCATION,HOTEL
BALCONY,ATLOCATION,BUILDING
CONTAINERDRUM,ATLOCATION,FACTORY
BLOWFISH,ATLOCATION,BODYOFWATER
FROG,ATLOCATION,POND
COW,ATLOCATION,HAMBURGER
CONTRACEPTIVE,ATLOCATION,NIGHTSTAND
FOOTPRINTS,ATLOCATION,SUFACEOFMOON
FARMHOUSE,ATLOCATION,MICHIGAN
CUPSFORWATER,ATLOCATION,WATERFOUNTAIN
CHESSPIECE,ATLOCATION,CHESSGAME
CASH,ATLOCATION,PURSE
CHESSROOK,ATLOCATION,CHESS
CRAB,ATLOCATION,COASTALSTATE
GALLERY,ATLOCATION,CITY
HEIFER,ATLOCATION,FARMER'SPASTURE
CARPET,ATLOCATION,BOWLINGALLEY
DRINKS,ATLOCATION,REFRIGERATOR
BATH,ATLOCATION,HOUSE
GRAPE,ATLOCATION,SHOPS
EGGS,ATLOCATION,NEST
CANVAS,ATLOCATION,ARTCLASSROOM
CURIOS,ATLOCATION,CABINET
FOLDINGDOOR,ATLOCATION,AUDITORIUM
COINS,ATLOCATION,BUS
FOLDINGDOOR,ATLOCATION,OMNIBUS
HAIRDRESSER,ATLOCATION,SALON
HORSE,ATLOCATION,PADOCK
BLEACHERS,ATLOCATION,STADIUM
FELT,ATLOCATION,CRAFTSTORE
CHECKBOOKHOLDER,ATLOCATION,DESK
HAIR,ATLOCATION,SOUP
DYNAMITE,ATLOCATION,MININGOPERATION
DOUBLEBASS,ATLOCATION,JAZZGROUP
BEANIEBABY,ATLOCATION,TRASHHEAP
ATLASES,ATLOCATION,BOOKSTORE
COMPUTERUSERS,ATLOCATION,BUILDING
HIDEBED,ATLOCATION,LIVINGROOM
BROOK,ATLOCATION,CITY
CANDLES,ATLOCATION,PARTY
ACTIONFIGURES,ATLOCATION,TOYSTORE
COOKIES,ATLOCATION,PLATE
BANDANAS,ATLOCATION,SOCKDRAWER
BINDER,ATLOCATION,BACKPACK
CRAB,ATLOCATION,WOMEN'SPANT
BEE,ATLOCATION,SEARCHOFHONEY
FUR,ATLOCATION,JACKET
CANDYBARS,ATLOCATION,THEATER
GLUESTICK,ATLOCATION,CRAFTSTORE
GRENADE,ATLOCATION,ARTILLERYCACHE
HOCKEYPUCK,ATLOCATION,HOCKEYRINK
DISH,ATLOCATION,KITCHEN
CHECKOUTSTAND,ATLOCATION,SUPERMARKET
DEW,ATLOCATION,MEADOW
EMPLOYEE,ATLOCATION,OFFICE
BATTLE,ATLOCATION,VIDEOGAME
CHARCOLE,ATLOCATION,FILTER
CLOTHINGSHELF,ATLOCATION,HOUSE
BALDEAGLE,ATLOCATION,INWASHINGTON
ATBOTTOM,ATLOCATION,BASEMENT
CHANGEOFCLOTHES,ATLOCATION,SUITCASE
CORNERGROCERY,ATLOCATION,TOWN
CRAB,ATLOCATION,SEAFOODPLATTER
HOCKEYFANS,ATLOCATION,SPORTINGEVENT
BEDS,ATLOCATION,HOSPITAL
HANGGLIDERS,ATLOCATION,SKY
CHANGE,ATLOCATION,CASINO
BABY,ATLOCATION,CRIB
CAMERA,ATLOCATION,DRAWER
FOX,ATLOCATION,STORYBOOK
HEIFER,ATLOCATION,COWSHED
BEE,ATLOCATION,BUBOLICAREA
HARP,ATLOCATION,OCHESTRA
CAT,ATLOCATION,BESTCHAIRBYFIRE
CLOTHING,ATLOCATION,FLOOR
BROOM,ATLOCATION,CABINET
BARBERCOMB,ATLOCATION,SALON
ARMREST,ATLOCATION,CAR
FALLINGWATER,ATLOCATION,WATERFALL
BEAVER,ATLOCATION,BEAVERBUILTDAM
GRAVEL,ATLOCATION,STREET
CONDIMEMTS,ATLOCATION,TABLE
FLOORING,ATLOCATION,CARPET
BAT,ATLOCATION,BATCAVE
COTTONBALL,ATLOCATION,DOCTOR
FUNGUS,ATLOCATION,FRIDGE
FUNGUS,ATLOCATION,LICHEN
GRID,ATLOCATION,TEMPLATE
CAVE,ATLOCATION,ROCKYHILLS
FICUS,ATLOCATION,POTINHOUSE
BOX,ATLOCATION,ANOTHERBOX
CRYING,ATLOCATION,FUNERAL
HAIRPIN,ATLOCATION,MAKEUPCABINET
CELLAR,ATLOCATION,CASTLE
CHIPS,ATLOCATION,SUPERMARKET
CANDLE,ATLOCATION,CABINET
AVENUE,ATLOCATION,CITY
GOALIE,ATLOCATION,SOCCERGAME
BIRTHDAYCARD,ATLOCATION,MAILBOX
FAMILYPHOTOS,ATLOCATION,RELATIVESHOUSE
DONUTS,ATLOCATION,CONFERENCE
FORKS,ATLOCATION,TABLE
FRONTCOURTYARD,ATLOCATION,CASTLE
AMPHITHEATRE,ATLOCATION,GREECE
FIRSTAIDKIT,ATLOCATION,SUITCASE
BLOWFISH,ATLOCATION,SOUP
BREAKERBOX,ATLOCATION,GARAGE
GROCERIES,ATLOCATION,STORE
FUNGUS,ATLOCATION,WARMMOISTPLACE
BIDET,ATLOCATION,FRENCHHOTEL
COFFEEMAKER,ATLOCATION,INTERNETCAFE
GEESE,ATLOCATION,SKY
BEAVER,ATLOCATION,BROOK
ALCOHOLIC,ATLOCATION,HOMELESSSHELTER
FERRET,ATLOCATION,WOLF'SBELLY
BOMB,ATLOCATION,MAILBOX
CHOCOLATE,ATLOCATION,MOUTH
CHOCOLATES,ATLOCATION,BOX
COTTON,ATLOCATION,COTTONBOLL
GAZELLE,ATLOCATION,BALLGOWN
FOX,ATLOCATION,FOXBOX
FERRET,ATLOCATION,WOODYLANDSCAPE
ANNOUNCER,ATLOCATION,SPORTINGEVENT
BUNSENBURNERS,ATLOCATION,LABORATORY
FICUS,ATLOCATION,CLINIC
BEAVER,ATLOCATION,SAGINAWMICHIGAN
ANIMAL,ATLOCATION,PARK
DENTIST,ATLOCATION,DENTIST
FAN,ATLOCATION,APPLIANCESTORE
HAIRDRESSER,ATLOCATION,MALL
AMMUNITION,ATLOCATION,GUN
CASTANETS,ATLOCATION,MUSICIAN'SBAG
GRAINOFSAND,ATLOCATION,EYE
GRAPE,ATLOCATION,RESTAURANT
BROKENTHINGS,ATLOCATION,REPAIRSHOP
BEER,ATLOCATION,GROCERYSTORE
CLOUDS,ATLOCATION,SKY
COCKROACHES,ATLOCATION,RESTAURANT
FACTORY,ATLOCATION,EUROPE
HOLESLOT,ATLOCATION,PARKINGMETER
GUESTSPEAKER,ATLOCATION,CONFERENCE
CARDSLOT,ATLOCATION,BANKMACHINE
COIN,ATLOCATION,PIGGYBANK
CARROTT,ATLOCATION,REFRIGERATOR
FAMILLY,ATLOCATION,HOME
FICUS,ATLOCATION,YARD
HOTELROOM,ATLOCATION,RESORT
CHECKBOOKCOVER,ATLOCATION,DESKDRAWER
DENTALOFFICE,ATLOCATION,OFFICEBUILDING
HAT,ATLOCATION,HATSHOP
EATINGPLACE,ATLOCATION,SHOPPINGAREA
HEIFER,ATLOCATION,CATTLEAUCTION
GLASSESCASE,ATLOCATION,POCKET
FERRET,ATLOCATION,FERRETSTEW
APPLE,ATLOCATION,APPLEPIE
DENIM,ATLOCATION,PANTS
HEALTHFOODSTORE,ATLOCATION,MALL
FERRET,ATLOCATION,DENINWOODS
AIRTICKET,ATLOCATION,AIRPORT
DRINK,ATLOCATION,CABINET
HOTELROOM,ATLOCATION,MICHIGAN
BEE,ATLOCATION,APPLETREE
CAT,ATLOCATION,ALLEYWAY
GEL,ATLOCATION,TUBE
ASTRONAUTS,ATLOCATION,SPACESHUTTLE
FIREESCAPE,ATLOCATION,ROOF
COMBOPASS,ATLOCATION,TICKETBOOTH
GRASS,ATLOCATION,FAIRGROUNDS
ALCOHOL,ATLOCATION,PLANE
FLOORS,ATLOCATION,SCHOOL
GARBAGECAN,ATLOCATION,OWNBACKYARD
FICUS,ATLOCATION,LARGEFLOWERPOT
BUSSEAT,ATLOCATION,CHURCHBUS
DENTALDRILL,ATLOCATION,DENTIST
CRAB,ATLOCATION,POND
FICUS,ATLOCATION,NATURE
DININGTABLE,ATLOCATION,CAFETERIA
FOOD,ATLOCATION,CUPBOARD
COUCH,ATLOCATION,PARTY
CAT,ATLOCATION,COMPANYOFHUMANS
CRATERS,ATLOCATION,SUFACEOFMOON
FEATHER,ATLOCATION,FEATHERDUSTER
HORSE,ATLOCATION,CENTRALPARK
BADKARMA,ATLOCATION,CONFERENCE
HAIRCLIP,ATLOCATION,A
CAT,ATLOCATION,SHELF
DEADEND,ATLOCATION,ENDOFLINE
DISHWASHER,ATLOCATION,KITCHEN
CARD,ATLOCATION,DECK
BEER,ATLOCATION,SPORTINGEVENT
CAT,ATLOCATION,AFRICA
GAZELLE,ATLOCATION,ZOO
GIRAFFE,ATLOCATION,DRAWER
CRAB,ATLOCATION,UNDERPANTS
FAVORITECHAIR,ATLOCATION,HOME
FLAPS,ATLOCATION,WINGOFAIRCRAFT
GRAPHITEPENCIL,ATLOCATION,DESKDRAWER
COAL,ATLOCATION,COALSCUTTLE
HAIR,ATLOCATION,MAMMALS
DISPLAYCABINET,ATLOCATION,STORE
HEAVYSECURITY,ATLOCATION,AIRPORT
CUEBALL,ATLOCATION,POOLTABLE
BULLET,ATLOCATION,GUNSHOP
COW,ATLOCATION,BELLY
FOX,ATLOCATION,NORTHDAKOTA
BOSS,ATLOCATION,DESK
BALCONY,ATLOCATION,THEATRE
ACOUSTICGUITAR,ATLOCATION,CLOSET
FASTFOOD,ATLOCATION,CHEAPRESTAURANT
COW,ATLOCATION,STALL
BUTTERFLIES,ATLOCATION,BUTTERFLYBUSH
CLOTHING,ATLOCATION,BACKPACK
COW,ATLOCATION,DIARYFARM
FUNGUS,ATLOCATION,MUSHROOMS
FICUSINPOT,ATLOCATION,OFFICEBUILDING
DUSTBALL,ATLOCATION,BED
DIRT,ATLOCATION,SUFACEOFMOON
DOCUMENTFOLDER,ATLOCATION,LAWOFFICE
ACCOMADATIONS,ATLOCATION,MOTEL
CREATURE,ATLOCATION,DESSERT
GUTTER,ATLOCATION,STREET
BACKYARD,ATLOCATION,HOUSE
BOOK,ATLOCATION,MUSEUMSTORE
GALLERY,ATLOCATION,NEWYORKCITY
COMMUTER,ATLOCATION,BUSDEPOT
COMPUTERUSER,ATLOCATION,INTERNETCAFE
FINDXYLEM,ATLOCATION,STEMOFPLANT
BLOWFISH,ATLOCATION,CUBA
BATTERYCHARGER,ATLOCATION,GARAGE
FROG,ATLOCATION,LAWN
GAME,ATLOCATION,STORE
BACKCOURTYARD,ATLOCATION,LARGEHOUSE
BEE,ATLOCATION,ALPHABET
CAFE,ATLOCATION,MICHIGAN
BUSSEAT,ATLOCATION,BUS
CONTAINERCAN,ATLOCATION,CUPBOARD
CONSERVES,ATLOCATION,JAR
BEER,ATLOCATION,CAN
BUSSHELTER,ATLOCATION,BUSROUTE
HAIRCAREARTICLE,ATLOCATION,WOMAN'SPURSE
ANIMALS,ATLOCATION,LABORATORY
FALLENLEAVES,ATLOCATION,FALLSEASON
CRAB,ATLOCATION,OCENA
GAS,ATLOCATION,GASLINE
HIDEBED,ATLOCATION,HOTELROOM
COMPASS,ATLOCATION,CABINET
BOOKSHELF,ATLOCATION,BEDROOM
GRANOLABARS,ATLOCATION,BACKPACK
BIRD,ATLOCATION,LAWN
DOLL,ATLOCATION,DOLLHOUSE
DRUNKARDS,ATLOCATION,BAR
FOX,ATLOCATION,HUNTERSPOUCH
COMB,ATLOCATION,PURSE
FUNGUS,ATLOCATION,TREESTUMP
DRAWINGROOM,ATLOCATION,STUDIO
ENTERTAINMENT,ATLOCATION,SHOW
AMPICILLIN,ATLOCATION,MEDICINECHEST
DANDRUFFSHAMPOO,ATLOCATION,ARIDENVRONMENT
BAGELSHOP,ATLOCATION,NEWYORKCITY
GAMESHOW,ATLOCATION,TELEVISION
AIR,ATLOCATION,MAILBOX
GOODS,ATLOCATION,SHOP
FUNGUS,ATLOCATION,FUNGUSGARDEN
AMPHITHEATRE,ATLOCATION,PARK
DISUSEDITEMS,ATLOCATION,ATTIC
HELIUM,ATLOCATION,LABORATORY
BALDEAGLE,ATLOCATION,TOYSTORE
FRIEND'SFAMILY,ATLOCATION,FRIEND'SHOUSE
GOURMETSHOP,ATLOCATION,MALL
DRYSTORAGE,ATLOCATION,PANTRY
GRASPER,ATLOCATION,HAND
DIRT,ATLOCATION,FOREST
DRESSER,ATLOCATION,HOME
FOLDINGCHAIR,ATLOCATION,SCHOOL
DUCK,ATLOCATION,WETLANDAREAS
BREADANDBUTTER,ATLOCATION,DINNER
ACOUSTICGUITAR,ATLOCATION,ROCKBAND
CASHCOIN,ATLOCATION,POCKET
CAT,ATLOCATION,BUSHES
DRILL,ATLOCATION,WORKSHOP
CLUB,ATLOCATION,GOLFBAG
FIRSTVIOLIN,ATLOCATION,MUSICSTORE
BIKEMECHANIC,ATLOCATION,BIKESHOP
CAVITY,ATLOCATION,TEETH
DICTIONARY,ATLOCATION,SHELF
GLASS,ATLOCATION,CABINET
FUNGUS,ATLOCATION,HOTMANGOCHUTNEY
GAUSE,ATLOCATION,HOSPITAL
APPLETREE,ATLOCATION,BIBLE
EYE,ATLOCATION,FACE
COTTONBOLL,ATLOCATION,COTTONFIELD
FUNGUS,ATLOCATION,HUMIDDARKPLACES
COUPLEMAKINGOUT,ATLOCATION,BACKSEATOFCAR
CAT,ATLOCATION,HOME
BOXOFOLDLETTERS,ATLOCATION,ATTIC
ARTCRITICS,ATLOCATION,ARTSHOW
COURTYARD,ATLOCATION,YARD
AIPLANE,ATLOCATION,AIRPORT
AVENUE,ATLOCATION,NEWYORKCITY
CROWBAR,ATLOCATION,CABINET
FOOT,ATLOCATION,TABLE
HEADOFLETTUCE,ATLOCATION,STORE
CONNECTION,ATLOCATION,WIRES
ANEMONE,ATLOCATION,LABDISH
ENVELOPE,ATLOCATION,DRAWER
HEIFER,ATLOCATION,FAIR
HIGHLIGHTERPEN,ATLOCATION,DESKDRAWER
COW,ATLOCATION,CORRAL
FICUS,ATLOCATION,DICTIONARY
HEALTHFOODSTORE,ATLOCATION,CALIFORNIA
BATHROOM,ATLOCATION,GALLERYOPENING
GALLEY,ATLOCATION,BOAT
DRAWERS,ATLOCATION,DESK
DRUNKS,ATLOCATION,REHAB
CRAB,ATLOCATION,SPAIN
GREETVISITORS,ATLOCATION,FRONTDOOR
FUNGUS,ATLOCATION,GROWINGONTREE
ART,ATLOCATION,FAIR
CAPTAIN,ATLOCATION,AIRPLANECABIN
ARM,ATLOCATION,COAT
GRAPE,ATLOCATION,FRUITCOCTAIL
HORSE,ATLOCATION,TOYSTORE
CONCERTHALL,ATLOCATION,THEATER
ANDAPPLE,ATLOCATION,APPLEORCHARD
CIGARETTESMOKE,ATLOCATION,BOWLINGALLEY
CARGO,ATLOCATION,TRAIN
COW,ATLOCATION,DETROITZOO
BELL,ATLOCATION,BOAT
COMMUTERS,ATLOCATION,SUBWAY
HANDGUN,ATLOCATION,GUNSTORE
CHAIRMAN,ATLOCATION,MEETING
DRAIN,ATLOCATION,SWIMMINGPOOL
CHAIR,ATLOCATION,CHURCH
COURT,ATLOCATION,CITY
CRAB,ATLOCATION,OWNFREEZER
DROWNING,ATLOCATION,OCEAN
EATERY,ATLOCATION,RESTAURANT
COLDFAUCET,ATLOCATION,BASEMENT
COW,ATLOCATION,CORNFIELD
AUTOMATICGATE,ATLOCATION,FENCE
GOBLETOFFIRE,ATLOCATION,BOOKSTORE
GRASS,ATLOCATION,FIELD
ENVELOPE,ATLOCATION,STATIONERYSET
HARDCOUCH,ATLOCATION,RELATIVESHOUSE
FUNRIDE,ATLOCATION,CARNIVAL
FOOD,ATLOCATION,SHELF
00TSHIRTS,ATLOCATION,DRAWER
APPLETREE,ATLOCATION,BACKYARD
APPETIZER,ATLOCATION,DINNER
BEAVER,ATLOCATION,JUNGLE
BED,ATLOCATION,RELATIVESHOUSE
CLASSROOMCHAIR,ATLOCATION,SCHOOL
DUFFELBAG,ATLOCATION,ARMYBARRACKS
FUNGUS,ATLOCATION,WOODLANDS
HORSE,ATLOCATION,STABILE
CHERRIES,ATLOCATION,JAR
CAT,ATLOCATION,SOFTPLACE
FICUS,ATLOCATION,ASS
CAT,ATLOCATION,MICROWAVE
COMPUTERS,ATLOCATION,SPACESHIP
GRAPE,ATLOCATION,PLATEOFFRUIT
FUNGUS,ATLOCATION,DAMPDARKPLACE
CARDCATALOG,ATLOCATION,LIBRARY
BRICKROWHOUSE,ATLOCATION,GHETTO
DUST,ATLOCATION,OUTERSPACE
CAFFEINE,ATLOCATION,CUPOFCOFFEE
CONTROLPANEL,ATLOCATION,SPACESHUTTLE
HANDLE,ATLOCATION,CARDOOR
CHESSROOK,ATLOCATION,CORNER
GLACIERS,ATLOCATION,SURFACEOFEARTH
CANNON,ATLOCATION,MUSEUM
CAT,ATLOCATION,TOWN
DRYSTORAGE,ATLOCATION,STORAGECLOSET
CANOFSODA,ATLOCATION,REFRIDGERATOR
CONCESSIONS,ATLOCATION,SPORTINGEVENT
ALUMINUMFOIL,ATLOCATION,TRASH
COUPLES,ATLOCATION,DRIVEINMOVIE
FIREPITS,ATLOCATION,STATEPARK
CORN,ATLOCATION,COUNTRY
COMPUTERUSER,ATLOCATION,COMPUTERLAB
FICUS,ATLOCATION,ILLINOIS
BALALAIKA,ATLOCATION,SYMPHONY
BEAVER,ATLOCATION,MACKINAW
FUNGUS,ATLOCATION,MUSHROOMPATCH
GRASS,ATLOCATION,COUNTRYSIDE
BUSSCHEDULES,ATLOCATION,BUSDEPOT
COSMICRAYS,ATLOCATION,SPACE
FORTUNE,ATLOCATION,TREASURECHEST
ACIT,ATLOCATION,CHEMISTRYLAB
DOCTOR,ATLOCATION,DENTIST
BUDDHISTS,ATLOCATION,TEMPLE
APPLE,ATLOCATION,APPLETREE
CHECKINCOUNTER,ATLOCATION,AIRPORT
DOCUMENTS,ATLOCATION,SUITCASE
AISLE,ATLOCATION,GROCERYSTORE
BULB,ATLOCATION,LAMP
COMPUTERGAME,ATLOCATION,SHELF
CHESSKING,ATLOCATION,CHESSSET
FUNGUS,ATLOCATION,ROTTENBREAD
BRICKROWHOUSE,ATLOCATION,BALTIMORE
BUREAU,ATLOCATION,OFFICEBUILDING
HIKINGTRAILS,ATLOCATION,FOREST
GENTLEMAN,ATLOCATION,EUROPE
BALLOONS,ATLOCATION,SKY
CHESSSET,ATLOCATION,DORM
CONTAINER,ATLOCATION,GARAGE
ENVELOPE,ATLOCATION,MAIL
CANDY,ATLOCATION,MOVIE
FUR,ATLOCATION,MAMMAL'SSKIN
ALLEY,ATLOCATION,TOWNS
CYMBAL,ATLOCATION,BAND
FOLIAGE,ATLOCATION,FOREST
BUNGALOW,ATLOCATION,NEIGHBORHOOD
GAZELLE,ATLOCATION,AFRICANFIELD
BEACHTOWEL,ATLOCATION,LINENCLOSET
FUNGUS,ATLOCATION,PINEFOREST
HORSERACE,ATLOCATION,FAIRGROUNDS
FINGER,ATLOCATION,RING
AMPHITHEATRE,ATLOCATION,OUTSIDE
BANKER,ATLOCATION,MICHIGAN
CHLORINE,ATLOCATION,SWIMMINGPOOL
CUPOFCOFFEE,ATLOCATION,DINER
CARPET,ATLOCATION,HOUSE
APPLETREE,ATLOCATION,FARMLAND
GRAINOFSAND,ATLOCATION,CLAM
COLDTAP,ATLOCATION,SINK
FICUS,ATLOCATION,NURSERY
APPLETREE,ATLOCATION,GARDENINCOUNTRY
HAIRCONDITIONER,ATLOCATION,SHOWER
COMPUTERUSER,ATLOCATION,COMPUTERSTORE
AUTOMOBILE,ATLOCATION,SLOWLANE
EYEGLASSES,ATLOCATION,BREASTPOCKET
FRESHAIR,ATLOCATION,FIELD
GROUND,ATLOCATION,TREE
BRANCH,ATLOCATION,TRUNK
HERDOFSHEEP,ATLOCATION,COUNTRY
EXPENSIVECANDY,ATLOCATION,THEATRE
GIANTSQUID,ATLOCATION,SEA
GOODYEARBLIMP,ATLOCATION,SKY
BEANBAG,ATLOCATION,ROOM
DUMBASSES,ATLOCATION,CASINO
ARMY,ATLOCATION,AFGANISTAN
COMPOST,ATLOCATION,GARDEN
FOLDER,ATLOCATION,SCHOOL
BUMPER,ATLOCATION,CAR
CHAIRS,ATLOCATION,MEETING
DOLLARBILL,ATLOCATION,BANK
COW,ATLOCATION,COWBOYMOVIE
BATHROOM,ATLOCATION,ATHOTEL
CLOUD,ATLOCATION,BLUESKY
AUTOMECHANIC,ATLOCATION,REPAIRSHOP
HAIRBRUSH,ATLOCATION,ROOM
FOOD,ATLOCATION,HOME
COURTROOM,ATLOCATION,MAINE
ARTOBJECTS,ATLOCATION,ARTSHOW
DUSTLOTSOF,ATLOCATION,BED
BOOK,ATLOCATION,BRIEFCASE
AUDITORIUM,ATLOCATION,BUILDING
CRAB,ATLOCATION,CRIB
CRAPSTABLES,ATLOCATION,CASINO
FICUS,ATLOCATION,SHADYPLACES
CARDBOARDBOX,ATLOCATION,TRASH
ANEMONE,ATLOCATION,CORALSEA
CARDSLOT,ATLOCATION,TELEPHONE
BOREDWORKER,ATLOCATION,CUBICLE
CHAIRS,ATLOCATION,OFFICE
HOSE,ATLOCATION,GREENHOUSE
APPLETREE,ATLOCATION,ORCHAD
FRIEND,ATLOCATION,NEED
32TEETH,ATLOCATION,MOUTH
ADVICE,ATLOCATION,DOCTOR
CUBICLE,ATLOCATION,WORK
BATTERYPULLER,ATLOCATION,GARAGE
HUDDERSFIELD,ATLOCATION,WESTYORKSHIRE
DIARY,ATLOCATION,DESK
HIGHRISE,ATLOCATION,PIRATESHIP
HARDWARESHOP,ATLOCATION,SHOPPINGMALL
CLARINET,ATLOCATION,ORCHESTRA
BARBERSHOP,ATLOCATION,MILITARYBASE
CONFETTI,ATLOCATION,STREETS
GAZELLE,ATLOCATION,TROPHYROOM
BEAVER,ATLOCATION,WINDSOR
GLASS,ATLOCATION,KITCHENCUPBOARD
CONTAINERCAN,ATLOCATION,GARAGE
HUBBLETELESCOPE,ATLOCATION,SPACE
EXTRASOCKS,ATLOCATION,BACKPACK
CYCLONE,ATLOCATION,OCEAN
CLIPBOARD,ATLOCATION,FORMANSHAND
CARDCASE,ATLOCATION,POCKET
DRUMMER,ATLOCATION,ROCKBAND
CANDLE,ATLOCATION,BEDROOM
COWS,ATLOCATION,FARMYARD
HAIRCLIP,ATLOCATION,BATHROOMDRAWER
BATHROOM,ATLOCATION,HOTEL
FIREPLACE,ATLOCATION,CAMP
GENERALSTORE,ATLOCATION,SMALLTOWN
DIRECTIONSIGN,ATLOCATION,FORKINROAD
HAIRROLLER,ATLOCATION,BEAUTYPARLOR
DESPAIR,ATLOCATION,CASINO
FRONTROOM,ATLOCATION,FRONTOFBUILDING
BAR,ATLOCATION,MICHIGAN
CREATURE,ATLOCATION,FOREST
CORNERGROCERY,ATLOCATION,ENGLAND
CHESSKING,ATLOCATION,CHESSBOARD
COACHSEAT,ATLOCATION,THEATER
CELLO,ATLOCATION,MUSICSTORE
AIR,ATLOCATION,HOUSE
BALDEAGLE,ATLOCATION,GREATOUTDOORS
CHESSPAWN,ATLOCATION,STRATEGICMOVE
COW,ATLOCATION,COWBARN
GAMES,ATLOCATION,SHOP
ALBUM,ATLOCATION,SCRAPBOOKSTORE
COW,ATLOCATION,RANCH
DIMESTORE,ATLOCATION,SHOPPINGCENTER
BELLS,ATLOCATION,CHURCH
FATOLDDRUNKS,ATLOCATION,BOWLINGALLEY
FOOTSTOOL,ATLOCATION,WORKSHOP
BEANS,ATLOCATION,PLATE
GARBAGECAN,ATLOCATION,BACKYARD
BICYCLE,ATLOCATION,STORE
HEIFER,ATLOCATION,STALL
BENCHESTOSITON,ATLOCATION,PARK
GLASSES,ATLOCATION,DRAWER
HORSE,ATLOCATION,STATEFAIR
BALLOONS,ATLOCATION,FAIRGROUNDS
APPLETREE,ATLOCATION,FARMAREA
CONFETTI,ATLOCATION,PARTYSHOP
CONTAINERDRUM,ATLOCATION,WAREHOUSE
FILEDRAWER,ATLOCATION,DESK
DEPARTMENTSTORE,ATLOCATION,BIGCITY
CUP,ATLOCATION,SINK
FICUS,ATLOCATION,SCREENEDPORCH
HOUSEGUEST,ATLOCATION,FRONTDOOR
HINGEDDOOR,ATLOCATION,BUILDING
BUFFET,ATLOCATION,DINNINGROOM
ARTICFOX,ATLOCATION,ARCTIC
FUNGUS,ATLOCATION,BOTANYLAB
HOIST,ATLOCATION,DOCK
DEBITCARD,ATLOCATION,BILLFOLD
CRAB,ATLOCATION,RESTERAUNT
CAT,ATLOCATION,CHARGE
CIGARETTE,ATLOCATION,HAND
BADFOOD,ATLOCATION,MOTEL
CRAB,ATLOCATION,BOILINGWATER
DUST,ATLOCATION,DRAWER
CATTLE,ATLOCATION,COUNTRY
CARHOPEFULLY,ATLOCATION,GARAGE
ENVELOPE,ATLOCATION,DESK
FOUNTAINPEN,ATLOCATION,DESKDRAWER
DOORMAT,ATLOCATION,PORCH
CAVITY,ATLOCATION,SOLIDOBJECT
BUTTERFLY,ATLOCATION,MEADOW
FLOURIDE,ATLOCATION,WATER
DANDRUFFSHAMPOO,ATLOCATION,SHOWER
GAMES,ATLOCATION,ARCADE
BACKDROP,ATLOCATION,THEATRE
CLARINET,ATLOCATION,JAZZBAND
CHEQUEBOOK,ATLOCATION,BRIEFCASE
BUG,ATLOCATION,RUG
CAT,ATLOCATION,HOUSE
DUFFELBAG,ATLOCATION,ARMY
FROST,ATLOCATION,FREEZER
CDS,ATLOCATION,CABINET
HOMELINESS,ATLOCATION,HOME
DUST,ATLOCATION,AIR
CUPFORDRINKING,ATLOCATION,WATERCOOLER
GAVEL,ATLOCATION,JUDGE'SBENCH
BACKGARDENIN,ATLOCATION,BACKYARD
CHEQUEBOOK,ATLOCATION,POCKETBOOK
BEAVER,ATLOCATION,WOODSS
FOREST,ATLOCATION,TEMPERATEZONE
BOREDOM,ATLOCATION,MEETING
GRAPE,ATLOCATION,CLUSTER
GRID,ATLOCATION,THERMIONICVALVE
EXAMTABLE,ATLOCATION,EXAMINATIONHALL
FILE,ATLOCATION,DESKDRAWER
GAZELLE,ATLOCATION,AFRICANPLAINS
BLOTTER,ATLOCATION,DESK
FUR,ATLOCATION,CATSBED
HARMONICA,ATLOCATION,POCKET
BABYCORN,ATLOCATION,CAN
FERRET,ATLOCATION,MAMMELFAMILY
APPLIANCES,ATLOCATION,HOUSE
CRAB,ATLOCATION,FISHINGBOAT
HARPSICHORD,ATLOCATION,CONCERTHALL
CUPBOARD,ATLOCATION,OWNKITCHEN
CLOCK,ATLOCATION,SHELF
HAIRDRYER,ATLOCATION,DRUGSTORE
FOOTBALLTEAM,ATLOCATION,UNIVERSITY
FLOWERGIRLS,ATLOCATION,WEDDING
DENTALFLOSS,ATLOCATION,MEDICINECABINET
CANDY,ATLOCATION,THEATER
CARNIVALRIDE,ATLOCATION,CARNIVAL
APPLETREE,ATLOCATION,MEADOW
DENIM,ATLOCATION,JEANS
CREDITS,ATLOCATION,ENDOFMOVIE
COACHSEAT,ATLOCATION,JUMBOJET
HIGHRISE,ATLOCATION,DOWNTOWN
CROWDEDTRAINS,ATLOCATION,INDIA
BEVERAGESERVICE,ATLOCATION,DEPARTMENTSTORE
BLOOD,ATLOCATION,CAPILLARIES
CAVITY,ATLOCATION,MOUTH
DRUNKMEN,ATLOCATION,BAR
HEIFER,ATLOCATION,RANCHERSFIELD
FOX,ATLOCATION,KETUCKYFIELD
DOOR,ATLOCATION,OFFICE
ANIMALHAIR,ATLOCATION,RUG
FURTNITURE,ATLOCATION,RUG
FRESHCUTFLOWERS,ATLOCATION,TABLE
GUY,ATLOCATION,SPACESHUTTLE
HEATEDTOWELRACK,ATLOCATION,RESORTHOTEL
GUN,ATLOCATION,GUNSTORE
GAZELLE,ATLOCATION,SAVANA
FUNGUS,ATLOCATION,OLDCLOTHES
BALDEAGLE,ATLOCATION,WIGSHOP
BLOWFISH,ATLOCATION,JAPANESEMEAL
CEILING,ATLOCATION,BUILDING
FOREST,ATLOCATION,EARTH
HEARINGAID,ATLOCATION,DRAWER
GAZELLE,ATLOCATION,SERENGETIPLAIN
COMMITTEE,ATLOCATION,MEETING
HEATINGROOM,ATLOCATION,BUILDING
DROPOFBLOOD,ATLOCATION,BLOODBANK
FEET,ATLOCATION,DESK
HAIRCAREARTICLE,ATLOCATION,BATHROOM
CHECKINGFILES,ATLOCATION,CABINET
GUN,ATLOCATION,POLICECAR
CORN,ATLOCATION,POLENTA
CRAB,ATLOCATION,CHESAPEAKBAY
EYEBROWPENCIL,ATLOCATION,CABINET
BEAVER,ATLOCATION,STEW
CAT,ATLOCATION,ATTIC
BALDEAGLE,ATLOCATION,PHOTOGRAPH
BALDEAGLE,ATLOCATION,MAINE
BRASS,ATLOCATION,ENGLISHCHURCH
CRAB,ATLOCATION,SALTWATER
BALDEAGLE,ATLOCATION,CENTRALIDAHO
DIAMOND,ATLOCATION,MINE
BEINGSTORED,ATLOCATION,LOFT
BARTENDER,ATLOCATION,BAR
DIME,ATLOCATION,PURSE
GOD,ATLOCATION,BIBLE
GUM,ATLOCATION,WATERFOUNTAIN
ATTACHCASE,ATLOCATION,LAWYER'SOFFICE
CLUB,ATLOCATION,MEETINGPLACE
CORRIGATION,ATLOCATION,BOX
BROOM,ATLOCATION,GARAGE
DESKCLERK,ATLOCATION,ATHOTEL
GUM,ATLOCATION,GROUND
FROZENFOODS,ATLOCATION,SUPERMARKET
BUGS,ATLOCATION,LOFT
BEAUTYSALON,ATLOCATION,NEIGHBORHOOD
FOLDINGCHAIR,ATLOCATION,CHURCH
DANCING,ATLOCATION,SHOW
AISLE,ATLOCATION,CHURCH
FANS,ATLOCATION,STORE
CONFESSIONAL,ATLOCATION,CONFESSION
DOG,ATLOCATION,POUND
COW,ATLOCATION,CATTLE
HIPPIES,ATLOCATION,COFFEESHOPS
APPLEPIE,ATLOCATION,OVEN
FOX,ATLOCATION,BAR
EGG,ATLOCATION,OMELET
BOOK,ATLOCATION,UNIVERSITY
ELECTRICRAZOR,ATLOCATION,KMART
BIKES,ATLOCATION,STREET
HAIRACCESSORY,ATLOCATION,HAIRDRESSER
BUSSTATION,ATLOCATION,CITYCENTRE
HUMAN,ATLOCATION,AGONY
GARDENHOSE,ATLOCATION,YARD
DANCECLUB,ATLOCATION,UNITEDSTATES
ERASER,ATLOCATION,SCHOOL
BEE,ATLOCATION,PARK
FRONTYARD,ATLOCATION,FRONTOFHOUSE
COOKEDFOOD,ATLOCATION,OVEN
FLOWERBOX,ATLOCATION,WINDOWSILL
DRAWINGROOM,ATLOCATION,HOUSEINENGLAND
HEDGE,ATLOCATION,BACKYARD
ANEMONE,ATLOCATION,FLOWERPOT
ATLANTICOCEAN,ATLOCATION,SUBMARINES
BOUNDARY,ATLOCATION,SOCIETY
DOMEARCH,ATLOCATION,CHURCH
APPLETREE,ATLOCATION,APPLEGROVE
BALDEAGLE,ATLOCATION,TOPOFFLAGPOLE
DRUG,ATLOCATION,DRUGSTORE
GARBAGETRUCK,ATLOCATION,STREET
HOTWATERHEATER,ATLOCATION,CELLAR
HOMEWORK,ATLOCATION,DESK
CAT,ATLOCATION,HUMAN'SLAP
CHALK,ATLOCATION,CLASSROOM
DRUM,ATLOCATION,MUSICIAN'SHOME
CEO,ATLOCATION,CORPORATION
DANCERS,ATLOCATION,BALLROOM
BILLFOLD,ATLOCATION,BACKPOCKET
BED,ATLOCATION,LOFT
BEAVER,ATLOCATION,WASHINGTON
GUITAR,ATLOCATION,MUSICROOM
BREAD,ATLOCATION,GRANDMA'SOVEN
DESKCLERK,ATLOCATION,HOTEL
FOOD,ATLOCATION,HOUSE
HOTDOGS,ATLOCATION,DISNEYLAND
BOOK,ATLOCATION,DRAWER
CROSSROADS,ATLOCATION,COUNTRY
FOOTPRINTS,ATLOCATION,ROOF
CASHCOIN,ATLOCATION,WALLET
FLASK,ATLOCATION,CHEMISTRYLAB
GOURMETSHOP,ATLOCATION,INDIANA
CHAIR,ATLOCATION,FLOOR
DIVIDER,ATLOCATION,OFFICESUITE
FRIEND,ATLOCATION,WORKPLACE
GRAPE,ATLOCATION,PLATE
ANT,ATLOCATION,ANTHILL
BUSINESS,ATLOCATION,BUILDING
DIAPHRAGM,ATLOCATION,WOMAN'SPURSE
BREAD,ATLOCATION,BREADBOX
COMPUTER,ATLOCATION,CLASSROOM
DOG,ATLOCATION,DOGOWNER'SHOME
BALCONYRAILING,ATLOCATION,THEATRE
HOMELESSPERSON,ATLOCATION,HOMELESSSHELTER
BALDEAGLE,ATLOCATION,BAYOFFUNDYAREA
ADVERTISEMENT,ATLOCATION,MAILBOX
DOLPHINS,ATLOCATION,SEA
DUST,ATLOCATION,CORNER
CARDBOARD,ATLOCATION,RECYCLINGBIN
BEARS,ATLOCATION,ARCTIC
ENIGMA,ATLOCATION,QUANDRY
BOATER,ATLOCATION,BOAT
GURU,ATLOCATION,TOPOFMOUNTAIN
GAMBLER,ATLOCATION,CASINO
FOOTBALLFIELD,ATLOCATION,UNIVERSITY
APPLETREE,ATLOCATION,FLORIDA
GOVERNMENT,ATLOCATION,WASHINGTOND.C
ANTIBIOTICS,ATLOCATION,CABINET
CHESSBISHOP,ATLOCATION,CHESSGAME
CHAIR,ATLOCATION,FURNITURESTORE
FERRET,ATLOCATION,POCKET
FLASHINGLIGHTS,ATLOCATION,ROADBLOCK
BRASSINSTRUMENT,ATLOCATION,BRASSBAND
FOX,ATLOCATION,HUNT
CAT,ATLOCATION,SUNBEAM
BEAKER,ATLOCATION,CHEMISTRYLAB
CABLE,ATLOCATION,COMPUTER
DRUGE,ATLOCATION,UNIVERSITY
BALLROOM,ATLOCATION,BUILDING
CORNERSHOP,ATLOCATION,STREET
CHAIR,ATLOCATION,CORNER
FIRSTFLOOR,ATLOCATION,BULIDING
COSMICRADIATION,ATLOCATION,SPACE
ADDRESS,ATLOCATION,HOUSE
BEARDEDLADY,ATLOCATION,CARNIVAL
FARMERS,ATLOCATION,FAIRGROUNDS
ACCOUNTBOOK,ATLOCATION,PURSE
BEGGAR,ATLOCATION,STREET
FLOOR,ATLOCATION,ROOM
FICUSTREE,ATLOCATION,DENTIST
GAZELLE,ATLOCATION,FIELDGRAZING
CHAPERONES,ATLOCATION,PARTY
GEESE,ATLOCATION,AIR
CLIPBOARD,ATLOCATION,WINDOWS95
COPS,ATLOCATION,STREET
BRIEFCASE,ATLOCATION,DESK
HORSE,ATLOCATION,DOGFOOD
GUM,ATLOCATION,MOVIE
FOLDERS,ATLOCATION,CABINET
DININGROOM,ATLOCATION,RESTERAUNT
BASSCLARINET,ATLOCATION,ORCHESTRA
ELK,ATLOCATION,FOREST
GRASS,ATLOCATION,LAWN
BALL,ATLOCATION,CLOSET
CREDITCARD,ATLOCATION,RESTURANT
FAUCETOVERFLOW,ATLOCATION,BATHROOMSINK
ACCOMMODATIONS,ATLOCATION,THEATER
BALDEAGLE,ATLOCATION,TREE
CANDLE,ATLOCATION,CANDLEHOLDER
BIRD,ATLOCATION,WINDOWSILL
HEATINGELEMENTS,ATLOCATION,OVEN
CRACKERS,ATLOCATION,CUPBOARD
CLOUDS,ATLOCATION,AIR
COUNTER,ATLOCATION,GYM
ACCORDION,ATLOCATION,VARIETYSHOW
DUSTBIN,ATLOCATION,JANITOR'SCLOSET
FOLDER,ATLOCATION,BRIEFCASE
BOBBYPIN,ATLOCATION,WOMAN'SHAIR
FRONTGARDEN,ATLOCATION,FRONTYARD
ELECTRICFAN,ATLOCATION,HOME
BEARS,ATLOCATION,WOODS
BMW,ATLOCATION,GERMANY
DRUM,ATLOCATION,TRAPSET
CARWAX,ATLOCATION,GARAGE
DUST,ATLOCATION,DESK
FOX,ATLOCATION,ASS
BOOKMARKS,ATLOCATION,BOOKSTORE
CORNERSHOP,ATLOCATION,ENGLAND
FREEZER,ATLOCATION,GARAGE
APRICOT,ATLOCATION,TABLE
CLUTTER,ATLOCATION,OFFICE
FAUCET,ATLOCATION,WATERFOUNTAIN
FOOD,ATLOCATION,MALL
COMFORTER,ATLOCATION,WORLD
CHESSKING,ATLOCATION,GAMEROOM
FOX,ATLOCATION,BOC
DOG,ATLOCATION,FRONTDOOR
HARDWARESHOP,ATLOCATION,MICHIGAN
GLASSEDROOF,ATLOCATION,ARBORATUM
CONCESSIONSTAND,ATLOCATION,MOVIES
EXTRABEDDING,ATLOCATION,DRAWER
BROKENGLASS,ATLOCATION,TRASH
DOG,ATLOCATION,COUCH
BLUEFLOWER,ATLOCATION,MEADOW
CHOKER,ATLOCATION,JEWELRYSTORE
BLOWFISH,ATLOCATION,AQAURIUM
DEADLEAVES,ATLOCATION,FOREST
COUNTRY,ATLOCATION,FOREST
4MASTEDSCHOONER,ATLOCATION,SEA
BAGGAGE,ATLOCATION,AIRPORTCAROUSEL
FUNGUS,ATLOCATION,DAMPWARMPLACE
BASEBALL,ATLOCATION,BASEBALLGAME
BARBERSHOP,ATLOCATION,MINIMALL
ARTWORK,ATLOCATION,HOUSE
ADHESIVEBANDAGE,ATLOCATION,BOOBOO
BACTERIA,ATLOCATION,GROUND
BAT,ATLOCATION,BRIDGE
DISEASE,ATLOCATION,LAB
HEIFER,ATLOCATION,COWBARN
BALDEAGLE,ATLOCATION,WEST
CAT,ATLOCATION,ROOFTOP
GRAFITTI,ATLOCATION,SUBWAY
APPLETREE,ATLOCATION,NURSERYCATALOG
COACHSEAT,ATLOCATION,TRAIN
CANNONBALL,ATLOCATION,CANNON
HAIRCLIP,ATLOCATION,DRUGSTORE
CAJUNMUSTARD,ATLOCATION,JAR
AIRTICKET,ATLOCATION,SUITCASE
ARCH,ATLOCATION,SHOE
FORMS,ATLOCATION,DESK
ALCOHOL,ATLOCATION,RESTAURANTS
APPLE,ATLOCATION,TOFFEEAPPLE
ACORN,ATLOCATION,FOREST
CHESSSET,ATLOCATION,CUPBOARD
GRAFFITTI,ATLOCATION,SUBWAY
GUYSSTUDYING,ATLOCATION,FRATERNITYHOUSE
FUNGUS,ATLOCATION,WETFOREST
DESKS,ATLOCATION,FRATERNITYHOUSE
GIFTS,ATLOCATION,PARTY
FORRECYCLING,ATLOCATION,WASTEBIN
COLORS,ATLOCATION,PLATE
HOTELROOM,ATLOCATION,CITY
DISCO,ATLOCATION,EIGHTIES
CHANGINGROOM,ATLOCATION,THEATER
ECHINACEA,ATLOCATION,MEDICINECHEST
GOODS,ATLOCATION,STORE
BEAVER,ATLOCATION,FACE
CLIP,ATLOCATION,HAIR
BROKENEQUIPMENT,ATLOCATION,GARAGE
DIRT,ATLOCATION,GARDEN
CRAB,ATLOCATION,ROCKS
COUNTER,ATLOCATION,STORE
HALL,ATLOCATION,DORMITORY
ANEMONE,ATLOCATION,INTERTIDALZONE
BASEBALLSTADIUM,ATLOCATION,SANFRANCISCO
FOX,ATLOCATION,HIDING
CONTRALTO,ATLOCATION,CONCERT
CANOPENER,ATLOCATION,BACKPACK
BONE,ATLOCATION,VERTEBRATE
ERASER,ATLOCATION,PENCIL
GAMBLERS,ATLOCATION,RACETRACK
HEIFER,ATLOCATION,DAIRYBARN
BASKET,ATLOCATION,STORE
BUTTONTOTURNON,ATLOCATION,WATERFOUNTAIN
BLOWFISH,ATLOCATION,HOUSE
DIMESTORE,ATLOCATION,OLDMOVIE
ENTRANCEHALL,ATLOCATION,PERSON
CAT,ATLOCATION,HUMANESOCIETY
CHECKBOOKCOVER,ATLOCATION,CHECKBOOK
FOX,ATLOCATION,DRSEUSSBOOK
DADDY,ATLOCATION,RELATIVESHOUSE
BEAVER,ATLOCATION,INWILD
BOOKS,ATLOCATION,CLASSROOM
FIELDS,ATLOCATION,COUNTRYSIDE
CORNERGROCERY,ATLOCATION,SMALLTOWN
BUMS,ATLOCATION,PARK
EXHIBITS,ATLOCATION,MUSEUM
CLOTHINGSHELF,ATLOCATION,CLOTHINGSTORE
CEREAL,ATLOCATION,BOX
CIVILIZATION,ATLOCATION,SURFACEOFEARTH
ARCH,ATLOCATION,ARCHWAY
DRINKS,ATLOCATION,DINNER
CORAL,ATLOCATION,SEA
HOLE,ATLOCATION,POCKET
COWMANURE,ATLOCATION,MEADOW
BANJO,ATLOCATION,MUSICBAND
HAM,ATLOCATION,PIZZA
GUITAR,ATLOCATION,STORE
CUPOFMOUTHWASH,ATLOCATION,DENTIST
AUTOMOBILEOIL,ATLOCATION,CABINET
ASTEROID,ATLOCATION,SPACE
GROUNDFLOOR,ATLOCATION,BUILDING
EQUIPMENT,ATLOCATION,SPACESHUTTLE
FURNITURE,ATLOCATION,NEIGHBOR'SHOUSE
FOREST,ATLOCATION,COUNTRY
COLDFAUCET,ATLOCATION,KITCHEN
FRUIT,ATLOCATION,FRIDGE
AIRCONDITIONER,ATLOCATION,SOUTH
CONTAINER,ATLOCATION,FOOD
DISCO,ATLOCATION,TRASH
DISEASE,ATLOCATION,HOSPITAL
HORSE,ATLOCATION,DOGFOODFACTORY
HAVECAVITY,ATLOCATION,DENTIST
FOODCAN,ATLOCATION,SUPERMARKET
BOOKS,ATLOCATION,COLLEGE
CRAB,ATLOCATION,COOKINGKETTLE
CAFE,ATLOCATION,CITY
CONDOM,ATLOCATION,WALLET
BIGCASTLE,ATLOCATION,DISNEYLAND
BUBONICPLAGUE,ATLOCATION,ATTIC
CENTERPASSAGE,ATLOCATION,OLDMANSION
BREADORCRACKERS,ATLOCATION,BREADBOX
DRUGDEALERS,ATLOCATION,SCHOOL
BAKINGBREAD,ATLOCATION,OVEN
BILLBOARD,ATLOCATION,LASVEGAS
DISCOMFORT,ATLOCATION,DENTIST
BUSSTOP,ATLOCATION,CITY
BORDER,ATLOCATION,MAP
BATHROOM,ATLOCATION,AIRPORT
CARROTS,ATLOCATION,CELLAR
COMPUTERUSER,ATLOCATION,HOME
GRAVEYARD,ATLOCATION,EVERYTOWN
BASKET,ATLOCATION,CHURCH
HOLE,ATLOCATION,GOLFGREEN
CUCKOOCLOCK,ATLOCATION,GERMANY
BLANKETS,ATLOCATION,TRUNK
CARDBOARD,ATLOCATION,BOX
CRASHCYMBAL,ATLOCATION,ROCKBAND
CASUALTIES,ATLOCATION,HOSPITAL
CANEAT,ATLOCATION,FRIDGE
FRIENDS,ATLOCATION,MOVIE
GRAVEYARD,ATLOCATION,ARLINGTON
ADDRESSLABEL,ATLOCATION,DESKDRAWER
FLOCKOFPIGEONS,ATLOCATION,ROOF
GROUPGATHERINGS,ATLOCATION,PARK
HOIST,ATLOCATION,WORKSHOP
CHEFSPECIAL,ATLOCATION,KITCHEN
BUMMIES,ATLOCATION,SUBWAY
APPLETREE,ATLOCATION,UZBEKISTAN
HEARINGAID,ATLOCATION,EAR
FLOORING,ATLOCATION,BUNDLE
BALDEAGLE,ATLOCATION,SKYSOARING
CARDBOARD,ATLOCATION,PACKAGING
CHAIN,ATLOCATION,SHED
COIL,ATLOCATION,SPRING
BUBBLES,ATLOCATION,SWIMMINGPOOL
HORSE,ATLOCATION,WASHINGTON
FASTFOODCHAIN,ATLOCATION,SUBURBANAREA
CRAB,ATLOCATION,CRABNET
BOOK,ATLOCATION,DESK
BIBLIOPHILE,ATLOCATION,BOOKSTORE
COBWEBS,ATLOCATION,GARAGE
DRUNKWOMEN,ATLOCATION,BAR
GAME,ATLOCATION,FAIR
FOX,ATLOCATION,ARTIC
BLANKET,ATLOCATION,LINENCLOSET
BUFFET,ATLOCATION,WEDDING
ANGELFIS,ATLOCATION,SEA
HIGHWAY,ATLOCATION,CITY
BLOWDRYER,ATLOCATION,DEPARTMENTSTORE
BAR,ATLOCATION,NIGHTCLUB
GLUE,ATLOCATION,ARTROOM
ALTAR,ATLOCATION,TEMPLE
HORSE,ATLOCATION,FLORIDA
CLAVICHORD,ATLOCATION,MUSEUM
BALDEAGLE,ATLOCATION,UTAH
CALCULATOR,ATLOCATION,BRIEFCASE
BUSSHELTER,ATLOCATION,URBANAREA
BREAD,ATLOCATION,STORE
FICUS,ATLOCATION,POT
HOMELESS,ATLOCATION,BRIDGE
BLOWFISH,ATLOCATION,REEF
EGGS,ATLOCATION,CHICKENCOOP
AUTOMOBILE,ATLOCATION,GARAGE
CRAB,ATLOCATION,COSTALAREA
BEE,ATLOCATION,BUCOLICAREA
CHECKBOOKCOVER,ATLOCATION,WALLET
DRINKSANDSNACKS,ATLOCATION,SHOW
BLOWFISH,ATLOCATION,LITTLEMERMAID
BOOKFOODS,ATLOCATION,FRIDGES
HINDUS,ATLOCATION,TEMPLE
HORSE,ATLOCATION,RIDINGSTABLE
HEART,ATLOCATION,CHEST
COLOREDTHREADS,ATLOCATION,CABINET
FICUS,ATLOCATION,RAINFOREST
BOOZE,ATLOCATION,BAR
HOSPITAL,ATLOCATION,TOWN
CAT,ATLOCATION,HUMANESHELTER
BONE,ATLOCATION,FISH
FIVEANDDIME,ATLOCATION,WALLET
CREDITCARD,ATLOCATION,ENVELOPE
DININGROOMTABLE,ATLOCATION,HOME
EMERGENCYEXIT,ATLOCATION,BUILDING
FABRICATIONS,ATLOCATION,BIBLE
BOUNDARY,ATLOCATION,ATLASORMAP
DOCTOR,ATLOCATION,MEDICALOFFICE
BETABLOCKER,ATLOCATION,MEDICINECHEST
BORDER,ATLOCATION,COUNTRY
BATMAN,ATLOCATION,GOTHAM
CAT,ATLOCATION,WILD
HAT,ATLOCATION,HATBOX
CARSEATBELTS,ATLOCATION,CAR
GLASS,ATLOCATION,WINDOW
CANDY,ATLOCATION,JAR
FUNGUS,ATLOCATION,DAMPWOODS
FOX,ATLOCATION,MOUNTAINS
BASEBALLTICKET,ATLOCATION,FENWAYPARK
BEAVER,ATLOCATION,MIT
GLASSEDROOF,ATLOCATION,BUILDING
BUBBLEGUM,ATLOCATION,SUPERMARKET
CANGOODS,ATLOCATION,GROCERYSTORE
BUG,ATLOCATION,ROCK
COMET,ATLOCATION,ORBIT
CANVAS,ATLOCATION,ARTSTUDIO
HAIRDRYER,ATLOCATION,HOTEL
BLACKJACKTABLES,ATLOCATION,CASINO
EXPERIMENT,ATLOCATION,LABORATORY
DIVIDER,ATLOCATION,NOTEBOOK
HAIRSHAPINGGEL,ATLOCATION,GIRLSBATHROOM
HOMELESS,ATLOCATION,SUBWAY
CLOTH,ATLOCATION,OLDMAN'SPOCKET
HAPPINESS,ATLOCATION,OPERA
CHEST,ATLOCATION,HOUSE
COLUMN,ATLOCATION,WHITEHOUSE
GLUE,ATLOCATION,BOOKBINDING
GRAPE,ATLOCATION,LUNCHBOX
BUMS,ATLOCATION,BRIDGE
CDPLAYER,ATLOCATION,BACKPACK
BARS,ATLOCATION,JAIL
HOMELESSPEOPLE,ATLOCATION,BRIDGE
HIGHRISE,ATLOCATION,LAKESHOREAREA
COMPUTERLAB,ATLOCATION,UNIVERSITY
BONE,ATLOCATION,HUMANBODY
GRAPE,ATLOCATION,FRIDGE
BASEBALLFIELD,ATLOCATION,DETROIT
DANDRUFFSHAMPOO,ATLOCATION,HOUSE
GRAPE,ATLOCATION,FARM
CLAM,ATLOCATION,BOTTOMOFSEA
CREDITCARD,ATLOCATION,WALLET
FERRET,ATLOCATION,WORLD
EMPLOYEES,ATLOCATION,WORK
GARBAGE,ATLOCATION,TORONTO
GRAPE,ATLOCATION,SUPERMARKET
EATMEAL,ATLOCATION,STOMACH
CURTAIN,ATLOCATION,SHOW
BOTTLE,ATLOCATION,DIAPERBAG
CALENDAR,ATLOCATION,DESK
HORSE,ATLOCATION,TRAILER
CHAIRS,ATLOCATION,THEATER
BELIEVER,ATLOCATION,CHURCH
CLEANCLOTHING,ATLOCATION,CLOSET
COURT,ATLOCATION,BUILDING
HOME,ATLOCATION,CITYORTOWN
CHECK,ATLOCATION,BANK
DESKTRAY,ATLOCATION,OFFICEMAX
FRONTDESK,ATLOCATION,ATHOTEL
FLAG,ATLOCATION,SUFACEOFMOON
FISH,ATLOCATION,BRIDGE
GOAL,ATLOCATION,HOCKEYGAME
DOG,ATLOCATION,TABLE
COCKTAILCABINET,ATLOCATION,HOTELROOM
GHOSTS,ATLOCATION,CELLAR
CHESSSET,ATLOCATION,COFFEEHOUSE
HEIFER,ATLOCATION,CATTLESHOW
ASPIRIN,ATLOCATION,MEDICINECHEST
HANGER,ATLOCATION,CLOSET
COUPLE,ATLOCATION,THEATRE
APPLETREE,ATLOCATION,APPLETREEORCHED
CHAIN,ATLOCATION,TOWTRUCK
CURB,ATLOCATION,CITY
HOME,ATLOCATION,WHEREHEART
CRAB,ATLOCATION,SANDBYOCEAN
CRACKHOUSES,ATLOCATION,GHETTO
ANTITUSSIVE,ATLOCATION,MEDICINECHEST
HILL,ATLOCATION,COUNTRY
APPLETREE,ATLOCATION,FIELD
CHEQUE,ATLOCATION,CHEQUEBOOK
DORMITORY,ATLOCATION,UNIVERSITY
FUNGUS,ATLOCATION,DARKDAMPPLACE
HOTDOGVENDOR,ATLOCATION,SPORTINGEVENT
FISHINGWORMS,ATLOCATION,DIRT
BANKER,ATLOCATION,CITY
FASTFOODCHAIN,ATLOCATION,BEIJING
CAT,ATLOCATION,OLDLADY'SHOUSE
DELICATESSEN,ATLOCATION,SUPERMARKET
HEATEDTOWELRACK,ATLOCATION,BATHROOM
COFFEETABLE,ATLOCATION,BREAKFASTNOOK
CHURCHYARD,ATLOCATION,COUTRYSIDE
HAT,ATLOCATION,HEAD
DUST,ATLOCATION,PLATE
AUDIENCE,ATLOCATION,CHURCH
HUBCAP,ATLOCATION,STREET
ACNEMEDICATION,ATLOCATION,PHARMACY
HOTFAUCET,ATLOCATION,BATHROOM
CRAB,ATLOCATION,ROCKPOOL
APHIDS,ATLOCATION,ROSES
DRUNK,ATLOCATION,JAIL
CHILDREN,ATLOCATION,DAYCARE
CRAB,ATLOCATION,CHOWDER
GROCERYSTORE,ATLOCATION,TOWN
FORK,ATLOCATION,TABLE
CATINPETSTORE,ATLOCATION,SHOPPINGMALL
EASEL,ATLOCATION,ARTSHOW
BEANBAGCHAIR,ATLOCATION,COLLEGEDORMROOM
DRESSER,ATLOCATION,HOMES
FLOUNDERS,ATLOCATION,OCEAN
CORRECTIONFLUID,ATLOCATION,DESKDRAWER
DEBRIS,ATLOCATION,ORBIT
CIRCULARROUTE,ATLOCATION,TOWN
BROKEN,ATLOCATION,REPAIRSHOP
DARKNESS,ATLOCATION,MOON
CARSTOOLSGHOSTS,ATLOCATION,GARAGE
CHECK,ATLOCATION,DESKINHOTEL
HARPSICHORD,ATLOCATION,MUSICSHOP
FORK,ATLOCATION,PLANE
FRONTDESK,ATLOCATION,HOTEL
CREATURE,ATLOCATION,WORLD
GAMES,ATLOCATION,CARNIVAL
CRAB,ATLOCATION,SKYCALLEDCANCER
BOTTLEOFMERLOT,ATLOCATION,WINECELLAR
CARPET,ATLOCATION,LANDFILL
BALDEAGLE,ATLOCATION,RURALAREA
DRIVER'SLICENSE,ATLOCATION,PURSE
CRUMBS,ATLOCATION,TABLE
FORGIVENESS,ATLOCATION,CONFESSION
HANDGUN,ATLOCATION,HANDOFMURDER
CAMPERS,ATLOCATION,FOREST
AMONIA,ATLOCATION,CHEMISTRYLAB
BOBBYPIN,ATLOCATION,LADIESHAIR
AIR,ATLOCATION,JAR
BUGLE,ATLOCATION,TROOP
CONTAINERCUP,ATLOCATION,KITCHENCUPBOARD
CROUPIE,ATLOCATION,CASINO
ACCELERATOR,ATLOCATION,VEHICLE
COTTON,ATLOCATION,FABRIC
CRAB,ATLOCATION,BEAH
CELLO,ATLOCATION,BAND
FERRET,ATLOCATION,TROUSERLEG
HARDBACKBOOKS,ATLOCATION,BOOKSTORE
COMFORTER,ATLOCATION,BABIESMOUTH
DECISIONS,ATLOCATION,FORKINROAD
3IN1OIL,ATLOCATION,CABINET
CHLAMYDIA,ATLOCATION,HOOKER'SVAGINA
GARBAGE,ATLOCATION,GARBAGECANS
CIGARETTESMOKE,ATLOCATION,BAR
BAGGAGE,ATLOCATION,CRUISESHIP
CURTAIN,ATLOCATION,MOVIES
EGG,ATLOCATION,HEN'SNEST
COSMICDUST,ATLOCATION,SPACE
FROGS,ATLOCATION,PORCH
FLIES,ATLOCATION,ROTTINGCORPSE
FORSALE,ATLOCATION,MALL
GENTLEMAN,ATLOCATION,SUIT
BLOWFISH,ATLOCATION,FISHMARKET
BEAVER,ATLOCATION,WETLANDS
HEAD,ATLOCATION,MORGUE
5X8CARDS,ATLOCATION,CABINET
FERRET,ATLOCATION,FERRETHOUSE
BICYCLERIDER,ATLOCATION,STREET
FUNGUS,ATLOCATION,FARMSTAND
BOOKSHELVES,ATLOCATION,FRATERNITYHOUSE
DOORWAYS,ATLOCATION,BUILDING
BEER,ATLOCATION,BREWERY
COINS,ATLOCATION,PURSE
BAR,ATLOCATION,CITY
CRAB,ATLOCATION,BASKET
BLOWFISH,ATLOCATION,BOLE
FUNGUS,ATLOCATION,DIRTYSHOWER
CREATURE,ATLOCATION,HORRORMOVIE
GAZELLE,ATLOCATION,SVANNA
FALLLEAVES,ATLOCATION,LAWN
COFFEETABLE,ATLOCATION,HOUSE
EDUCATION,ATLOCATION,UNIVERSITY
BEE,ATLOCATION,MICHIGAN
HOMEMADEJAM,ATLOCATION,FARMER'SMARKET
CLASSROOM,ATLOCATION,CHALKBOARD
DENTALOFFICE,ATLOCATION,MICHIGAN
FINGERPRING,ATLOCATION,FINGER
CRASHCYMBAL,ATLOCATION,ORCHESTRA
BEE,ATLOCATION,BEENSTS
FERRET,ATLOCATION,SHADE
HEIFER,ATLOCATION,FEEDLOTORSTALL
COW,ATLOCATION,ADVERTISEMENT
DOOR,ATLOCATION,THEATER
BEDPANS,ATLOCATION,HOSPITAL
BAY,ATLOCATION,LAKE
BUNSENBURNER,ATLOCATION,CHEMISTRYLAB
HAIRSHAPINGGEL,ATLOCATION,SALON
COCKROACH,ATLOCATION,CUPBOARD
ALARMCLOCK,ATLOCATION,HOME
BELIEF,ATLOCATION,HUMANMIND
FRONTCOURTYARD,ATLOCATION,NEWHOMES
COMPUTER,ATLOCATION,BACKPACK
BELT,ATLOCATION,CLOSET
HAIR,ATLOCATION,BRUSH
DUST,ATLOCATION,CARPET
ASTRONAUTS,ATLOCATION,SPACESHIP
BROWNSTONE,ATLOCATION,NEWYORKCITY
FUNGUS,ATLOCATION,GROUND
GOD,ATLOCATION,HEAVEN
BAY,ATLOCATION,INLET
EYEGLASSESCASE,ATLOCATION,DRAWER
HOUSEHOLDITEM,ATLOCATION,HOUSE
HEATEDTOWELRACK,ATLOCATION,SPA
COINSLOT,ATLOCATION,SUBWAY
HARDWARESTORE,ATLOCATION,TOWN
EXHAUSTFAN,ATLOCATION,KITCHEN
COTTAGE,ATLOCATION,FAIRYSTORY
BEESNEST,ATLOCATION,TREE
BLANKET,ATLOCATION,MICHIGAN
COWS,ATLOCATION,FAIRGROUNDS
BAGGAGETRUNK,ATLOCATION,STEAMSHIP
CORN,ATLOCATION,CAN
FROZENPEAS,ATLOCATION,FREEZER
FLORAANDFAUNA,ATLOCATION,PARK
FOOTSTOOL,ATLOCATION,DESK
DIRECTORCHAIR,ATLOCATION,SCHOOL
ARMCHAIR,ATLOCATION,HOSPITAL
BAG,ATLOCATION,SHELF
EAGLE,ATLOCATION,TOPOFMOUNTAIN
FIRSTVIOLIN,ATLOCATION,VIOLINCASE
FURNITURE,ATLOCATION,RELATIVESHOUSE
GUN,ATLOCATION,BULLETS
CHECKBOOK,ATLOCATION,RICHGUY'SPOCKET
BEVERAGES,ATLOCATION,BAR
FIVEANDTENSTORE,ATLOCATION,VERYSMALLTOWNS
ERYTHROMYCIN,ATLOCATION,MEDICINECHEST
CRAB,ATLOCATION,FISHMONGERS
BLACKHOLE,ATLOCATION,SPACE
EARRING,ATLOCATION,EARLOBE
EXOTICANIMALS,ATLOCATION,BOTTOMOFSEA
CONCUSSION,ATLOCATION,HOCKEYGAME
CANNOLLI,ATLOCATION,SHOP
CHILD,ATLOCATION,MOSTHOMES
DISK,ATLOCATION,COMPUTERSTORE
FLAREGUN,ATLOCATION,BOAT
FRUIT,ATLOCATION,PANTRY
BOBBERS,ATLOCATION,TACKLEBOX
COINSLOT,ATLOCATION,CANDYMACHINE
DININGAREA,ATLOCATION,ROOMOFHOUSE
DEATH,ATLOCATION,HOSPITAL
FOOTBALLFIELD,ATLOCATION,SCHOOLCAMPUS
FICUS,ATLOCATION,CLAYPOT
HOOKERS,ATLOCATION,MOTEL
DININGROOMTABLE,ATLOCATION,HOUSE
ALTAR,ATLOCATION,CEREMONY
FUNGUS,ATLOCATION,CELLAR
GOALIES,ATLOCATION,SOCCERGAME
DENTALOFFICE,ATLOCATION,STRIPMALL
BAR,ATLOCATION,AIRPORT
BASSDRUM,ATLOCATION,ROCKBAND
ACCORDION,ATLOCATION,INSTRUMENTROOM
CHIGGER,ATLOCATION,NAVEL
FEET,ATLOCATION,SHOESANDSOCKS
BOXES,ATLOCATION,BASEMENT
CHILDRENPLAYING,ATLOCATION,SWIMMINGPOOL
CLOUDS,ATLOCATION,GROUNDLEVEL
CORALREEF,ATLOCATION,WATER
CONDO,ATLOCATION,RESIDENTIALAREA
HOTDOGS,ATLOCATION,DRIVEINMOVIE
DISH,ATLOCATION,RESTURANT
DEVILEDEGGS,ATLOCATION,PLATE
DRIEDFIGS,ATLOCATION,GROCERYSTORE
COMPANY,ATLOCATION,CITY
HEART,ATLOCATION,LIVEANIMAL
CLIPPERS,ATLOCATION,DRESSERDRAWER
DOLL,ATLOCATION,GIRL'SROOM
CLOCK,ATLOCATION,TRAINSTATION
DESKS,ATLOCATION,BUILDING
CRAB,ATLOCATION,VIRGINIA
FOODCAN,ATLOCATION,CABINET
HAIRPIN,ATLOCATION,HAIROFWOMAN
DENTISTOFFICE,ATLOCATION,PATIENT
DIRT,ATLOCATION,FIELD
FREEZER,ATLOCATION,APPLIANCESTORE
GRAPE,ATLOCATION,BAGGIE
AIRCONDITIONER,ATLOCATION,BUILDING
ELECTRICITY,ATLOCATION,TOYSTORE
DOORWAY,ATLOCATION,ROOM
BATTLE,ATLOCATION,MIDDLEEAST
COIN,ATLOCATION,CHANGEPURSE
GRAPHITEPENCIL,ATLOCATION,SCHHOOL
HILL,ATLOCATION,GREATOUTDOORS
FOOD,ATLOCATION,DISNEYLAND
BALDEAGLE,ATLOCATION,COUNTRYSIDE
AGENDA,ATLOCATION,MEETING
FROTH,ATLOCATION,SEA
FISH,ATLOCATION,OCEAN
DENIM,ATLOCATION,FABRICSHOP
DUST,ATLOCATION,LIBRARY
ANTIQUES,ATLOCATION,ATTIC
ACOUSTICCEILING,ATLOCATION,CONCERTHALL
CREATURE,ATLOCATION,SEA
CYMBAL,ATLOCATION,MARCHINGBAND
CARPETING,ATLOCATION,CUB
CONTENTS,ATLOCATION,BOX
FOX,ATLOCATION,BACKYARD
GROCERIES,ATLOCATION,SUPERMARKET
GRENADE,ATLOCATION,BATTLE
GAME,ATLOCATION,TABLE
DELI,ATLOCATION,BUILDING
CASHIER,ATLOCATION,SUPERMARKET
ELECTRONICE,ATLOCATION,SPACESHUTTLE
FREEZER,ATLOCATION,FOOD
FRISBEES,ATLOCATION,PARK
CHEMICALS,ATLOCATION,CABINET
CLOTHINGSTORE,ATLOCATION,CITYORTOWN
GALLERY,ATLOCATION,LONDON
ENTRE,ATLOCATION,PLATE
DOCTOROFFICE,ATLOCATION,CITY
APPLETREE,ATLOCATION,GARDENOFEDEN
BANDAIDS,ATLOCATION,CONTAINER
CHAIRS,ATLOCATION,BAR
DELIRESTAURANT,ATLOCATION,MALL
GIRAFFE,ATLOCATION,ZOO
CHIMNEY,ATLOCATION,ROOF
COPIER,ATLOCATION,OFFICE
GLASSESCASE,ATLOCATION,PURSE
BINOCULARS,ATLOCATION,BACKPACK
BOWLINGLANES,ATLOCATION,BOWLINGALLEY
GRANOLABAR,ATLOCATION,BACKPACK
DRAWER,ATLOCATION,OFFICEDESK
AIRCONDITIONING,ATLOCATION,MOVIETHEATRE
HALL,ATLOCATION,HOME
CAT,ATLOCATION,LAP
BROCCOLI,ATLOCATION,PLATE
AFFAIRS,ATLOCATION,WORK
ANEMONE,ATLOCATION,DICTIONARY
BAG,ATLOCATION,MAILBOX
BULLET,ATLOCATION,PISTOLORRIFLE
ASTRONAUT'SPEN,ATLOCATION,SPACESHUTTLE
GOURMETSHOP,ATLOCATION,MALLS
HEATSOURCE,ATLOCATION,CAR
ACOUSTICGUITAR,ATLOCATION,FOLKGROUP
BEACHUMBRELLAS,ATLOCATION,BEACH
AUTHORS,ATLOCATION,BOOKSTORE
CAN,ATLOCATION,OWNKITCHEN
BALDEAGLE,ATLOCATION,FORESTONCOAST
FISHDINNER,ATLOCATION,PLATE
FICUS,ATLOCATION,BOTANICALGARDEN
BALDEAGLE,ATLOCATION,EAGLE'SNEST
CREEK,ATLOCATION,VALLEY
HANDGUN,ATLOCATION,MUSEUM
HISTORY,ATLOCATION,MUSEUM
BEAVER,ATLOCATION,CARTOON
HAIRCAREARTICLE,ATLOCATION,DRUGSTORE
ELECTRICBLANKET,ATLOCATION,CLOSET
BULLETTRAIN,ATLOCATION,RAILWAY
BAR,ATLOCATION,NEWYORKCITY
COW,ATLOCATION,AMERICA
BUNSONBURNER,ATLOCATION,LABORATORY
CHALLENGE,ATLOCATION,WORK
HEIFER,ATLOCATION,RANCHER'SBARN
BOOKS,ATLOCATION,BACKPACK
BANK,ATLOCATION,FINANCIALCENTER
EARRINGS,ATLOCATION,EAR
AVENUE,ATLOCATION,TOWN
HIDEBED,ATLOCATION,CLOSET
HARMONICAS,ATLOCATION,CABINET
GROCERYSTORE,ATLOCATION,SHOPPINGCENTER
BEACH,ATLOCATION,STATEPARK
DIRT,ATLOCATION,BOTTOMOFSEA
HEIFER,ATLOCATION,PASTUREORFIELD
BRIDGEARCH,ATLOCATION,ROME
FAMILIESFEET,ATLOCATION,TABLE
CEMETERY,ATLOCATION,MOSTCITIES
HEIFER,ATLOCATION,FARMHOUSE
BALDEAGLE,ATLOCATION,TALLTREE
DESKPAD,ATLOCATION,DESK
FOUNTAINPEN,ATLOCATION,SHIRTPOCKET
AX,ATLOCATION,GARAGE
HIDEBED,ATLOCATION,COUCH
FUNGUS,ATLOCATION,WETPLACE
BARBERSHOP,ATLOCATION,NICEPARTOFTOWN
FLAME,ATLOCATION,CHEMISTRYLAB
BALDEAGLE,ATLOCATION,GRANDCANYON
ACOUSTICGUITAR,ATLOCATION,STUDIO
ANEMONE,ATLOCATION,ASS
CARBONDIOXIDE,ATLOCATION,EARTH
FOOD,ATLOCATION,NEIGHBOR'SHOUSE
GARDENHOSE,ATLOCATION,BACKYARD
AREARUG,ATLOCATION,HOME
DRUNKENBOYS,ATLOCATION,FRATERNITYHOUSE
BRIDE,ATLOCATION,WEDDING
DENTALOFFICE,ATLOCATION,MEDICALBUILDING
COW,ATLOCATION,REDBARN
BEAUTYSALON,ATLOCATION,STRIPMALL
DOG,ATLOCATION,PARK
HEATINGPAD,ATLOCATION,SUITCASE
CARTONSOFMILK,ATLOCATION,STORE
FURNITUREPOLISH,ATLOCATION,TABLE
BIBLE,ATLOCATION,CONFESSION
DISHWASHER,ATLOCATION,RESTURANT
CLOCK,ATLOCATION,CAR
DRILL,ATLOCATION,REPAIRSHOP
FRESHFRUIT,ATLOCATION,CONTAINER
HORSE,ATLOCATION,ARIZONA
BASEMENT,ATLOCATION,CLOSET
CARDTURNSTILE,ATLOCATION,NEWJERSEY
HERESY,ATLOCATION,RELIGION
BASSBARITONE,ATLOCATION,ORCHESTRA
CHOCOLATESYRUP,ATLOCATION,JAR
FOX,ATLOCATION,HOLEINWOODS
FOOT,ATLOCATION,DESK
HIGHPRICES,ATLOCATION,HOTEL
AIRCONDITIONING,ATLOCATION,CAR
ANEMONE,ATLOCATION,FLOWERBED
HORN,ATLOCATION,AUTOMOBILE
ALBUM,ATLOCATION,CLOSET
CRAB,ATLOCATION,COLDWATER
CAKE,ATLOCATION,BAKERY
CARGO,ATLOCATION,AEROPLANE
GUNS,ATLOCATION,WAR
CORNDOGS,ATLOCATION,CARNIVAL
HANDKERCHIEVES,ATLOCATION,DRAWER
BOX,ATLOCATION,CLOSET
HORSE,ATLOCATION,RACECOURSE
BBQ,ATLOCATION,RIBS
HORSE,ATLOCATION,CAVALRY
CHECKBOOKCOVER,ATLOCATION,DEPARTMENTSTORE
CLOSET,ATLOCATION,BEDROOM
COWS,ATLOCATION,COUNTRYSIDE
COCKPIT,ATLOCATION,SPACESHUTTLE
DUST,ATLOCATION,FRIDGE
BEAVER,ATLOCATION,AMERICANPOND
CANSOFFOOD,ATLOCATION,PANTRY
CHESSSET,ATLOCATION,SITTINGROOM
BUCKEYES,ATLOCATION,OHIO
BOTTLEOFVODKA,ATLOCATION,TABLE
CHIMPANZEE,ATLOCATION,ZOO
FOUNTAIN,ATLOCATION,FRONTOFCASINO
BASSOON,ATLOCATION,SYMPHONY
APPLETREE,ATLOCATION,INDIANA
FLIES,ATLOCATION,TRASH
CARDBOARDBOX,ATLOCATION,STORAGEAREA
GUITAR,ATLOCATION,CONCERT
COTTON,ATLOCATION,MEDICINECABINET
ANEMONE,ATLOCATION,NURSERY
ELEVATOR,ATLOCATION,APARTMENT
FLOORING,ATLOCATION,HOMEDEPOT
GRAPE,ATLOCATION,PRODUCESTAND
CANOFBEER,ATLOCATION,PORCH
COUNTRY,ATLOCATION,WORLD
COWPATS,ATLOCATION,FIELD
DRUGS,ATLOCATION,SCHOOL
FUNGUS,ATLOCATION,PETREDISHES
HOUSE,ATLOCATION,RESIDENTIALAREA
BEES,ATLOCATION,COUNTRYSIDE
CONTROLROOM,ATLOCATION,FACTORY
CAVE,ATLOCATION,AFGANISTAN
CASHCOIN,ATLOCATION,PURSE
CHANGINGROOM,ATLOCATION,CLOTHINGSTORE
ARCH,ATLOCATION,GAZEBO
CENTRALPASSAGE,ATLOCATION,ARENA
CLEANLINESS,ATLOCATION,CHEMISTRYLAB
CORNERS,ATLOCATION,BOX
APPLETREE,ATLOCATION,NEWJERSEY
BISHOP,ATLOCATION,CHESSSET
CANDY,ATLOCATION,BOX
GRILL,ATLOCATION,RESTAURANT
CORNERCUPBOARD,ATLOCATION,OWNKITCHEN
BASSFIDDLE,ATLOCATION,MUSICSTORE
DISINFECTANT,ATLOCATION,MEDICINECHEST
DECOMPOSEDBODY,ATLOCATION,GRAVE
APES,ATLOCATION,FOREST
CONVERSATION,ATLOCATION,FRIEND'SHOUSE
BALL,ATLOCATION,SPORTINGEVENT
ACRYLIC,ATLOCATION,ARTSTORE
CHEWINGGUM,ATLOCATION,MOUTH
FAMILYMEMBER,ATLOCATION,RELATIVESHOUSE
BOOGER,ATLOCATION,NOSE
GOD,ATLOCATION,FICTION
CALCULATOR,ATLOCATION,DESK
BOMB,ATLOCATION,BOMBER
HELICOPTERS,ATLOCATION,AIRPORT
BASEMENT,ATLOCATION,OFFICEBUILDING
HEIFER,ATLOCATION,MICHIGAN
BADBOY,ATLOCATION,CORNER
HARDWARESHOP,ATLOCATION,CITY
GARDENHOSE,ATLOCATION,GARDENSHED
BANDUNIFORMHATS,ATLOCATION,CABINET
DENTIST,ATLOCATION,DENTIST'SOFFICE
DELIRESTAURANT,ATLOCATION,CHICAGI
GROCERYSTORE,ATLOCATION,STREET
ARTERY,ATLOCATION,BODY
GAZELLE,ATLOCATION,WILDERNESS
HIGHRISE,ATLOCATION,CITY
BIRDNESTS,ATLOCATION,COUNTRYSIDE
BALDEAGLE,ATLOCATION,BOOK
BINGOCHIPS,ATLOCATION,CONTAINER
FOUNTAIN,ATLOCATION,COURTYARD
APPLETREE,ATLOCATION,OHIO
CDROM,ATLOCATION,BOX
HANDS,ATLOCATION,SOCKPUPPETS
DAFFODILS,ATLOCATION,COUNTRYSIDE
APPLETREE,ATLOCATION,SOUTHAFRICA
CONFUSION,ATLOCATION,OPERA
BADSMELL,ATLOCATION,REFRIGERATOR
BOOKIE,ATLOCATION,RACETRACK
DRYER,ATLOCATION,BASEMENT
GENTLEMAN,ATLOCATION,FANCYRESTURAUNT
HEATEDTOWELRACK,ATLOCATION,EXPENSIVEHOTEL
FLOORING,ATLOCATION,HOUSE
ELEVATOR,ATLOCATION,ATHOTEL
FICUS,ATLOCATION,MALL
APPLETREE,ATLOCATION,NEWENGLAND
ERASER,ATLOCATION,DESK
BUY,ATLOCATION,STORE
CHIMPANZEES,ATLOCATION,FOREST
BASSDRUM,ATLOCATION,ORCHESTRA
BADNEWS,ATLOCATION,DENTIST
CHOPPER,ATLOCATION,MILITARYBASE
DARKMATTER,ATLOCATION,OUTERSPACE
BILLBOARD,ATLOCATION,STREET
BOX,ATLOCATION,SHOESTORE
ATTACHCASE,ATLOCATION,POSESSION
COIL,ATLOCATION,ELECTRICENGINES
BUSCONDUCTOR,ATLOCATION,BUS
DOG,ATLOCATION,OUTSIDE
ERGONOMICCHAIR,ATLOCATION,UPSCALEOFFICE
FRIEDDOUGH,ATLOCATION,CARNIVAL
BABYFOODS,ATLOCATION,JAR
CUTLERYDRAWER,ATLOCATION,OWNKITCHEN
FIGHTS,ATLOCATION,HOCKEYGAME
CORNET,ATLOCATION,ORCHESTRA
CANFIT,ATLOCATION,BOX
CORNERSHOP,ATLOCATION,INTERCECTION
FUNGUS,ATLOCATION,FOOD
GENTLEMAN,ATLOCATION,MOVIE
CASH,ATLOCATION,BANK
BOWL,ATLOCATION,TABLE
DOLL,ATLOCATION,MUSEUM
BATTERY,ATLOCATION,CAR
GROCER,ATLOCATION,GROCERYSTORE
BUGS,ATLOCATION,LAWN
DRAWER,ATLOCATION,DRESSER
BETTORS,ATLOCATION,CASINO
BATTEN,ATLOCATION,FLOOR
BOTTLE,ATLOCATION,NURSERY
FROZENPANCAKES,ATLOCATION,FREEZER
AUTOMATICGATE,ATLOCATION,MILITARYBASE
FREEWAY,ATLOCATION,CALIFORNIA
ALBUM,ATLOCATION,RECORDSTORE
BALALAIKA,ATLOCATION,ARTISTJUNKYARD
FAMILYROOM,ATLOCATION,HOME
ARCHES,ATLOCATION,STATEPARK
CRAB,ATLOCATION,BAY
ASTRONAUT,ATLOCATION,MOON
3HOLEPUNCH,ATLOCATION,DESK
BALLBEARING,ATLOCATION,WHEEL
CLIPBOARDS,ATLOCATION,WORK
HAIRCONDITIONER,ATLOCATION,BOTTLE
CLIPBOARD,ATLOCATION,SCHOOL
ARTICLES,ATLOCATION,MAGAZINE
ELEVATOR,ATLOCATION,HOTEL
HOTTABLE,ATLOCATION,CAFETERIA
BATHROOM,ATLOCATION,BUILDING
BEGGINGDOGORCAT,ATLOCATION,TABLE
ARTICLE,ATLOCATION,MAGAZINEINSTORE
CAPTAIN,ATLOCATION,BASKETBALLTEAM
CURTAIN,ATLOCATION,DEPARTMENTSTORE
DEADBODY,ATLOCATION,TRUNK
CAVE,ATLOCATION,ROCKS
HOSE,ATLOCATION,HOSETRUCK
FURNITURE,ATLOCATION,LOFT
GLASSFORTIPS,ATLOCATION,BAR
ANEMONE,ATLOCATION,FLORIDAKEYS
HAIRCLIP,ATLOCATION,BEAUTYSALON
FIRSTFLOOR,ATLOCATION,TALLBUILDING
APPLETREE,ATLOCATION,SUNSHINE
ELECTRICRAZOR,ATLOCATION,MEDICINECABINET
CEILING,ATLOCATION,CLASSROOM
DOCUMENTFOLDER,ATLOCATION,FILE
CHILDREN,ATLOCATION,SOCCERGAME
FERRET,ATLOCATION,PETSTOREATMALL
COURT,ATLOCATION,TOWN
BORINGPEOPLE,ATLOCATION,CONFERENCE
CARDBOARDBOX,ATLOCATION,STOREROOM
CHIP,ATLOCATION,CASINO
BUTTER,ATLOCATION,REFRIGERATOR
GRILL,ATLOCATION,BARBEQUE
ANTS,ATLOCATION,FOREST
ENDPOINT,ATLOCATION,ENDOFLINE
DIRECTOR,ATLOCATION,FILMSET
FLOORMATS,ATLOCATION,GYM
FUNGUS,ATLOCATION,WOODLAND
CHEF,ATLOCATION,KITCHEN
GAZELLE,ATLOCATION,ARSE
GOAT,ATLOCATION,FARM
CARDINDEX,ATLOCATION,LIBRARY
FOOT,ATLOCATION,SOCK
FICUS,ATLOCATION,HOUSEPLANTSTORE
CHAIRS,ATLOCATION,CONFERENCE
ATMOSPHERE,ATLOCATION,SKY
DININGAREA,ATLOCATION,NICEHOTEL
FICUS,ATLOCATION,ARBORETUM
GLASSOFMILK,ATLOCATION,HOME
COMPETITIONS,ATLOCATION,SPORTINGEVENT
COW,ATLOCATION,BARNYARD
BEAVER,ATLOCATION,NEWYORK
BEETS,ATLOCATION,CAN
BIRDS,ATLOCATION,SKY
BOUNDARY,ATLOCATION,RANCHCOUNTRY
CORN,ATLOCATION,RESTAURANT
DELI,ATLOCATION,SHOP
AIRLINESEAT,ATLOCATION,ONBOARDPLANE
FAN,ATLOCATION,SPORTINGEVENT
GRASSYFIELDS,ATLOCATION,PARK
HAM,ATLOCATION,FRIDGE
AUDIENCE,ATLOCATION,ARENA
CRAB,ATLOCATION,SANDYBEACH
FLOORBOARDS,ATLOCATION,CLOSET
CAKE,ATLOCATION,CAKETIN
BOSS,ATLOCATION,MEETING
ANEMONE,ATLOCATION,FOREST
BEANBAGCHAIR,ATLOCATION,KID'SROOM
CRAB,ATLOCATION,TIDEPOOLS
BEDSHEET,ATLOCATION,HOTEL
CLOTHING,ATLOCATION,WASHINGMACHINE
CEMETERY,ATLOCATION,CITY
GROCERIES,ATLOCATION,PANTRY
HIDEBEDSOFA,ATLOCATION,GUESTROOM
CHOKER,ATLOCATION,JEWELRYBOX
BIRDS,ATLOCATION,FLOCK
HALLEY'SCOMET,ATLOCATION,OUTERSPACE
BONECHINA,ATLOCATION,CUPBOARD
DANGE,ATLOCATION,ROADBLOCK
FIDDLE,ATLOCATION,DANCEHALL
CAT,ATLOCATION,BOX
FERRET,ATLOCATION,TROUSER
BLOODYPEOPLE,ATLOCATION,HOSPITAL
GROUPOFMOURNERS,ATLOCATION,FUNERAL
ADVERTISEMENT,ATLOCATION,LAVILLE
BRAS,ATLOCATION,SUITCASE
FOX,ATLOCATION,BURROW
CAFE,ATLOCATION,BUILDING
CANDY,ATLOCATION,SHOP
BRIDE,ATLOCATION,FRIEND'SWEDDING
EXPRESSWAY,ATLOCATION,MAP
GARBAGE,ATLOCATION,LANDFILL
ALCOHOLDRINKS,ATLOCATION,BAR
DISK,ATLOCATION,COMPUTER
FOOD,ATLOCATION,FRIEND'SHOUSE
AIRPLANES,ATLOCATION,SKY
BLANKCHECKS,ATLOCATION,DRAWER
DYNAMITE,ATLOCATION,BOX
BRONZESCULPTURE,ATLOCATION,ARTSHOW
CARBURATORS,ATLOCATION,GARAGE
GROATCLEANER,ATLOCATION,CABINET
CONDO,ATLOCATION,CHICAGO
BIRTHDAYPRESENT,ATLOCATION,BOX
EARPLUG,ATLOCATION,EART
COIL,ATLOCATION,REFRIGERATOR
BED,ATLOCATION,APARTMENT
ALIENS,ATLOCATION,SPACE
FAMILYROOM,ATLOCATION,LARGEHOUSE
CHILDREN,ATLOCATION,TOYSTORE
EXPANSION,ATLOCATION,UNIVERSE
DOODADS,ATLOCATION,TABLE
GENERALSTORE,ATLOCATION,SHOPPINGMALL
CAMPINGSUPPLIES,ATLOCATION,BACKPACK
CHOCOLATE,ATLOCATION,SUPERMARKET
FLOWERPOT,ATLOCATION,WINDOWSILL
HEIFER,ATLOCATION,KANSAS
GROCERIES,ATLOCATION,CABINET
CEILINGFANS,ATLOCATION,HOME
GAZELLE,ATLOCATION,GRASS
CANOFGREASE,ATLOCATION,GARAGE
BRIEFCASE,ATLOCATION,COURTROOM
BALDEAGLE,ATLOCATION,FORREST
COIN,ATLOCATION,WISHINGWELL
HEIFER,ATLOCATION,AMERICA
BAG,ATLOCATION,MALL
BLOWFISH,ATLOCATION,THOCEAN
CHAPEL,ATLOCATION,MEDIEVALESTATE
FUNGUS,ATLOCATION,TAXONOMYBOOK
FUNGUS,ATLOCATION,LIVINGTHING
BALDEAGLE,ATLOCATION,OHIO
BELOWWINDOW,ATLOCATION,WINDOWSILL
CRAB,ATLOCATION,WETSAND
HORSE,ATLOCATION,GLUEFACTORY
CEREALBOWL,ATLOCATION,KITCHEN
CANADIANBACON,ATLOCATION,PIZZA
CRAB,ATLOCATION,ZODIAC
APPLETREE,ATLOCATION,DETROIT
COMRADERIE,ATLOCATION,FRATERNITYHOUSE
ANTACID,ATLOCATION,MEDICINECHEST
FOX,ATLOCATION,DRESS
CITY,ATLOCATION,COUNTY
FOG,ATLOCATION,VALLEY
BAR,ATLOCATION,CLUB
COMMUNITY,ATLOCATION,CHURCH
AIR,ATLOCATION,BUS
BUFFET,ATLOCATION,CATERINGHALL
FINLAND,ATLOCATION,EUROPE
BOXES,ATLOCATION,CELLAR
CHANGE,ATLOCATION,COUCHSEATS
BUTTER,ATLOCATION,PASTRY
COAT,ATLOCATION,CLOSET
CUTWORMS,ATLOCATION,LAWN
FAMILY,ATLOCATION,RELATIVESHOUSE
CALENDAR,ATLOCATION,FRIDGE
HARMONICA,ATLOCATION,BLUESBAND
COTTAGE,ATLOCATION,ENGLAND
BARBERSHOP,ATLOCATION,HIGHSTREET
FRONTCOURTYARD,ATLOCATION,COW
BEAN,ATLOCATION,SOUP
ADDRESSLABEL,ATLOCATION,ENVELOPE
CURRENCY,ATLOCATION,DRAWER
FERRET,ATLOCATION,SHOEBOX
FOOD,ATLOCATION,RELATIVESHOUSE
BEE,ATLOCATION,ART
CAMERAS,ATLOCATION,NEWYORK
DROPOFBLOOD,ATLOCATION,SLAUGHTERHOUSE
HOTDOGS,ATLOCATION,PARK
FISH,ATLOCATION,WATER
GASTRUCK,ATLOCATION,AIRPORT
CHAINLETTERS,ATLOCATION,MAIL
CLARINETREEDS,ATLOCATION,CABINET
HORSERADISH,ATLOCATION,GROCERYSTORE
EXPRESSWAY,ATLOCATION,COUNTRY
FERRET,ATLOCATION,OUTDOORS
COAT,ATLOCATION,WARDROBE
DIRT,ATLOCATION,FLOOR
EMPTYCANS,ATLOCATION,WASTEBIN
FOOD,ATLOCATION,CONTAINER
FIELD,ATLOCATION,MEADOW
CANFOODS,ATLOCATION,GROCERYSTORE
CLOSET,ATLOCATION,HOTEL
DOORWAY,ATLOCATION,AIRPORT
BALDEAGLE,ATLOCATION,U.S
HIDEBEDSOFA,ATLOCATION,BEACHCONDO
HOIST,ATLOCATION,PARTY
GRANDVISTA,ATLOCATION,TOPOFMOUNTAIN
CREATURE,ATLOCATION,DARKPLACE
ACCOMMODATIONS,ATLOCATION,MOTEL
DATECHUTNEY,ATLOCATION,JAR
CHEQUEBOOK,ATLOCATION,BREASTPOCKET
BAGGER,ATLOCATION,SUPERMARKET
GAZELLE,ATLOCATION,LION'SBELLY
FARMLAND,ATLOCATION,MIDWEST
GUITAR,ATLOCATION,ROCKBAND
BARBERSHOP,ATLOCATION,SMALLTOWN
CAKE,ATLOCATION,REFRIGERATOR
GLUE,ATLOCATION,CLASSROOM
CLEANCLOTHES,ATLOCATION,SUITCASE
COW,ATLOCATION,CANADA
CATIN,ATLOCATION,BARN
CUSTARD,ATLOCATION,REFRIGERATOR
DOGS,ATLOCATION,PARK
GASTRUCK,ATLOCATION,FREEWAY
HEAVYTRAFFIC,ATLOCATION,FREEWAY
HAIRCONDITIONER,ATLOCATION,MEDICINECABINET
CHIPS,ATLOCATION,BAR
HOSE,ATLOCATION,GARAGE
HOCKEYPUCK,ATLOCATION,HOCKEYGAME
CONNECTION,ATLOCATION,WALL
CUBICLE,ATLOCATION,OFFICEBUILDING
BLUE'SCLUES,ATLOCATION,TELEVISION
HANDGRIPS,ATLOCATION,BUS
BEE,ATLOCATION,CANADA
CAT,ATLOCATION,SPCA
BIDNESTS,ATLOCATION,FOREST
AISLE,ATLOCATION,SUPERMARKET
COW,ATLOCATION,IOWA
CARS,ATLOCATION,CARDEALERSHIP
ANIMAL,ATLOCATION,PETSHOP
BOOGERS,ATLOCATION,NOSES
BOTTLE,ATLOCATION,REFIGERATOR
COUCH,ATLOCATION,ROOM
BOX,ATLOCATION,LOFT
CRAB,ATLOCATION,CHESAPEAKEBAY
BEAVER,ATLOCATION,BEAVERPOND
ARCHWAY,ATLOCATION,AQUEDUCT
FICUS,ATLOCATION,PLANTKINGDOM
GLASSES,ATLOCATION,CABINET
CONCESSIONSTAND,ATLOCATION,FAIR
DISPLAYCABINET,ATLOCATION,INSTITUTIONS
BASKETBALLCOURT,ATLOCATION,CITY
CARPETING,ATLOCATION,GYM
ANEMONE,ATLOCATION,BIGSUR
COWINBARN,ATLOCATION,DAIRYFARM
CANNONBALL,ATLOCATION,CIVILWAR
CUP,ATLOCATION,WATERFOUNTAIN
DROPOFBLOOD,ATLOCATION,PERSON
CONTRACEPTIVE,ATLOCATION,MEDICINECABINET
BOOKEND,ATLOCATION,BOOK
FERRET,ATLOCATION,CAGEATHOME
CLOWNS,ATLOCATION,FAIR
HORSDOEUVRES,ATLOCATION,REFRIGERATOR
GAZELLE,ATLOCATION,WILDANIMALPARK
FOOTPRINT,ATLOCATION,MOON
ENTRYWAY,ATLOCATION,HOUSE
GUNS,ATLOCATION,MILITARYBASE
DOUBLEKNIT,ATLOCATION,SWEATER
EXCAVATION,ATLOCATION,CEMETARY
GRAPE,ATLOCATION,FRUITSTAND
DINNER,ATLOCATION,OVEN
COLDTAP,ATLOCATION,KITCHENSINK
GAZELLE,ATLOCATION,AFRICAONPLAINS
HEAD,ATLOCATION,BODY
CELLPHONE,ATLOCATION,BACKPACK
DUSTBIN,ATLOCATION,OFFICE
DEODORANT,ATLOCATION,MEDICINECABINET
FREEBIBLES,ATLOCATION,MOTEL
FUNGUS,ATLOCATION,DAMPDARKAREAS
DIRTYCLOTHES,ATLOCATION,HAMPER
CHAIRS,ATLOCATION,BUILDING
BALOONS,ATLOCATION,CABINET
ARENA,ATLOCATION,ROME
DENTALFLOSS,ATLOCATION,MEDECINECABINET
DESKTRAY,ATLOCATION,DESK
BARBERSHOP,ATLOCATION,COMB
BUILDINGS,ATLOCATION,CITY
HOTDOGS,ATLOCATION,SPORTINGEVENT
COW,ATLOCATION,BARD
ATTIC,ATLOCATION,OLDERHOUSES
CUPOFCOFFEE,ATLOCATION,CANTEEN
ACNEMEDICATION,ATLOCATION,BATHROOM
BIKINIS,ATLOCATION,SWIMMINGPOOL
CUSTOMER,ATLOCATION,INTERNETCAFE
FRESHAIR,ATLOCATION,PARK
CROCKERY,ATLOCATION,CUPBOARD
DUST,ATLOCATION,MOON
FITTINGROOM,ATLOCATION,MALL
CRAB,ATLOCATION,SHILSHOLEBAY
DANGER,ATLOCATION,WAR
BARBECUE,ATLOCATION,GARAGE
COKE,ATLOCATION,CAN
GIFTS,ATLOCATION,FRIEND'SWEDDING
HIGHPRICES,ATLOCATION,AIRPORT
FRONTGARDEN,ATLOCATION,OUTSIDEOFHOUSE
CD,ATLOCATION,STEREO
HAMMER,ATLOCATION,STORE
GRAPE,ATLOCATION,GRAPEJAM
FLOUR,ATLOCATION,PANTRY
EIFFELTOWER,ATLOCATION,PARIS
BLOWDRYER,ATLOCATION,BATHROOM
FERRET,ATLOCATION,LEASH
EXPLOSIVE,ATLOCATION,ARMY
COCONUTS,ATLOCATION,TREE
FOOD,ATLOCATION,DRIVEINMOVIE
CHAPEL,ATLOCATION,PRISON
CHESSKING,ATLOCATION,CHECKMATE
FERRET,ATLOCATION,WYOMING
GUYSWITHTATTOOS,ATLOCATION,BUS
ASHTRAY,ATLOCATION,TABLE
FORMS,ATLOCATION,CABINET
CONTAINERCUP,ATLOCATION,KITCHEN
ACAR,ATLOCATION,STREET
DIRECTORCHAIR,ATLOCATION,STUDIO
DEADBODIES,ATLOCATION,CELLAR
FUNGUS,ATLOCATION,MOISTPLACE
BOXBAG,ATLOCATION,GROCERYSTORE
DISCJOCKEY,ATLOCATION,WEDDING
CHOKER,ATLOCATION,KENNEL
BUNSENBURNERS,ATLOCATION,CHEMISTRYLAB
GYMEQUIPMENT,ATLOCATION,GYM
APPLETREE,ATLOCATION,WISCONSIN
DENTIST,ATLOCATION,PHONEBOOK
DENTALOFFICE,ATLOCATION,CITY
FLUTE,ATLOCATION,STORE
FISHINWATER,ATLOCATION,BRIDGE
BATHSHOWER,ATLOCATION,BATHTUB
FICUS,ATLOCATION,WILD
BRASS,ATLOCATION,BIGBAND
ATTRIBUTE,ATLOCATION,DESCRIPTION
FOREST,ATLOCATION,COUNTRYSIDE
FUNGUS,ATLOCATION,ASS
CHECKBOOKCOVERS,ATLOCATION,CABINET
ARMOIRE,ATLOCATION,LIVINGROOM
COAST,ATLOCATION,OCEAN
AIRTERMINAL,ATLOCATION,CITY
BALL,ATLOCATION,SACK
ERICWELSH,ATLOCATION,CONFERENCE
ARMORY,ATLOCATION,WAR
CRUCIBLE,ATLOCATION,CHEMISTRYLAB
DENTISTCHAIR,ATLOCATION,DENTALSURGARY
HAIRSALON,ATLOCATION,SHOPPINGCENTER
FOX,ATLOCATION,FOXHOLE
GRID,ATLOCATION,GRAPHPAPER
BAG,ATLOCATION,BACKSEATOFCAR
HOBO,ATLOCATION,BRIDGE
HANDGUN,ATLOCATION,DRAWER
GUESTROOM,ATLOCATION,LOFT
BISCUITS,ATLOCATION,OVEN
HAMBURGERS,ATLOCATION,HOCKEYGAME
BICYCLE,ATLOCATION,PARK
DETRITUS,ATLOCATION,FOREST
COMBOPASS,ATLOCATION,TICKETCOUNTER
CHILDSDRAWING,ATLOCATION,FRIDGE
CARNIES,ATLOCATION,CARNIVAL
AUDIENCE,ATLOCATION,CONCERTHALL
CARPETEDFLOORS,ATLOCATION,BOOKSTORE
BAG,ATLOCATION,SHOPPINGCART
CUTFLOWERS,ATLOCATION,MARKET
FUTUREDIVORCEES,ATLOCATION,WEDDING
GUITAR,ATLOCATION,GUITAROOMAN
ASH,ATLOCATION,AIR
GENTLEMAN,ATLOCATION,SEATATOPERA
CARPET,ATLOCATION,ROOMOFHOUSE
COPS,ATLOCATION,JAIL
EIFFELTOWER,ATLOCATION,MOVIES
BLOWDRYER,ATLOCATION,HAIRSALON
HEIFER,ATLOCATION,BARNYARD
HORSE,ATLOCATION,DETROIT
GALLEON,ATLOCATION,SEA
HEAD,ATLOCATION,HELMET
HAMMOCK,ATLOCATION,PORCH
CANNEDFOOD,ATLOCATION,STORE
CHICKEN,ATLOCATION,FREEZER
GAZELLE,ATLOCATION,OPENPLAIN
BALDEAGLE,ATLOCATION,WILDERNESSAREA
HILL,ATLOCATION,OUTSIDE
FAMILYMEMBERS,ATLOCATION,DINNER
CLOCK,ATLOCATION,SCHOOLROOM
BACON,ATLOCATION,REFRIGERATOR
BOOKINGOFFICE,ATLOCATION,CITY
COW,ATLOCATION,STABLE
COFFEEBEANS,ATLOCATION,GROCERYSTORE
CONTAINERCUP,ATLOCATION,DISPENSER
FOX,ATLOCATION,STORY
BEE,ATLOCATION,HERBGARDEN
CAT,ATLOCATION,DOGSMOUTH
FROZENVEGGIES,ATLOCATION,SUPERMARKET
GREEKLETTERS,ATLOCATION,FRATERNITYHOUSE
FALLENLEAVES,ATLOCATION,GROUND
DOOR,ATLOCATION,BUILDING
FICUS,ATLOCATION,SOUTHERNUS
FLOORMATS,ATLOCATION,CAR
GARBAGE,ATLOCATION,CONTAINER
BOOKS,ATLOCATION,BED
ADS,ATLOCATION,NEWSPAPER
ELECTRICPLUG,ATLOCATION,DESK
GUARD,ATLOCATION,JAIL
GIFT,ATLOCATION,SPECIALTYSTORE
AIRPLANESEAT,ATLOCATION,PLANE
DATEBOOK,ATLOCATION,DESK
BIRDS,ATLOCATION,COUNTRYSIDE
DRIEDFOOD,ATLOCATION,BACKPACK
BIDET,ATLOCATION,EUROPE
FUCKING,ATLOCATION,BACKSEATOFCAR
COW,ATLOCATION,COUNTRYFIELD
ASPHALTTILES,ATLOCATION,ROOF
BLOWFISH,ATLOCATION,GREATOUTDOORS
FOREST,ATLOCATION,AMAZONBASIN
FAN,ATLOCATION,SPORTSSTADIUM
CRUMPLEDUPPAPER,ATLOCATION,TRASH
GOURMETSHOP,ATLOCATION,SHOPPINGMALL
BROOK,ATLOCATION,OUTDOORS
COINPURSE,ATLOCATION,WOMEN'SPURSE
COW,ATLOCATION,MILKINGPARLOUR
ANYTHING,ATLOCATION,CONTAINER
CLOTH,ATLOCATION,LINENCUPBOARD
BABY,ATLOCATION,HOUSE
HORSE,ATLOCATION,TRIPLECROWN
FICUS,ATLOCATION,FORETS
BASSBARITONE,ATLOCATION,OPERA
GRASSYFIELD,ATLOCATION,STATEPARK
FISH,ATLOCATION,LAKESUPERIOR
BEE,ATLOCATION,UNITEDSTATES
AIRTERMINAL,ATLOCATION,AIRPORT
BALDEAGLE,ATLOCATION,WASHINGTONSTATE
CHEMISTRYSET,ATLOCATION,TOYSTORE
DRILLIN,ATLOCATION,OWNGARAGE
GIN,ATLOCATION,BAR
FUNGUS,ATLOCATION,CHINESEMARKET
CAPITAL,ATLOCATION,PROPERNOUN
BUSSTOPSIGN,ATLOCATION,BUSSTOP
BEACHBALL,ATLOCATION,SWIMMINGPOOL
CAT,ATLOCATION,ALLEY
CHAIRS,ATLOCATION,THEATRE
FILM,ATLOCATION,DRAWER
BROTHER,ATLOCATION,FAMILYCEREMONY
DANCER,ATLOCATION,BALLET
HELIUM,ATLOCATION,CHEMISTRYLAB
GAZELLE,ATLOCATION,POSSESSIONOFZOO
FAILURE,ATLOCATION,CASINO
BONE,ATLOCATION,ARM
APARTMENT,ATLOCATION,COMPLEX
ELECTRICBLANKET,ATLOCATION,COLDBEDROOM
FREEZER,ATLOCATION,FLAT
BELLS,ATLOCATION,CABINET
DRILL,ATLOCATION,TOOLSHED
GATOGRIS,ATLOCATION,TFZ
CLOCK,ATLOCATION,OFFICEBUILDING
BEAUTYSALON,ATLOCATION,CITY
BEE,ATLOCATION,DAISY
ANTS,ATLOCATION,BEACH
CONTAINER,ATLOCATION,REFRIGERATOR
COLDPEOPLE,ATLOCATION,BUSSTOP
COSTUMES,ATLOCATION,THEATER
DESKITEMS,ATLOCATION,DESK
GROCER,ATLOCATION,MICHIGAN
DRILL,ATLOCATION,CABINET
DEADFLIES,ATLOCATION,WINDOWSILL
CAROUSEL,ATLOCATION,CARNIVAL
DRUGS,ATLOCATION,UNIVERSITY
FIRE,ATLOCATION,FIREPLACE
DUPLEX,ATLOCATION,PROJECTS
BURLAP,ATLOCATION,SACK
CROW,ATLOCATION,UNIVERSE
GOD,ATLOCATION,CLOUDS
CHEESE,ATLOCATION,PIZZA
HEIFER,ATLOCATION,TEXAS
APPLETREE,ATLOCATION,MARYLAND
HORSESHOECRAB,ATLOCATION,BEACH
BOOKINGOFFICE,ATLOCATION,AIRPORT
COMPUTER,ATLOCATION,DESKTOP
EXITSIGNS,ATLOCATION,THEATRE
BAPTISMALFONT,ATLOCATION,CHURCH
DESK,ATLOCATION,SCHOOLROOM
HAIRGEL,ATLOCATION,BARBERS
BOWLINGBALL,ATLOCATION,BOWLINGBALLBAG
COMPUTERS,ATLOCATION,LIBRARY
ASPHALT,ATLOCATION,STREETCORNER
BEE,ATLOCATION,YARD
CONDOMINIUM,ATLOCATION,LARGECITY
BALDEAGLE,ATLOCATION,PAINTING
ANTENNA,ATLOCATION,ROOF
GUM,ATLOCATION,SHELF
AIRPLANE,ATLOCATION,MILITARYBASE
BLOWFISH,ATLOCATION,BIGFISHTANK
ELECTRICFAN,ATLOCATION,CLOSET
EXITTURNSTILE,ATLOCATION,SUBWAYSTATION
AIRCONDITIONER,ATLOCATION,HARD
FICUS,ATLOCATION,OLDFOLKSHOME
GAZELLE,ATLOCATION,PRARIE
FASTFOODCHAIN,ATLOCATION,GREASE
FRUIT,ATLOCATION,FRUITCOCKTAIL
DOORMAT,ATLOCATION,ENTRANCEPORCH
HEAD,ATLOCATION,SHIP
ESCALATOR,ATLOCATION,MOTION
BARSTOOL,ATLOCATION,TAVERN
DRUG,ATLOCATION,VENES
CAT,ATLOCATION,RELAXEDPOSITION
BROCHURES,ATLOCATION,MAILBOX
FOOD,ATLOCATION,REFRIGERATOR
ACOUSTICCEILING,ATLOCATION,ORCHESTRAHOUSE
ANIME,ATLOCATION,COMICBOOKSTORE
CARORAUTOMOBILE,ATLOCATION,GARAGEORONROAD
GAZELLE,ATLOCATION,DICTIONARRY
BROKENITEMS,ATLOCATION,REPAIRSHOP
CORNANDWHEAT,ATLOCATION,FIELD
CAKE,ATLOCATION,GROCERYSTORE
COUCH,ATLOCATION,CANADA
BEE,ATLOCATION,NATURE
BABYSOAPS,ATLOCATION,MOTEL
CATFECES,ATLOCATION,LITTERBOX
BLOWDRYER,ATLOCATION,DRESSINGROOM
BONE,ATLOCATION,COW
FRUIT,ATLOCATION,FRUITGROVE
GELTOOTHPASTE,ATLOCATION,TUBE
DRAWSTRINGBAG,ATLOCATION,AIRPORT
BIGPLUNGEPOOL,ATLOCATION,WATERFALL
CARBURETTOR,ATLOCATION,CAR
COW,ATLOCATION,HAMBURGERMEAT
FLOORING,ATLOCATION,HOMESUPPLYSTORE
FLUID,ATLOCATION,CONTAINER
GRAPE,ATLOCATION,GROCIERYSTORE
COLDTAP,ATLOCATION,LOCALBAR
BLOWFISH,ATLOCATION,SUSHIRESTAURANT
DEADFLY,ATLOCATION,WINDOWSILL
FASTFOOD,ATLOCATION,BOWLINGALLEY
CLOCKIN,ATLOCATION,CLOCKSHOP
CAMEL,ATLOCATION,DESERT
DELI,ATLOCATION,SHOPPINGCENTER
FORK,ATLOCATION,BACK
FUNGUS,ATLOCATION,DAMPAREAS
DAD,ATLOCATION,RELATIVESHOUSE
DESK,ATLOCATION,OFFICEBUILDING
FRUIT,ATLOCATION,SANFRANCISCO
FOODCAN,ATLOCATION,HOUSE
DISWASHER,ATLOCATION,KITCHEN
GARDEN,ATLOCATION,PLANTS
FOX,ATLOCATION,ENGLAND
BALL,ATLOCATION,BASEBALLFIELD
CONTENTMENT,ATLOCATION,DREAMSONLY
HORSE,ATLOCATION,PAINTING
CURLINGIRON,ATLOCATION,BATHROOM
DOLLCLOTHES,ATLOCATION,TOYSTORE
EXCAVATION,ATLOCATION,BOSTON
FORTUNETELLER,ATLOCATION,FAIRGROUNDS
ELEPHANTS,ATLOCATION,CIRCUS
CRAB,ATLOCATION,NORTHCAROLINA
FIVEANDTENSTORE,ATLOCATION,1950SCITY
COFFEE,ATLOCATION,OFFICE
GRAPE,ATLOCATION,FARMSTAND
FLOUNDER,ATLOCATION,BOTTOMOFSEA
CAVITY,ATLOCATION,UNBRUSHEDTOOTH
BUTTER,ATLOCATION,STORE
DUSTMOTES,ATLOCATION,AIR
EXPLOSION,ATLOCATION,UNIVERSE
FIELD,ATLOCATION,RURALAREA
CHAPEL,ATLOCATION,PRIEST
GYMNASIUM,ATLOCATION,SCHOOLORYMCA
GUARDSTATION,ATLOCATION,MILITARYBASE
HOLYWATER,ATLOCATION,CHURCH
FOODSTORE,ATLOCATION,SAGINAWMICHIGAN
ANEMONE,ATLOCATION,REEFTANK
EATINGUTENSILS,ATLOCATION,TABLE
ASTEROIDS,ATLOCATION,SPACE
FOOD,ATLOCATION,TRASH
CAT,ATLOCATION,TOASTER
ENVELOPE,ATLOCATION,MAILBOX
BARBECUE,ATLOCATION,MICHIGANPARK
BREAD,ATLOCATION,JAIL
CARD,ATLOCATION,POKERDECK
ACTOR,ATLOCATION,THEATER
COVER,ATLOCATION,GARAGE
DRAWINGROOM,ATLOCATION,LARGEHOUSE
FARMLAND,ATLOCATION,NORTHDAKOTA
FUNGUS,ATLOCATION,PUBLICRESTROOM
AUTOMOBILES,ATLOCATION,ROAD
HAIRCAREARTICLE,ATLOCATION,BATHROOMCABINET
BOWL,ATLOCATION,DISHWASHER
HOTDOG,ATLOCATION,SOCCERGAME
CORN,ATLOCATION,PENNSYLVANIA
CAT,ATLOCATION,IT'SBASKET
CRAB,ATLOCATION,FISHDEPARTMENT
ACCORDIANBAG,ATLOCATION,SCOTLAND
ADVERTISEMENT,ATLOCATION,BUS
COFFEETABLE,ATLOCATION,FRONTOFCOUCH
COW,ATLOCATION,CHILDRENSBOOK
CAFE,ATLOCATION,TOWN
BOAT,ATLOCATION,OCEAN
CONSTELLATION,ATLOCATION,SKY
BOTTLEOFBEER,ATLOCATION,FRATERNITYHOUSE
CONDIMENTS,ATLOCATION,TABLE
BUSSTOP,ATLOCATION,TOWN
FERRET,ATLOCATION,YORKSHIRE
BACKGARDEN,ATLOCATION,TOWN
GUN,ATLOCATION,DRAWER
ACCORDIANBAG,ATLOCATION,MUSICSHOP
GLASSES,ATLOCATION,MEETING
CURLINGIRON,ATLOCATION,HAIRSALON
DOCTOROFFICE,ATLOCATION,GERMANY
BOOKS,ATLOCATION,DESKTOP
CAT,ATLOCATION,OWNHOME
GRAPE,ATLOCATION,FRUITCOCKTAIL
BOOKSONART,ATLOCATION,BOOKSTORE
DOOR,ATLOCATION,BUS
EXPERIMENTS,ATLOCATION,LABORATORY
FUNGUS,ATLOCATION,OLDLOG
CHEQUEBOOK,ATLOCATION,GREATBRITAIN
BLOWFISH,ATLOCATION,EXPENSIVESUSHI
DUST,ATLOCATION,BEDROOM
DENTALFLOSS,ATLOCATION,LADIESPURSE
BATHROOM,ATLOCATION,PUBLICBUILDING
CORN,ATLOCATION,PLATE
BEAR,ATLOCATION,COUNTRYSIDE
DOG,ATLOCATION,DESK
FICUS,ATLOCATION,TROPICALREGION
GULLS,ATLOCATION,SEA
CHESSBOARD,ATLOCATION,GAMESHALL
EASTEREGGS,ATLOCATION,GROUND
CITY,ATLOCATION,UNITEDSTATES
FRONTGARDEN,ATLOCATION,HOUSE
CARD,ATLOCATION,POCKET
CANDLE,ATLOCATION,SHOP
FIGHT,ATLOCATION,HOCKEYGAME
HOSE,ATLOCATION,FIREHOUSE
BOWLERS,ATLOCATION,BOWLINGALLEY
BLOWFISH,ATLOCATION,SUSHIBAR
CHAIR,ATLOCATION,BEDROOM
CHESSSET,ATLOCATION,TOYSTORE
CAR,ATLOCATION,SCRAPYARD
BACKCOURTYARD,ATLOCATION,COUNTRYESTATE
DOCUMENTFOLDER,ATLOCATION,FILECABINET
FETUS,ATLOCATION,WOMB
DIRTANDTRASH,ATLOCATION,STREET
HEATEDTOWELRACK,ATLOCATION,POSHHOTELROOM
CLOCK,ATLOCATION,TABLE
ACTORS,ATLOCATION,PLAY
COLDFAUCET,ATLOCATION,HOME
BEANIEBABY,ATLOCATION,TOYSTORE
GONG,ATLOCATION,CHINA
BELL,ATLOCATION,CHAIRCH
DUSTYMEMORIES,ATLOCATION,ATTIC
GARBAGE,ATLOCATION,DUMP
HOTEL,ATLOCATION,LASVEGAS
DIJONMUSTARD,ATLOCATION,FRIDGE
DENTISTCHAIR,ATLOCATION,DENTALSCHOOL
BEDROOM,ATLOCATION,APARTMENT
GONG,ATLOCATION,ORCHESTRA
CAFE,ATLOCATION,PARIS
FLAG,ATLOCATION,CLASSROOM
BAY,ATLOCATION,SHORELINE
BACKCOURTYARD,ATLOCATION,PALACE
HEIFER,ATLOCATION,PERU
FLOTSUM,ATLOCATION,SEA
CANDLE,ATLOCATION,SHELF
GROUPOFPEOPLE,ATLOCATION,MEETING
BATEMANSBAY,ATLOCATION,NEWSOUTHWALES
FUNGUS,ATLOCATION,LABORATORY
GELTOOTHPASTE,ATLOCATION,BATHROOMCABINET
GRAPE,ATLOCATION,DESERTS
CANDY,ATLOCATION,STORE
DARKMATTER,ATLOCATION,UNIVERSE
FOUNTAIN,ATLOCATION,GARDEN
HALLWAY,ATLOCATION,BUILDING
CHAIR,ATLOCATION,OFFICE
COFFEECUPS,ATLOCATION,CUPBOARD
CONDOM,ATLOCATION,BATHROOM
FILING,ATLOCATION,WORK
BOOKEND,ATLOCATION,SCHOOLLIBRARY
HOTTAP,ATLOCATION,KITCHE
CHILD,ATLOCATION,BACKSEATOFCAR
CLOTH,ATLOCATION,EGYPTIANTOMBS
HOOKER,ATLOCATION,BED
ANIMALFECES,ATLOCATION,ZOO
CLARINET,ATLOCATION,BAND
COMPUTERUSER,ATLOCATION,OFFICEBUILDING
HAIRBRUSH,ATLOCATION,HOUSE
COPYMACHINES,ATLOCATION,OFFICE
BEAVERIN,ATLOCATION,PAIROFSMALLS
BUSSTOP,ATLOCATION,TOWNS
CHECKBOOK,ATLOCATION,DESKTOP
ANTIPRURITIC,ATLOCATION,MEDICINECHEST
GAZELLE,ATLOCATION,BIOLOGYBOOK
FOOD,ATLOCATION,STOMACH
GAZELLE,ATLOCATION,ENCYCLOPEDIA
BASEMENT,ATLOCATION,OWNHOUSE
CRISPS,ATLOCATION,VENDINGMACHINES
CROSSINGGUARD,ATLOCATION,STREET
AIRPLANES,ATLOCATION,AIR
CALENDARPAD,ATLOCATION,STATIONERYSTORE
CARD,ATLOCATION,CARDGAME
BOARDGAME,ATLOCATION,SHELF
CARPET,ATLOCATION,STORE
GAZELLE,ATLOCATION,AFRICA'SPLAINS
FARMLAND,ATLOCATION,IOWA
COW,ATLOCATION,FIUELD
CRAB,ATLOCATION,CHINESEBUFFET
BACKDROP,ATLOCATION,PHOTOGRAPH
DARKGLASSES,ATLOCATION,MOVIESTUDIO
FIORD,ATLOCATION,ARCTIC
BABY,ATLOCATION,BACKSEATOFCAR
COURTYARD,ATLOCATION,VERSAILLES
CHAIRS,ATLOCATION,WORK
COTTAGECHEESE,ATLOCATION,REFRIGERATOR
FOLDEDCLOTHING,ATLOCATION,SUITCASE
FONT,ATLOCATION,CHURCH
BEDROOM,ATLOCATION,ATHOTEL
FOYER,ATLOCATION,APARTMENT
DININGROOM,ATLOCATION,HOME
CAPTAIN,ATLOCATION,AIRPLANE
HORSE,ATLOCATION,STALL
HORSDOUVRES,ATLOCATION,PARTY
DUSTBIN,ATLOCATION,KITCHEN
AIRTICKET,ATLOCATION,BILLFOLD
CHECKINDESK,ATLOCATION,HOTEL
DISHES,ATLOCATION,TABLE
ENTRANCE,ATLOCATION,THEATRE
CONSTRUCTION,ATLOCATION,ROADBLOCK
CHINGLES,ATLOCATION,ROOF
HORN,ATLOCATION,TRUCK
DIRT,ATLOCATION,RUG
BADFOOD,ATLOCATION,PLANE
CANSOFSOUP,ATLOCATION,MARKET
DIMESTORE,ATLOCATION,DOWNTOWN
ACOUSTICGUITAR,ATLOCATION,BAND
HALLOWEENMASKS,ATLOCATION,TOYSTORE
CHALLENGES,ATLOCATION,WORK
HEIFER,ATLOCATION,YARD
CLASSMATES,ATLOCATION,CLASS
DONUT,ATLOCATION,BAKERY
BASEMENT,ATLOCATION,CHURCH
FLOWERS,ATLOCATION,FIELD
ELECTRICSOCKET,ATLOCATION,OFFICE
FERRET,ATLOCATION,DESERT
FAITHFULPEOPLE,ATLOCATION,CHURCH
CHICKEN,ATLOCATION,PIZZA
ANEMONE,ATLOCATION,FIELDOFFLOWERS
CARS,ATLOCATION,SHOW
FOX,ATLOCATION,OUTDOORS
COINSLOT,ATLOCATION,SODAMACHINE
FOREST,ATLOCATION,RUSSIA
HORSE,ATLOCATION,PARADE
FISH,ATLOCATION,RIVER
BOOK,ATLOCATION,HANDSOFSTUDENT
GIFTSHOP,ATLOCATION,AIRPORT
FRUIT,ATLOCATION,REFRIDERATOR
AUDIENCE,ATLOCATION,MOVIETHEATER
BBQ,ATLOCATION,SUMMER
HAIR,ATLOCATION,HAIRBRUSH
BALDEAGLE,ATLOCATION,RESERVE
GUM,ATLOCATION,MOVIES
GARBAGE,ATLOCATION,TRASH
CAR,ATLOCATION,CARDEALERSHIP
COUNTY,ATLOCATION,STATE
BALLS,ATLOCATION,SOCCERGAME
BUM,ATLOCATION,BUSDEPOT
DENTISTOFFICE,ATLOCATION,BUILDING
BACKGARDEN,ATLOCATION,HOUSE
BEACHTOWEL,ATLOCATION,BEACH
FLOWERS,ATLOCATION,COUNTRYSIDE
BUNCHOFCOBWEBS,ATLOCATION,ATTIC
BATHROOM,ATLOCATION,MALL
CLUBCHAIR,ATLOCATION,CAPTAINSCABIN
DOCTOR,ATLOCATION,NURSINGHOME
BOARDINGPASS,ATLOCATION,PASSENGERSHAND
CONCRETE,ATLOCATION,FREEWAY
BEERKEGS,ATLOCATION,FRATERNITYHOUSE
CARPETPAD,ATLOCATION,CARPET
BRIDGEARCH,ATLOCATION,BRIDGE
FEET,ATLOCATION,GROUND
GASSTATION,ATLOCATION,STREETCORNER
GRAPE,ATLOCATION,GILBERT'SHOUSE
COIN,ATLOCATION,PENNYROLL
FOOD,ATLOCATION,FAIRGROUNDS
BARREL,ATLOCATION,MARKET
BUS,ATLOCATION,BUSSTOP
GRAPE,ATLOCATION,VINEYARD
ANTS,ATLOCATION,BREADBOX
CHESSPAWN,ATLOCATION,CHESSMATCH
BASKETBALL,ATLOCATION,BASKETBALLCOURT
FIVEANDDIME,ATLOCATION,OLDTOWN
EAT,ATLOCATION,DINNER
BANDAGE,ATLOCATION,DOCTOR
BILLFILE,ATLOCATION,HOMEOFFICE
DUFFELBAG,ATLOCATION,BUSSTATION
BROOK,ATLOCATION,COUNTRY
CHESSBOARD,ATLOCATION,CABINET
GREENGROCER,ATLOCATION,CITY
CAT,ATLOCATION,WARMBED
BAKEDBEANS,ATLOCATION,CAN
DUSTPAN,ATLOCATION,GARAGE
AISLE,ATLOCATION,DRUGSTORE
DOORWAY,ATLOCATION,BUILDING
FOX,ATLOCATION,INDIANA
FERRET,ATLOCATION,FERRETCAGE
BUS,ATLOCATION,ROAD
CHEMICALS,ATLOCATION,LAB
DENTALCHAIR,ATLOCATION,DENTISTOFFICE
HAIRDRYER,ATLOCATION,BEAUTYPARLOR
BATHROOM,ATLOCATION,GYM
BENCK,ATLOCATION,WATERFOUNTAIN
ENEMY,ATLOCATION,WAR
BEE,ATLOCATION,SWARM
GUESTS,ATLOCATION,DISNEYLAND
ARCH,ATLOCATION,BUILDING
COLDSTORAGE,ATLOCATION,GROCERYSTORE
BIRD,ATLOCATION,BRANCHOFTREE
AGENDAS,ATLOCATION,CONFERENCE
BUBBLEGUM,ATLOCATION,THEATER
CALENDARPAD,ATLOCATION,OFFICEBUILDING
GOODMEAL,ATLOCATION,RESTAURANT
COMPUTERMOUSE,ATLOCATION,DESKTOP
CAT,ATLOCATION,APPARTMENTS
ALCOHOLIC,ATLOCATION,NEIGHBOR'SHOUSE
FOX,ATLOCATION,ASIA
ALCOHOLICDRINK,ATLOCATION,PUB
CHEESE,ATLOCATION,PLATE
CITIES,ATLOCATION,SURFACEOFEARTH
FUNGUS,ATLOCATION,JUNGLE
CANAL,ATLOCATION,BRIDGE
GUN,ATLOCATION,DESK
BICYCLE,ATLOCATION,UNIVERSITY
BEACHTOWEL,ATLOCATION,BEACHBAG
CLIPBOARD,ATLOCATION,DESK
BALLS,ATLOCATION,TOYSTORE
COKES,ATLOCATION,BOWLINGALLEY
CHANGINGROOM,ATLOCATION,GYM
AMUSEMENT,ATLOCATION,DISNEYLAND
BLUEBIRD,ATLOCATION,WINDOWSILL
BRIEFCASE,ATLOCATION,BAGSTORE
GRABAGE,ATLOCATION,TRASH
GROUNDCOVER,ATLOCATION,FOREST
CURATOR,ATLOCATION,GALLERYOPENING
EARMUFFS,ATLOCATION,DRAWER
ARTIFACT,ATLOCATION,MUSEUM
BUBBLEWRAP,ATLOCATION,POSTOFFICE
COIL,ATLOCATION,CAR
CAT,ATLOCATION,CATCANNON
CIRCULARS,ATLOCATION,MAILBOX
BEANBAGCHAIR,ATLOCATION,FAMILYROOM
BOOK,ATLOCATION,PILEOFBOOKS
FRONTCOURTYARD,ATLOCATION,CASTLEFORTRESS
FUNGUS,ATLOCATION,WETCOLDPLACE
ARMCHAIR,ATLOCATION,STUDY
BOMB,ATLOCATION,JET
BASSBARITONE,ATLOCATION,SYMPHONY
ANIMALS,ATLOCATION,ZOOS
BALDEAGLE,ATLOCATION,MIDFLIGHT
DIRT,ATLOCATION,BED
FLOORPADDING,ATLOCATION,CARPET
HOUSEHOLDFILES,ATLOCATION,CABINET
AIRCONDITIONER,ATLOCATION,CAR
ANEMONE,ATLOCATION,BULBCATALOG
BEANBAG,ATLOCATION,TOYBOX
CRAB,ATLOCATION,ALBERA
BOOK,ATLOCATION,BOOKCASE
BUCKET,ATLOCATION,SLOPCLOSET
AUNT,ATLOCATION,RELATIVESHOUSE
BEER,ATLOCATION,HOME
FUNGUS,ATLOCATION,DARKMOISTPLACE
DOT,ATLOCATION,ENDOFLINE
BEAR,ATLOCATION,DRAWER
CARD,ATLOCATION,MAILBOX
BARITONE,ATLOCATION,CHIOR
FEAR,ATLOCATION,WAR
FICUS,ATLOCATION,CONTAINER
FENDERS,ATLOCATION,REPAIRSHOP
CREEK,ATLOCATION,OLDROCKINGCHAIR
CLOTH,ATLOCATION,LINENSTORE
FRYINGPAN,ATLOCATION,DEPARTMENTSTORE
HEIFER,ATLOCATION,BEEF
CATWALK,ATLOCATION,FASHIONSHOW
FILTH,ATLOCATION,TELEVISION
ACCOUNTBOOK,ATLOCATION,DESK
BATTERY,ATLOCATION,HEARINGAID
CLOTH,ATLOCATION,YARDSGOODSSTORE
CLIP,ATLOCATION,OFFICEBUILDING
CASTANETS,ATLOCATION,SPAIN
DUVETCOVER,ATLOCATION,BED
BAGGAGETRUNK,ATLOCATION,TRAIN
GRAPE,ATLOCATION,FOOD
CHESSPIECE,ATLOCATION,CHESSBOARD
CAPITALCITY,ATLOCATION,COUNTRY
CANOFBEANS,ATLOCATION,CUPBOARD
CANOE,ATLOCATION,MOUNTAINSTREAM
ARIAL,ATLOCATION,ROOF
BEAVER,ATLOCATION,PARK
FUNGUS,ATLOCATION,DAMPAREA
ALLBOOKS,ATLOCATION,HOME
GREENBEANS,ATLOCATION,CAN
BOXOFKLEENEX,ATLOCATION,DESK
FORZENMEAT,ATLOCATION,FREEZER
FORK,ATLOCATION,KITCHEN
CHEMICALS,ATLOCATION,SWIMMINGPOOL
DUSTPARTICLES,ATLOCATION,AIR
BUSINESS,ATLOCATION,OFFICEBUILDING
GRAPE,ATLOCATION,WINECOUNTRY
APPLETREE,ATLOCATION,PARK
FICUS,ATLOCATION,OFFICEBUILDING
COLUMN,ATLOCATION,OLDHOME
CHEAPPRIZES,ATLOCATION,CARNIVAL
CHIPS,ATLOCATION,CASINO
CUPOFCOFFEE,ATLOCATION,TABLE
BATTLE,ATLOCATION,COURTROOM
BEAVERINPOND,ATLOCATION,NORTHAMERICA
CLUTCHBAG,ATLOCATION,HANDSOFWOMAN
HORSE,ATLOCATION,A
HIDEBEDSOFA,ATLOCATION,APARTMENT
BOX,ATLOCATION,POSTOFFICE
CASTANETS,ATLOCATION,LATINBAND
DEADBODIES,ATLOCATION,WAR
AUTOMOBILE,ATLOCATION,SHOP
HOTFAUCET,ATLOCATION,KITCHEN
GARAGE,ATLOCATION,DELIVERYHUB
BACON,ATLOCATION,REFRIDGERATOR
HORSE,ATLOCATION,COWBOYMOVIE
BLOWFISH,ATLOCATION,TROPICS
FICUS,ATLOCATION,GREATOUTDOORS
FUNGUS,ATLOCATION,COMPOSTPILE
COIN,ATLOCATION,FOUNTAIN
BAKINGOVEN,ATLOCATION,STOVE
CORN,ATLOCATION,SUPERMARKET
BEAVER,ATLOCATION,FRESHWATER
CONTAINERCAN,ATLOCATION,KITCHENCUBBARD
DUVET,ATLOCATION,BEDROOM
FUNGUS,ATLOCATION,LOBORATORY
FURNITURE,ATLOCATION,APARTMENT
CLASSICALMUSIC,ATLOCATION,HOUSE
BASSCLARINET,ATLOCATION,BAND
DEADPEOPLE,ATLOCATION,WAR
ARCHWAY,ATLOCATION,SCHOOL
CHAIRS,ATLOCATION,MITMEDIALAB
FORK,ATLOCATION,PLATE
DUST,ATLOCATION,GROUND
BROKENAPPLIANCE,ATLOCATION,REPAIRSHOP
BARITONE,ATLOCATION,CASE
CONFESSIONAL,ATLOCATION,CHURCH
COUNTER,ATLOCATION,CANDYSTORE
DARKGLASSES,ATLOCATION,GLOVEBOX
FAIRRIDES,ATLOCATION,FAIRGROUNDS
GLASS,ATLOCATION,HAND
CARNAGE,ATLOCATION,WAR
FOOTSTOOL,ATLOCATION,LOUNGEROOM
CARDBOARDBOX,ATLOCATION,WAREHOUSE
BEE,ATLOCATION,ROSEGARDEN
CLOTHESHANGER,ATLOCATION,CLOSET
ARTIST,ATLOCATION,ARTSHOW
FRONTYARD,ATLOCATION,SUBURB
BURGLAR,ATLOCATION,JAIL
CHIPSANDDIP,ATLOCATION,PARTY
HILL,ATLOCATION,LANDSCAPE
CABLES,ATLOCATION,DESK
FRISBEE,ATLOCATION,ROOF
HAIRCONDITIONER,ATLOCATION,GROCERYSTORE
HANGINGRAIL,ATLOCATION,BEDROOM
GRIME,ATLOCATION,CLOSET
COW,ATLOCATION,CHILD'SPICTURE
BARBERSHOP,ATLOCATION,NEIGHBORHOOD
FOG,ATLOCATION,SEA
DOCTOROFFICE,ATLOCATION,TOWN
BOARD,ATLOCATION,LUMBERSTORE
ACNEMEDICATION,ATLOCATION,DRUGSTORE
FOX,ATLOCATION,NEWYORK
ASH,ATLOCATION,CARPET
CRAB,ATLOCATION,STEWPOT
FLEAS,ATLOCATION,CHEAPHOTEL
CAR,ATLOCATION,MOTEL
ANTIQUES,ATLOCATION,LOFT
CREEK,ATLOCATION,WOODS
BOWL,ATLOCATION,APARTMENT
HALL,ATLOCATION,LARGEBUILDING
EXOTICANIMALS,ATLOCATION,ZOO
CAT,ATLOCATION,CATLOVER'SLAP
BELTHIGHWAY,ATLOCATION,CITY
GREENGROCER,ATLOCATION,CENTEROFCITY
CUSTOMCARS,ATLOCATION,CARSHOW
CARRYONBAG,ATLOCATION,XRAYMACHINE
HANGERS,ATLOCATION,CLOSET
CRAB,ATLOCATION,FOOD
CAT,ATLOCATION,DIRT
GREATVIEW,ATLOCATION,TOPOFMOUNTAIN
HEAD,ATLOCATION,SUBMARINE
BOAT,ATLOCATION,WATER
GRAVEL,ATLOCATION,SURFACEOFEARTH
CANOE,ATLOCATION,BOATHOUSE
HEATER,ATLOCATION,AUTOMOBILE
HARPSICHORD,ATLOCATION,BAND
DINNERPLATE,ATLOCATION,DINNER
CONTRALTO,ATLOCATION,CHORUS
ANTS,ATLOCATION,FIELD
BOTTLEOFMILK,ATLOCATION,SHOP
COMPUTER,ATLOCATION,OFFICE
FOOD,ATLOCATION,FREEZER
DEODORANT,ATLOCATION,GROCERYSTORE
DIMESTORE,ATLOCATION,STRIPMALL
FIRE,ATLOCATION,FOREST
COOKIES,ATLOCATION,CONTAINER
FRENCHHORN,ATLOCATION,CONCERTHALL
CONTAINERCAN,ATLOCATION,STORE
HOSPITALGOWN,ATLOCATION,HOSPITAL
CARNIES,ATLOCATION,FAIR
CLAMPBINDER,ATLOCATION,KNAPSACK
DRIVE,ATLOCATION,A
BASKETBALLCOURT,ATLOCATION,SPORTSARENA
CHAIR,ATLOCATION,PORCH
CLIFFSNOTES,ATLOCATION,BOOKSTORE
GRILL,ATLOCATION,HARDWARESTORE
CLOSETS,ATLOCATION,FRIEND'SHOUSE
CRIME,ATLOCATION,DEMONSTRATION
BALCONY,ATLOCATION,OPERA
COOKBOOK,ATLOCATION,BOOKSTORE
HORSE,ATLOCATION,LOOSEBOX
BANANACHUTNEY,ATLOCATION,JAR
GAZELLE,ATLOCATION,GAMEPARK
BLOWFISH,ATLOCATION,JAPANESECUISINE
CRAB,ATLOCATION,FISHMARKET
BALDEAGLE,ATLOCATION,CHEMOTHERAPY
CROWD,ATLOCATION,CARSHOW
GRAPE,ATLOCATION,SUPERMAKET
FOODSCRAPS,ATLOCATION,TRASH
GRAVEYARD,ATLOCATION,CHURCHGROUNDS
ATTACHECASE,ATLOCATION,LAWYER'SOFFICE
HAIRPIN,ATLOCATION,HAIRSALON
FARMLAND,ATLOCATION,FARMINGAREAS
HIDEBEDSOFA,ATLOCATION,HOTEL
COLLEGE,ATLOCATION,LARGECITY
DRIEDFRUIT,ATLOCATION,BACKPACK
GREENSPACE,ATLOCATION,PARK
ATTITUDE,ATLOCATION,GALLERYOPENING
CONTRACEPTIVE,ATLOCATION,VAGINA
GRASS,ATLOCATION,GROUND
BILLFILE,ATLOCATION,OFFICE
CANTEEN,ATLOCATION,BACKPACK
FUNGUS,ATLOCATION,FALLENLOG
HERRING,ATLOCATION,JAR
EMPTYHANGERS,ATLOCATION,CLOSET
ARMY,ATLOCATION,WAR
CHECK,ATLOCATION,COUNTERINMOTEL
DROPOFBLOOD,ATLOCATION,VEIN
FUNGUS,ATLOCATION,OLDCHEESE
GAMESHOWS,ATLOCATION,TELEVISION
CRAB,ATLOCATION,WOODS
ELEVATOR,ATLOCATION,BUILDING
BRIEFCASE,ATLOCATION,BUSINESSOFFICE
BIRDS,ATLOCATION,NEST
FICUS,ATLOCATION,CONSERVATORY
BUREAUCRAT,ATLOCATION,ENDOFLINE
ATTACHCASE,ATLOCATION,COURTROOM
CASTOROIL,ATLOCATION,MEDICINECHEST
GRILL,ATLOCATION,OVEN
AUTOMATICGATE,ATLOCATION,CARPARK
ATTRIBUTE,ATLOCATION,CALCULUS
CLOTHES,ATLOCATION,HOUSE
EARTH,ATLOCATION,SPACE
ATLANTICOCEAN,ATLOCATION,ATLAS
ARCH,ATLOCATION,FOOT
GOD,ATLOCATION,SYNAGOGUE
CARRIERBAG,ATLOCATION,SUPERMARKET
HIGHPRICES,ATLOCATION,THEATRE
COIN,ATLOCATION,PARKINGMETER
BREAKROOM,ATLOCATION,WORK
BARRIERS,ATLOCATION,ROADBLOCK
DESKDRAWER,ATLOCATION,CLOSEDPOSITION
BOOKINGOFFICE,ATLOCATION,BUILDING
CALANDER,ATLOCATION,DESK
CONTROLROOM,ATLOCATION,AIRBASE
BEVERAGESERVICE,ATLOCATION,HOTEL
COINS,ATLOCATION,DRAWER
CALENDARBOOK,ATLOCATION,OFFICE
ENTRANCEWAY,ATLOCATION,HOUSE
APPLETREE,ATLOCATION,FIELDS
DRESSER,ATLOCATION,DRAWER
CLOCK,ATLOCATION,WALL
DOGEMS,ATLOCATION,FAIRGROUNDS
GROUNDFLOOR,ATLOCATION,OFFICEBUILDING
CONTAMINANTS,ATLOCATION,WATER
HAMMERS,ATLOCATION,PIANO
ANTHRAX,ATLOCATION,POSTOFFICE
FOLDINGCHAIR,ATLOCATION,GARAGE
GAZELLE,ATLOCATION,FEAR
BAKEDBREAD,ATLOCATION,OVEN
CATTLE,ATLOCATION,FARM
DEADFISH,ATLOCATION,BEACH
BAI,ATLOCATION,FISHINGBOAT
CAMPSITE,ATLOCATION,FOREST
COBBLESTONE,ATLOCATION,FIELD
BALDEAGLES,ATLOCATION,PUGETSOUNDAREA
BLOOD,ATLOCATION,ANIMALS
BIKINIS,ATLOCATION,BEACH
BIOGRAPHY,ATLOCATION,LIBRARY
FRONTYARD,ATLOCATION,GRASS
CLEANUNDERWEAR,ATLOCATION,SUITCASE
CURRENTEVENTS,ATLOCATION,NEWSPAPER
CELLPHONES,ATLOCATION,VERIZON
COW,ATLOCATION,BUTCHERSHOP
FISH,ATLOCATION,BODYOFWATER
DOLPHINS,ATLOCATION,OCEAN
GOODVIEW,ATLOCATION,ROOF
HORSE,ATLOCATION,RANCHERSPEN
FUNGUS,ATLOCATION,GARDEN
CLIENT,ATLOCATION,OFFICE
HOTEL,ATLOCATION,TOURISTICAREA
COMPUTERUSER,ATLOCATION,SCHOOL
FIRE,ATLOCATION,LABORATORY
BUNCHOFKEYS,ATLOCATION,POCKET
CHICKEN,ATLOCATION,PLATE
DELISTORE,ATLOCATION,DOWNTOWNCORE
DELI,ATLOCATION,NEWYORK
FRUIT,ATLOCATION,MARKET
GLASSWARE,ATLOCATION,CUPBOARD
CONDOMS,ATLOCATION,SUPERMARKET
GROCERYSTORE,ATLOCATION,NEIGHBORHOOD
DENTISTCHAIR,ATLOCATION,DENTISTOFFICE
EXERCISEMATS,ATLOCATION,GYM
HARDWARESHOP,ATLOCATION,TOWN
CASEOFBEER,ATLOCATION,FOODSTORE
FRUIT,ATLOCATION,JAR
CHECKINDESK,ATLOCATION,AIRPORT
CHEESE,ATLOCATION,FRIDGE
FERRET,ATLOCATION,BUSH
BADWAITESTAFF,ATLOCATION,RESTAURANT
FLOWERS,ATLOCATION,LAWN
ARTERY,ATLOCATION,MAMMAL
BUSSHELTER,ATLOCATION,RAIN
CHILDREN,ATLOCATION,CLASSROOM
CANVAS,ATLOCATION,CAMPINGSTORE
CLOTHES,ATLOCATION,MALL
COUNTER,ATLOCATION,POSTOFFICE
BASS,ATLOCATION,MUSICSTORE
GRASSCLIPPINGS,ATLOCATION,LAWN
CONSUMERGOODS,ATLOCATION,STORE
EXPLOSIVE,ATLOCATION,CONSTRUCTIONHUT
CRYINGBABY,ATLOCATION,DISNEYLAND
CONFETTI,ATLOCATION,AIR
GOODVIEWOFEARTH,ATLOCATION,MOON
BOBBYPIN,ATLOCATION,DRESSERDRAWER
HEATTOCOOKFOOD,ATLOCATION,OVEN
DOCTOR,ATLOCATION,DOCTOR
DECANTER,ATLOCATION,MENSCLUB
HORSE,ATLOCATION,ZOO
CARGO,ATLOCATION,PLANE
DENTALOFFICE,ATLOCATION,MEDICALCOMPLEX
CUP,ATLOCATION,SANDBOX
DEBITCARD,ATLOCATION,POKET
ANEMONE,ATLOCATION,GULFOFMEXICO
CARLOVERS,ATLOCATION,CARSHOW
BUNGALOW,ATLOCATION,BEACH
FORESAIL,ATLOCATION,BOAT
APPLETREE,ATLOCATION,APPLETREEFARM
AUTOMATON,ATLOCATION,BANKING
HAMMER,ATLOCATION,REPAIRSHOP
CATHAIR,ATLOCATION,FLOOR
BRANDY,ATLOCATION,BAR
HAIR,ATLOCATION,ARM
CANAL,ATLOCATION,MICHIGAN
DELICIOUSMEAL,ATLOCATION,OVEN
ANECDOTE,ATLOCATION,STORY
FIREFLY,ATLOCATION,NIGHT
GAMEMOUSETRAP,ATLOCATION,TOYSTORE
CIGAR,ATLOCATION,INTERN
FICUS,ATLOCATION,TREE
BLOWFISH,ATLOCATION,ATLANTICOCEAN
HORSE,ATLOCATION,PADDY
FERRET,ATLOCATION,SKY
APPLYTREE,ATLOCATION,ORCHARD
BEAKERS,ATLOCATION,LABORATORY
BUGLE,ATLOCATION,AMERICANARMY
BALDEAGLE,ATLOCATION,HIGHTREE
FROST,ATLOCATION,GROUND
CANDELABERA,ATLOCATION,TABLE
BOOK,ATLOCATION,HOUSE
COTTONCANDY,ATLOCATION,CARNIVAL
HAIRGEL,ATLOCATION,BEAUTYSALON
FLOUR,ATLOCATION,KITCHEN
CAFE,ATLOCATION,BUDAPEST
CHESTERFIELD,ATLOCATION,FOYER
BOMB,ATLOCATION,AIRCRAFT
ANEMONE,ATLOCATION,OCEANB
BOOKEND,ATLOCATION,LIBRARYBOOK
EMETIC,ATLOCATION,MEDICINECHEST
CAT,ATLOCATION,CATTOWN
DINOSAURBONES,ATLOCATION,MUSEUM
BOOK,ATLOCATION,BOOKSHOP
CAR,ATLOCATION,ROAD
HOLE,ATLOCATION,LOCK
ARCHBOARD,ATLOCATION,KITCHEN
COWORKERS,ATLOCATION,OFFICE
CARD,ATLOCATION,ENVELOP
FREEWAY,ATLOCATION,FLORIDA
ADDRESSBOOK,ATLOCATION,SUITCASE
EYEGLASSESCASE,ATLOCATION,SHIRTPOCKT
COMPUTERUSER,ATLOCATION,OWNHOME
COFFEE,ATLOCATION,AIRPORT
CANDLESTICK,ATLOCATION,TABLE
COOKIE,ATLOCATION,JAR
ACTIONFIGURE,ATLOCATION,TOYBOX
BALLBEARING,ATLOCATION,SKATEBOARDWHEEL
FIREALARM,ATLOCATION,BUILDING
CASHREGISTERS,ATLOCATION,MALL
BARN,ATLOCATION,FARMYARD
GRIEF,ATLOCATION,WAR
GLASSESCASE,ATLOCATION,DRAWER
AUTOMATON,ATLOCATION,MUSEUM
BOOKSTORE,ATLOCATION,STRIPMALL
ANTIQUES,ATLOCATION,MUSEUM
DENTALCHAIR,ATLOCATION,PATIENT
HIGHLIGHTER,ATLOCATION,DESK
HEIFER,ATLOCATION,HEAT
COAST,ATLOCATION,UNITEDSTATES
BASKET,ATLOCATION,OFFICE
CHESSPIECE,ATLOCATION,GAMEBOX
COFFETABLE,ATLOCATION,RUG
DELISTORE,ATLOCATION,NEWJERSEY
COUNTER,ATLOCATION,MOSTSTORES
FATSINGINGLADY,ATLOCATION,OPERA
DOORWAY,ATLOCATION,HOME
EMERGENCYWARD,ATLOCATION,HOSPITAL
GYMNASIUM,ATLOCATION,COLLEGECAMPUS
ALGAE,ATLOCATION,WATERFALL
COMFORTER,ATLOCATION,LINENCLOSET
ADVERTISEMENT,ATLOCATION,STORE
BEANBAGCHAIR,ATLOCATION,LIVINGROOM
DEADBODY,ATLOCATION,CLOSET
APPLETREE,ATLOCATION,ROMEOMICHIGAN
BUS,ATLOCATION,STREET
AUTOMOBILE,ATLOCATION,EXITRAMP
BALL,ATLOCATION,PLAYGROUND
HAY,ATLOCATION,LOFT
ELECTRICITY,ATLOCATION,CONCERT
BALCONY,ATLOCATION,MICHIGAN
CAT,ATLOCATION,FLOOR
CHERUB,ATLOCATION,HEAVEN
CHESSPIECE,ATLOCATION,SMALLBOX
HEIFER,ATLOCATION,CATTLEFARM
HIGHLIGHTERPEN,ATLOCATION,OFFICEMAX
ATLANTICOCEAN,ATLOCATION,PLANET
BARBERCOMB,ATLOCATION,BARBERSHOP
BANKER,ATLOCATION,COUNTRYCLUB
CORNDOGS,ATLOCATION,FAIRGROUNDS
DROPSOFRAIN,ATLOCATION,WINDOWSILL
GRASS,ATLOCATION,SURFACEOFEARTH
DOORBELL,ATLOCATION,PORCH
BEERMUG,ATLOCATION,PUB
FERTILIZER,ATLOCATION,GARAGE
GRASS,ATLOCATION,STATEPARK
CARPETING,ATLOCATION,HOMEOROFFICE
GRAPE,ATLOCATION,MARKET
BEACHBALL,ATLOCATION,BEACH
ERASER,ATLOCATION,SCHOOLS
HEIFER,ATLOCATION,BRITISHCOLOMBIA
EMERGENCYROOM,ATLOCATION,HOSPITAL
FUNGUS,ATLOCATION,DANKPLACE
CASHEWBUTTER,ATLOCATION,JAR
BEE,ATLOCATION,BEEHOUSE
ENTRYWAY,ATLOCATION,OFFICEBUILDING
BALDEAGLE,ATLOCATION,WILDBLUEYONDER
BRASS,ATLOCATION,METALOBJECTS
BRIBERY,ATLOCATION,CORRUPTCOUNTRY
CLOCK,ATLOCATION,OWNBEDROOM
ANEMONEIN,ATLOCATION,TIDEPOOL
FUNGUS,ATLOCATION,FALLENTREE
CLOTHES,ATLOCATION,HAMPER
FLUTE,ATLOCATION,WOODWINDSECTION
COFFEEMUG,ATLOCATION,DESKTOP
GRAPE,ATLOCATION,JELLO
BUREAU,ATLOCATION,HOMEOFFICE
FERRET,ATLOCATION,OWNHOME
BALCONYSEAT,ATLOCATION,THEATER
COLDSTORAGE,ATLOCATION,RESTAURANT
CHESSSET,ATLOCATION,GAMEROOM
FORTUNE,ATLOCATION,IMAGINATION
FRENCHHORN,ATLOCATION,FRANCE
DENIM,ATLOCATION,PAIROFJEANS
CHEQUEBOOK,ATLOCATION,HOUSE
BAZAAR,ATLOCATION,ISTANBUL
BOXESFORSTORAGE,ATLOCATION,BASEMENT
COW,ATLOCATION,FARMER'SFIELD
CAKE,ATLOCATION,PARTY
HELIUM3,ATLOCATION,SUFACEOFMOON
ELECTRICBLANKET,ATLOCATION,COLDCLIMATE
CLERKS,ATLOCATION,POSTOFFICE
FAIRGROUNDRIDES,ATLOCATION,FAIR
CAKE,ATLOCATION,BIRTHDAYPARTY
CARDCASE,ATLOCATION,BRIEFCASE
ALTAR,ATLOCATION,SANCTUARY
BURLAP,ATLOCATION,BARN
BUSSTATION,ATLOCATION,BUSYCITY
BUM,ATLOCATION,BEACH
CAT,ATLOCATION,HOUSEPLANT
BBQ,ATLOCATION,LOUISIANA
FISH,ATLOCATION,STREAM
CAR,ATLOCATION,SHOW
CABINETS,ATLOCATION,PLANES
FUNGUS,ATLOCATION,SHADE
BASKETBALL,ATLOCATION,STORE
FUNGUS,ATLOCATION,BREADBOX
COLD,ATLOCATION,TOPOFMOUNTAIN
BLANKCHECKS,ATLOCATION,CABINET
DANDRUFFSHAMPOO,ATLOCATION,STORE
COINS,ATLOCATION,DESK
DISH,ATLOCATION,TABLE
ANEMONE,ATLOCATION,CARTOON
BLIMP,ATLOCATION,SKY
FLIGHTBAG,ATLOCATION,TRAVELER'SHAND
FORKS,ATLOCATION,CUTLERYDRAWER
CAN,ATLOCATION,PANTRY
DOORWITHLOCK,ATLOCATION,OFFICE
BARBERSHOP,ATLOCATION,SHOPPINGMALL
BULLSHIT,ATLOCATION,MEETING
FUNGUS,ATLOCATION,WARMMOISTPLACES
COLUMN,ATLOCATION,HOUSE
BASINWITHDRAIN,ATLOCATION,WATERFOUNTAIN
BUGLE,ATLOCATION,MILITARYBASE
DOOR,ATLOCATION,CLASSROOM
HANDLE,ATLOCATION,DOOR
EXPRESSO,ATLOCATION,INTERNETCAFE
COSTUMES,ATLOCATION,THEATRE
CRAB,ATLOCATION,GUMBO
FAUCETOVERFLOW,ATLOCATION,NICKOFTIME
BALDEAGLE,ATLOCATION,CAPTIVITY
BUSINESS,ATLOCATION,SKYSCRAPER
BEEF,ATLOCATION,GROCERYSTORE
BATTEN,ATLOCATION,HATCH
CREATURE,ATLOCATION,ZOO
BUSPASS,ATLOCATION,STUDENT'SPOCKET
CITY,ATLOCATION,GERMANY
FROSTING,ATLOCATION,JAR
CHAIR,ATLOCATION,AIRPORT
HOLDINGPOINT,ATLOCATION,WAR
COLLEGE,ATLOCATION,CITY
FLOORBOARDS,ATLOCATION,CORNER
FROGS,ATLOCATION,SWAMP
CHESSROOK,ATLOCATION,CHESSCLUB
BROTHER,ATLOCATION,SEMINARY
BROKENITEM,ATLOCATION,REPAIRSHOP
GAZELLE,ATLOCATION,SERGENETIPLAINS
BLOWFISH,ATLOCATION,BOOK
CHESSKNIGHT,ATLOCATION,CHESSBOARD
DRUGADDICT,ATLOCATION,PARK
CABBAGE,ATLOCATION,PLATE
CABLE,ATLOCATION,RADIOSHACK
BATHROOM,ATLOCATION,NEIGHBOR'SHOUSE
GLASS,ATLOCATION,STREET
GOLD,ATLOCATION,RING
GLOVES,ATLOCATION,SUITCASE
CIRCUITBREAKER,ATLOCATION,CELLAR
BAROFSOAP,ATLOCATION,BATHTUB
GOPHER,ATLOCATION,GARDEN
ATLAS,ATLOCATION,BOOKSTORE
GARBAGEWASTE,ATLOCATION,GARBAGEDUMP
FLASK,ATLOCATION,LABRATORY
FOODCAN,ATLOCATION,RECYCLINGBIN
FOOTBALLFIELD,ATLOCATION,COLLEGECAMPUS
DUSTBUNNIES,ATLOCATION,CLOSET
DOG,ATLOCATION,DOGPOUND
ANUS,ATLOCATION,BODY
COURT,ATLOCATION,TENNISSTADIUM
CONNECTION,ATLOCATION,CIRCUIT
BALDEAGLE,ATLOCATION,BARATEAGLESCLUB
ARCH,ATLOCATION,PARIS
BEAN,ATLOCATION,FOODSTORE
BAKINGOVEN,ATLOCATION,PIZZAPARLOR
BROTHER,ATLOCATION,HOME
BED,ATLOCATION,RESTAREA
CELLAR,ATLOCATION,RURALFARMHOUSE
FICUS,ATLOCATION,PUBLICPLACE
CANADIANS,ATLOCATION,CANADA
FUNGUS,ATLOCATION,PLACEWET
CONDOM,ATLOCATION,DRUGSTORE
CLOTHING,ATLOCATION,SUITCASE
ACOUSTICCEILING,ATLOCATION,THEATER
DICKTRACY,ATLOCATION,NEWSPAPER
CASHTOKEN,ATLOCATION,GAMEARCADE
ACORNS,ATLOCATION,ROOF
FIDDLE,ATLOCATION,ALABAMA
FOX,ATLOCATION,DENSEFOREST
FANS,ATLOCATION,STADIUM
BEACHTOWEL,ATLOCATION,HAMPER
DUCK,ATLOCATION,POND
ALTO,ATLOCATION,CHIOR
HARDWARESHOP,ATLOCATION,MALL
DROPOFBLOOD,ATLOCATION,BATTLEFIELD
GOSSIP,ATLOCATION,WATERCOOLER
GRAVY,ATLOCATION,DINNER
BUGLE,ATLOCATION,BOX
BEAVER,ATLOCATION,MICHIGAN
HAIR,ATLOCATION,SKIN
COW,ATLOCATION,STEW
GRAFFITI,ATLOCATION,BRIDGE
CONVERSATION,ATLOCATION,PARTY
ADVERTISMENTS,ATLOCATION,NEWSPAPER
HORSE,ATLOCATION,CIRCUS
ACCORDIANBAG,ATLOCATION,MUSICSTORE
AUTOMATICGATE,ATLOCATION,BEVERLYHILLS
FASTFOOD,ATLOCATION,HAMBURGERJOINT
GAZELLE,ATLOCATION,STORE
BAG,ATLOCATION,TRASH
CARSEAT,ATLOCATION,CAR
APPLETREE,ATLOCATION,MICHIGAN
GAZELLE,ATLOCATION,SUDAN
CARDTURNSTILE,ATLOCATION,OFFICE
CAT,ATLOCATION,RESIDENTIALAREA
BRAKE,ATLOCATION,CAR
BLACKCLOTHING,ATLOCATION,FUNERAL
BOOKS,ATLOCATION,ROOM
GARDENINGBOOK,ATLOCATION,BOOKSTORE
BUNCHOFTOWELS,ATLOCATION,GYM
CHOCOLATECANDY,ATLOCATION,EASTERBASKET
BAY,ATLOCATION,MANHATTAN
CHEFSPECIAL,ATLOCATION,FANCYCAFE
CHILD,ATLOCATION,MOTHER'SWOMB
DIAGRAM,ATLOCATION,DEMONSTRATION
GRAS,ATLOCATION,LAWN
CRISPS,ATLOCATION,TABLE
DOG,ATLOCATION,PETSHOP
BALL,ATLOCATION,CRICKETPITCH
FUNGUS,ATLOCATION,HOLLOWLOGS
FLUTE,ATLOCATION,A
FEATHER,ATLOCATION,CAGE
AUDITORIUM,ATLOCATION,HIGHSCHOOL
ARMY,ATLOCATION,MILITARYBASE
CAVITIES,ATLOCATION,DENTIST
GLUESTICK,ATLOCATION,DRAWER
FACTORY,ATLOCATION,INDUSTRIALAREA
DURT,ATLOCATION,CONTAINER
FILINGCABINET,ATLOCATION,OFFICE
DENIM,ATLOCATION,DEPARTMENTSTORE
BIRD,ATLOCATION,FOREST
DILLPICKLES,ATLOCATION,JAR
BOOKS,ATLOCATION,HOTEL
COLDWATER,ATLOCATION,WATERCOOLER
GRAVEYARD,ATLOCATION,CITY
EMPTYPACKAGES,ATLOCATION,TRASH
FLYINGINSECTS,ATLOCATION,SKY
DRUNKFANS,ATLOCATION,SPORTINGEVENT
GUM,ATLOCATION,PURSE
COW,ATLOCATION,TENNESSEE
GAMES,ATLOCATION,DRAWER
BAKINGOVEN,ATLOCATION,PERSON'SKITCHEN
FINEART,ATLOCATION,MUSEUM
CAT,ATLOCATION,LAUNDRYBASKET
BIKE,ATLOCATION,VELODROME
GLUE,ATLOCATION,CLOSEDCONTAINER
FICUS,ATLOCATION,OWNHOME
DIRECTORY,ATLOCATION,OFFICE
AIRCONDITIONER,ATLOCATION,OFFICEBUILDING
COW,ATLOCATION,GREENFIELD
BABYFOOD,ATLOCATION,JAR
EVICTIONNOTICE,ATLOCATION,APARTMENT
BREAD,ATLOCATION,BREADBIN
HIGHRISE,ATLOCATION,SKYLINE
BATTEN,ATLOCATION,SHIP
GLASSES,ATLOCATION,BAR
FUNGUS,ATLOCATION,SWAMP
CHEMICALS,ATLOCATION,LABORATORY
ADVERTISEMENTS,ATLOCATION,MAILBAGS
BIKE,ATLOCATION,STREET
DRAWER,ATLOCATION,CHESTOFDRAWERS
FLOWERPRESS,ATLOCATION,BACKSEATOFCAR
FUNGUS,ATLOCATION,THINGSGROW
BEANS,ATLOCATION,CONTAINER
GALLERY,ATLOCATION,MUSEUM
BUILDINGS,ATLOCATION,TOWN
FOUNTAINPEN,ATLOCATION,BLOTTER
CLOTH,ATLOCATION,BATHROOM
CRAB,ATLOCATION,SALAD
BODY,ATLOCATION,CEMETARY
DELI,ATLOCATION,OFFICEBUILDING
BEANBAG,ATLOCATION,TOYSTORE
CHAPSTICK,ATLOCATION,BACKPACK
HOSPITAL,ATLOCATION,NICEPARTOFTOWN
DOCTOR,ATLOCATION,HOSPITAK
BALLET,ATLOCATION,THEATER
FLOWERPOT,ATLOCATION,PORCH
HORNDOGS,ATLOCATION,FRATERNITYHOUSE
GIRAFFES,ATLOCATION,AFRICA
ENTREE,ATLOCATION,DINNER
BARBERCOMB,ATLOCATION,HAIRSALON
AUDIENCE,ATLOCATION,HOCKEYGAME
DOCTOROFFICE,ATLOCATION,MEDICALCENTER
BOOKCASE,ATLOCATION,HOUSE
GEOGRAPHYGAME,ATLOCATION,TOYSTORE
ANEMONE,ATLOCATION,MEDITERRAINSEA
GROUNDCOFFEE,ATLOCATION,CAN
CATTAIL,ATLOCATION,POND
BOOKSFORSALE,ATLOCATION,BOOKSTORE
CURTAIN,ATLOCATION,OPERA
CHECKOUTNOTICE,ATLOCATION,MOTEL
CRYINGCHILDREN,ATLOCATION,DISNEYLAND
CLOTHINGSTORE,ATLOCATION,SHOPPINGMALL
HINGEDDOOR,ATLOCATION,OWNHOUSE
BOARD,ATLOCATION,STORE
AIRCONDITIONING,ATLOCATION,RICHHOME
GENTLEMEN,ATLOCATION,OPERA
BUREAU,ATLOCATION,BEDROOM
BARRICADE,ATLOCATION,ROADBLOCK
DOCUMENTFOLDER,ATLOCATION,FILINGCABINET
FRUITPUNCH,ATLOCATION,GROCERYSTORE
GROCERIES,ATLOCATION,MARKET
FLOTATIONDEVICE,ATLOCATION,BOAT
BILL,ATLOCATION,MAILBOX
COMPUTERMOUSE,ATLOCATION,MOUSEPAD
CHEQUEBOOKCOVER,ATLOCATION,BOXOFNEWCHECKS
COW,ATLOCATION,GATEWAYCOUNTRY
DOOR,ATLOCATION,CAR
CARKEYS,ATLOCATION,POCKET
CLIFF,ATLOCATION,WATERFALL
BANJO,ATLOCATION,COUNTRYBAND
DENTALOFFICE,ATLOCATION,TOWN
GEL,ATLOCATION,REFRIGERATOR
FOOD,ATLOCATION,BACKPACK
CONTRACEPTIVE,ATLOCATION,PHARMACY
GUMSHIELD,ATLOCATION,BOXER'SMOUTH
HOOSIERS,ATLOCATION,INDIANA
CAPSICUM,ATLOCATION,MEDICINECHEST
HORSE,ATLOCATION,WESTERN
FERRET,ATLOCATION,PAIROFTROUSERS
FUNGUS,ATLOCATION,FIELD
CADAVERS,ATLOCATION,MORGUE
DEPARTMENTSTORE,ATLOCATION,NEWYORK
APPLETREE,ATLOCATION,PARADISE
ACCORDIANBAG,ATLOCATION,ACCORDIAN
CARPARTS,ATLOCATION,REPAIRSHOP
BALLON,ATLOCATION,CARNIVAL
EYEGLASSES,ATLOCATION,SHIRTPOCKET
DROPOFBLOOD,ATLOCATION,NEEDLE
HELIUM,ATLOCATION,AIR
BUREAU,ATLOCATION,OFFICE
DOLPHINS,ATLOCATION,WATER
BALDEAGLE,ATLOCATION,FLIGHT
CHECKOUTLINE,ATLOCATION,SUPERMARKET
CHEMISTS,ATLOCATION,CHEMISTRYLAB
CLOTHINGCLOSET,ATLOCATION,OWNHOME
HORSE,ATLOCATION,PASTUREORFIELD
CARS,ATLOCATION,CARSHOW
BEAVER,ATLOCATION,SMALLRIVER
CHECK,ATLOCATION,CASHREGISTER
DEAD,ATLOCATION,WAR
CARDCASE,ATLOCATION,DRAWER
FICUS,ATLOCATION,MODERATELIGHT
HOLE,ATLOCATION,WALL
CANNON,ATLOCATION,WARMUSEUM
GRAPE,ATLOCATION,CHILD'SLUNCHBAG
APPLETREE,ATLOCATION,FENCEROW
BRLOINGPAN,ATLOCATION,OVEN
BAG,ATLOCATION,LUGGAGESTORE
FUNGUS,ATLOCATION,DECAYINGLEAVES
CRAYON,ATLOCATION,CLASSROOM
CRACKERS,ATLOCATION,STORE
BATH,ATLOCATION,GREECE
CLAM,ATLOCATION,WATER
DEBRIS,ATLOCATION,BRIDGE
DRUM,ATLOCATION,STORE
EARRINGS,ATLOCATION,JEWELRYBOX
BEE,ATLOCATION,PINETREE
FRIEND,ATLOCATION,ATSCHOOL
CLASSROOMS,ATLOCATION,UNIVERSITY
BREAD,ATLOCATION,BREADMAKER
HEATSOURCE,ATLOCATION,SOLARENERGY
FOX,ATLOCATION,OPENMEADOW
FOX,ATLOCATION,INSIDEJOKE
DESKLAMP,ATLOCATION,DESKTOP
BEDFRAME,ATLOCATION,BEDROOM
EASYBAKEOVEN,ATLOCATION,TOYSTORE
APPLETREE,ATLOCATION,SUMMER
HANDOUT,ATLOCATION,TABLE
BALCONY,ATLOCATION,HOTEL
BREADCRUMBS,ATLOCATION,BREADBOX
CAT,ATLOCATION,CREAM
HARDWARESTORE,ATLOCATION,PHONEBOOK
FAUCETOVERFLOW,ATLOCATION,BATHROOM
BOUNDARY,ATLOCATION,MAP
BASSBARITONE,ATLOCATION,BAND
EXAMTABLE,ATLOCATION,DOCTORSOFFICE
BASKETBALL,ATLOCATION,BOYSHANDS
CHURCHYARD,ATLOCATION,ENGLAND
GAZELLE,ATLOCATION,BELLYOFLION
DISPOSABLERAZOR,ATLOCATION,TRAVELBAG
BEDROOM,ATLOCATION,BACKOFHOUSE
CAT,ATLOCATION,DOG'SMOUTH
CAT,ATLOCATION,WEIRDESTPLACES
DISPLAYBOOTHS,ATLOCATION,CONFERENCE
BINDER,ATLOCATION,BOOKCASE
BEAVER,ATLOCATION,AMERICA
FREEWAY,ATLOCATION,COUNTRYSIDE
BRIDALBOUQUET,ATLOCATION,WEDDING
CHESSBOARD,ATLOCATION,HOUSE
CRUELTY,ATLOCATION,WAR
FRONTROOM,ATLOCATION,MODERNHOME
FICUS,ATLOCATION,TROPICALFOREST
FLAG,ATLOCATION,TOPOFMOUNTAIN
GREASE,ATLOCATION,GARAGE
COFFEE,ATLOCATION,INTERNETCAFE
EXPERTS,ATLOCATION,CONFERENCE
FERRET,ATLOCATION,MAMMALFAMILY
BLOWFISH,ATLOCATION,SALTWATERRIVER
DENTURE,ATLOCATION,MOUTH
BEANIEBABY,ATLOCATION,CHILD'SROOM
GARBAGE,ATLOCATION,DUMPSTER
BEAVER,ATLOCATION,MONTREAL
BUTCHER,ATLOCATION,MARKET
GARBAGE,ATLOCATION,FLOOR
BOAT,ATLOCATION,RIVER
DISSOLVEDSODIUM,ATLOCATION,OCEAN
EIFFELTOWER,ATLOCATION,INEUROPE
APARTMENTHOUSE,ATLOCATION,CITY
HERBERTHOOVER,ATLOCATION,CLOSET
HERRINGBONE,ATLOCATION,SUIT
ANSHOR,ATLOCATION,BOAT
COFFE,ATLOCATION,CAFE
DRESS,ATLOCATION,SHOP
DOORMAT,ATLOCATION,FRONTDOOR
CLERK,ATLOCATION,SHOP
GLASSESCASE,ATLOCATION,GLASSES
HOSE,ATLOCATION,GARDENSHED
CAT,ATLOCATION,CLEANWASHING
DANDRUFFSHAMPOO,ATLOCATION,PHARMACY
ASPHALTPAVING,ATLOCATION,STREET
ANIMAL,ATLOCATION,WILD
DISEASE,ATLOCATION,HUMANBODY
DRIVE,ATLOCATION,STRONGPERSON
FINGERPRINTS,ATLOCATION,FRIDGE
DOLLARS,ATLOCATION,PURSE
BROOK,ATLOCATION,BRIDGE
BAG,ATLOCATION,GROCERYSTORE
DEODORANT,ATLOCATION,ARMPITS
BOMBS,ATLOCATION,WAR
GIFT,ATLOCATION,BOX
GOALIE,ATLOCATION,HOCKEYGAME
CURB,ATLOCATION,SIDEWALK
CHILDRENPLAYING,ATLOCATION,NEIGHBOR'SHOUSE
COUNTRY,ATLOCATION,REGION
COMMITTEE,ATLOCATION,GOVERNMENT
HIGHWAY,ATLOCATION,UNITEDSTATE
COLLEGE,ATLOCATION,FRATERNITYHOUSE
FIVEANDDIME,ATLOCATION,STRIPMALL
CAT,ATLOCATION,SOFTSUNNYAREA
DUCKIN,ATLOCATION,POND
BEE,ATLOCATION,SHADE
HORSE,ATLOCATION,MICHIGAN
CATWALK,ATLOCATION,NEWYORKCITY
FILM,ATLOCATION,CABINET
HANGINGFILE,ATLOCATION,FILECABINET
DESKTRAY,ATLOCATION,OFFICE
COURANT,ATLOCATION,HARTFORD
AUDITORIUM,ATLOCATION,UNIVERSITY
AROMAS,ATLOCATION,AIR
CORNERSHOP,ATLOCATION,IOWA
FOX,ATLOCATION,NATURALHABITAT
BOUNDARY,ATLOCATION,COUNTRY
CONDOM,ATLOCATION,SEXSHOP
FUNGUS,ATLOCATION,TOENAIL
GRAPE,ATLOCATION,STRORE
GATE,ATLOCATION,APARTMENT
DINNERWARE,ATLOCATION,CUPBOARD
BASKET,ATLOCATION,WICKERSTORE
CANNONBALL,ATLOCATION,WAR
CHESSBOARD,ATLOCATION,GAMECLOSET
GIANTUNDERPANTS,ATLOCATION,DRAWER
GLUESTICK,ATLOCATION,DESK
COMET,ATLOCATION,OUTERSPACE
COUCH,ATLOCATION,LIVINGROOM
AUTOMOBILE,ATLOCATION,FASTLANE
CRAB,ATLOCATION,SEAFOODSTORE
HAIR,ATLOCATION,EAR
APPLETREE,ATLOCATION,SARDINA
ELECATOR,ATLOCATION,BUILDING
GUN,ATLOCATION,SHOOTINGRANGE
BEANBAGCHAIR,ATLOCATION,TEENAGER'SROOM
FICUS,ATLOCATION,GARDENNURSERY
DOGPOOP,ATLOCATION,LAWN
HANDLE,ATLOCATION,DRAWER
AIRLINESEAT,ATLOCATION,707
COFFEETABLE,ATLOCATION,FURNATURESTORE
CREATURE,ATLOCATION,OCEAN
BEDBUGS,ATLOCATION,BED
HANDS,ATLOCATION,GLOVES
HOOKER,ATLOCATION,ATHOTEL
ALCOHOLICS,ATLOCATION,FRATERNITYHOUSE
ESCALATOR,ATLOCATION,STORE
HOSE,ATLOCATION,SHOP
FISHINGHOOK,ATLOCATION,BACKPACK
FLUTE,ATLOCATION,MUSICSHOP
AIRPLANE,ATLOCATION,HANGER
BARSERVICE,ATLOCATION,HOTEL
BASS,ATLOCATION,RIVER
HAIRACCESSORY,ATLOCATION,HAIR
BELTSANDER,ATLOCATION,GARAGE
CELLO,ATLOCATION,QUARTET
BLACKMONOLITH,ATLOCATION,MOON
DIMESTORE,ATLOCATION,KNICKKNACKS
BASSDRUM,ATLOCATION,BAND
DENTALDECAY,ATLOCATION,MOUTH
FUELCELL,ATLOCATION,SPACESHUTTLE
DENTALCHAIR,ATLOCATION,DENTALOFFICE
FERRET,ATLOCATION,TAXICAB
BEE,ATLOCATION,FIELS
CORAL,ATLOCATION,WATER
HIGHWAY,ATLOCATION,BETWEENTOCITIES
COAT,ATLOCATION,COATRACK
GRAPE,ATLOCATION,WINERY
COURTHOUSE,ATLOCATION,CAPITALCITY
CRAB,ATLOCATION,CAPECOD
HEIFER,ATLOCATION,STEW
COUNTER,ATLOCATION,KITCHEN
CARPET,ATLOCATION,BATHROOM
BEVERAGESERVICE,ATLOCATION,AIRPLANE
BACKYARD,ATLOCATION,NEIGHBORHOOD
CLOCK,ATLOCATION,DESK
DEADJELLYFISH,ATLOCATION,BEACH
CORNET,ATLOCATION,BAND
CARDSLOT,ATLOCATION,AUTOMATEDTELLER
CHEQUE,ATLOCATION,BANK
BEAVER,ATLOCATION,QUEBEC
FIREFLY,ATLOCATION,OUTDOORS
DICE,ATLOCATION,CASINO
CPU,ATLOCATION,COMPUTER
FOX,ATLOCATION,IDAHO
ARTSUPPLIES,ATLOCATION,CABINET
BASKETBALLCOURT,ATLOCATION,GYM
CAT,ATLOCATION,WINDOWSILL
CLIPPERS,ATLOCATION,DRAWER
COIL,ATLOCATION,TELEVISION
DESPERATION,ATLOCATION,ENDOFLINE
COINS,ATLOCATION,CARPET
ARM,ATLOCATION,AIR
DISHES,ATLOCATION,APARTMENT
HOUSE,ATLOCATION,SURFACEOFEARTH
BELL,ATLOCATION,FRONTDOOR
BEAVER,ATLOCATION,BEAVERDAM
HORSE,ATLOCATION,WESTERNMOVIE
GUIDE,ATLOCATION,MUSEUM
COCKTAILCABINET,ATLOCATION,RESTAURANT
DUNCE,ATLOCATION,CORNER
EMPLOYEES,ATLOCATION,COMPANY
FOX,ATLOCATION,BUSH
COOK,ATLOCATION,RESTAURANT
BISHOP,ATLOCATION,CHESSGAME
COIL,ATLOCATION,ELECTRICMOTOR
BEANBAGCHAIR,ATLOCATION,KIDSROOM
DROPPED,ATLOCATION,FLOOR
DRAWSTRINGBAG,ATLOCATION,LAUNDRYROOM
CATHAIR,ATLOCATION,RUG
HAIRCLIP,ATLOCATION,FEMALE'SHAIR
BUS,ATLOCATION,USE
HILL,ATLOCATION,VIRGINIA
CHICKEN,ATLOCATION,OVEN
GAZELLE,ATLOCATION,ASIA
COMPOST,ATLOCATION,SURFACEOFEARTH
HEIFER,ATLOCATION,CATTLERANCH
BEANBAGCHAIR,ATLOCATION,COLLEGEDORM
DANISHPASTRY,ATLOCATION,BREADBOX
FICUS,ATLOCATION,BOOKOFTREES
BAT,ATLOCATION,ATTIC
FIVEANDDIME,ATLOCATION,KANSAS
CHECKINDESK,ATLOCATION,HOTELORMOTEL
FIRSTVIOLIN,ATLOCATION,ORCHESTRA
BATHSHOWER,ATLOCATION,HOUSE
CHURCH,ATLOCATION,NICEPARTOFTOWN
GOWNS,ATLOCATION,HOSPITAL
CARORTRUCK,ATLOCATION,FREEWAY
DIRTY,ATLOCATION,BED
CARKEYS,ATLOCATION,HOME
ESKIMOS,ATLOCATION,ARCTIC
BLOWFISH,ATLOCATION,SALTWATER
CRAB,ATLOCATION,TANK
DASHBOARD,ATLOCATION,CAR
BEER,ATLOCATION,BOTTLE
GAZELLE,ATLOCATION,SABANA
BEAVER,ATLOCATION,ONTARIO
COWBOY,ATLOCATION,HORSE
FIREBOMB,ATLOCATION,TERRORIST'SHOME
FLOORING,ATLOCATION,STORE
HORSES,ATLOCATION,FAIR
CALL,ATLOCATION,OFFICE
ATHEISTS,ATLOCATION,FOXHOLES
CARDBOARDBOX,ATLOCATION,BACKALLEY
BARBERSHOP,ATLOCATION,SEVILLE
FICUS,ATLOCATION,HALLWAY
CARDCASE,ATLOCATION,DESK
BARSTOOLS,ATLOCATION,BAR
CEMENT,ATLOCATION,GROUND
AUTOMATICGATE,ATLOCATION,PARKINGLOT
CHOICE,ATLOCATION,FORKINROAD
FUNGUS,ATLOCATION,MICHIGANFOREST
CRAB,ATLOCATION,SEAFOODMARKET
COW,ATLOCATION,SWAMP
BARSTOOL,ATLOCATION,RESTAURANT
BENCHTOSITON,ATLOCATION,BUSSTOP
BEDROOMS,ATLOCATION,FRATERNITYHOUSE
FAKEID,ATLOCATION,PURSE
BEER,ATLOCATION,NEIGHBOR'SHOUSE
CALENDAR,ATLOCATION,WRISTWATCH
DENTISTOFFICE,ATLOCATION,MEDICALCENTER
BETTERS,ATLOCATION,RACETRACK
EASYCHAIR,ATLOCATION,HOME
COUNTYHIGHWAY,ATLOCATION,RURALAREAS
DUST,ATLOCATION,SUFACEOFMOON
FLASK,ATLOCATION,CUPBOARD
GROCERYSTORE,ATLOCATION,JUSTABOUTCITY
EATINGPLACE,ATLOCATION,RESTAURANT
FLASK,ATLOCATION,POCKET
GREENGRASS,ATLOCATION,MEADOW
BASEBALLSTADIUM,ATLOCATION,SPORTSCOMPLEX
DIVER,ATLOCATION,OCEAN
GROUPOFPEOPLE,ATLOCATION,CONFERENCE
HOTDOGVENDORS,ATLOCATION,BASEBALLGAME
CARPET,ATLOCATION,BED
AIR,ATLOCATION,TOPOFMOUNTAIN
CAPTAIN,ATLOCATION,CHARGE
FABRIC,ATLOCATION,CURTAINS
FLOWER,ATLOCATION,PARK
DRAWING,ATLOCATION,GALLERYOPENING
GIFT,ATLOCATION,BIRTHDAY
AUDIENCE,ATLOCATION,MOVIE
CAT,ATLOCATION,RUG
ENTRYWAY,ATLOCATION,OWNHOME
GENTLEMAN,ATLOCATION,ENGLAND
HOMEOWNER,ATLOCATION,ROOF
BUCKET,ATLOCATION,PANTRY
BLEACHERS,ATLOCATION,SPORTINGEVENT
GLOVELEATHER,ATLOCATION,STORE
HOUSE,ATLOCATION,CITY
CHURCH,ATLOCATION,RURALANYTOWNUSA
BEE,ATLOCATION,BLOOMINGFLOWER
CLUBCHAIR,ATLOCATION,MEN'SCLUB
FLOORBOARDS,ATLOCATION,CARPET
BUGS,ATLOCATION,GROUND
BOOKSTORE,ATLOCATION,CITY
COAL,ATLOCATION,MINE
ACOUSTICGUITAR,ATLOCATION,HOUSE
ELEVATOR,ATLOCATION,MALL
BOBBYPIN,ATLOCATION,PINCUSHION
FUNGUS,ATLOCATION,BOTTOMOFPOND
HOLE,ATLOCATION,DIRT
CAT,ATLOCATION,PERSONSHOUSE
CRAB,ATLOCATION,COOKINGPOT
CLASSICCAR,ATLOCATION,CARSHOW
FOX,ATLOCATION,PARK
FUNGUS,ATLOCATION,NAVEL
HAIR,ATLOCATION,HEAD
CASHREGISTER,ATLOCATION,BOOKSTORE
FICUS,ATLOCATION,TREENURSERY
FISH,ATLOCATION,ENDOFLINE
CORNET,ATLOCATION,HIGHSCHOOLBAND
ESCALATOR,ATLOCATION,DEPARTMENTSTORE
CAT,ATLOCATION,LAVAPIT
FAMILYROOM,ATLOCATION,OWNHOME
GREENBEANS,ATLOCATION,PLATE
GREENCHEESE,ATLOCATION,MOON
CITYHALL,ATLOCATION,DOWNTOWNAREA
COATS,ATLOCATION,CLOSET
ALTO,ATLOCATION,MARCHINGBAND
BATHROOM,ATLOCATION,BOOKSTORE
FAMILIES,ATLOCATION,PARK
BENCH,ATLOCATION,TRAINSTATION
BOTTLEOFWINE,ATLOCATION,TABLE
BOOKINGOFFICE,ATLOCATION,MALL
FICUS,ATLOCATION,LARGEINDOORPOT
BOXES,ATLOCATION,ATTIC
COWORKER,ATLOCATION,WORK
GROCERYSTORE,ATLOCATION,STRIPMALL
CHINESEPEOPLE,ATLOCATION,CHINA
FICUS,ATLOCATION,DIRT
BATTLE,ATLOCATION,IRAQ
FELT,ATLOCATION,MAN'SHAT
GUM,ATLOCATION,WASTEBIN
BOLTS,ATLOCATION,JAR
CONDOMS,ATLOCATION,BEDROOM
BEANBAG,ATLOCATION,STUFFEDANIMALS
CHILD,ATLOCATION,SCHOOL
HIGHWAY,ATLOCATION,DESERT
BENCHES,ATLOCATION,RESTAREA
ACTORS,ATLOCATION,MOVIE
COMPASS,ATLOCATION,BACKPACK
ESCHERICHIACOLI,ATLOCATION,COLON
DENTALOFFICE,ATLOCATION,MINNESOTA
BATTEN,ATLOCATION,HOUSE
BOOKCASE,ATLOCATION,DEN
HOLYWORDOFGOD,ATLOCATION,BIBLE
FLOWER,ATLOCATION,PERSON'SHAIR
BLOWFISH,ATLOCATION,WARMSALTWATER
GAMBLING,ATLOCATION,CASINO
CLOTHINGSTORE,ATLOCATION,STRIPMALL
BEESNEST,ATLOCATION,BEEKEEPER'SHIVE
COATS,ATLOCATION,WARDROBE
EXPRESSWAY,ATLOCATION,AMERICANCITY
FALLENLEAVES,ATLOCATION,ROOF
BUTTON,ATLOCATION,WATERCOOLER
FUNGUS,ATLOCATION,AIRDUCT
FRESHVEGETABLES,ATLOCATION,REFRIGERATOR
HEIFER,ATLOCATION,FIELDOFCOWS
BENCHESTOSITON,ATLOCATION,TRAINSTATION
DRAWERS,ATLOCATION,REFRIGERATOR
BACKCOURTYARD,ATLOCATION,NEIGHBORHOOD
BUNGALOW,ATLOCATION,WOODS
BEER,ATLOCATION,SOCCERGAME
COUPON,ATLOCATION,MARKET
BALL,ATLOCATION,PLAYROOM
BOTTLES,ATLOCATION,WINERY
BUSH,ATLOCATION,SURFACEOFEARTH
FRUITS,ATLOCATION,MARKET
BOOKLIGHT,ATLOCATION,BOOKSTORE
CAR,ATLOCATION,CARPARK
ALCHOLICDRINKS,ATLOCATION,BAR
COMPUTERMONITOR,ATLOCATION,DESKTOP
GRAPE,ATLOCATION,SHOP
DRUNKPEOPLES,ATLOCATION,HOCKEYGAME
DISPOSABLERAZOR,ATLOCATION,HOTELBATHROOM
CLUES,ATLOCATION,MYSTERIES
FERRET,ATLOCATION,WOODPILE
BODY,ATLOCATION,FUNERAL
FUNGUS,ATLOCATION,MOLDYBREAD
BEE,ATLOCATION,ATTICS
BARBERSHOP,ATLOCATION,WATER
FICUS,ATLOCATION,WAER
APPOINTMENTBOOK,ATLOCATION,DOCTOR'SOFFICE
BLOWFISH,ATLOCATION,HAWAIIANWATERS
BEAUTYSALON,ATLOCATION,MALL
BOOKSHELF,ATLOCATION,BOOKSTORE
HEART,ATLOCATION,ALLMAMMALS
COW,ATLOCATION,ENGLAND
COURTYARD,ATLOCATION,ASSHOLE
ASTRONAUGHTS,ATLOCATION,SPACESHUTTLE
GERMICIDE,ATLOCATION,MEDICINECHEST
BEERMUG,ATLOCATION,KITCHENCABINET
DICTIONARY,ATLOCATION,LIBRARY
DATA,ATLOCATION,HARDDISC
COMMUNISM,ATLOCATION,CHINA
CUTLERYDRAWER,ATLOCATION,RESTAURANT
BEERDRINKERS,ATLOCATION,BOWLINGALLEY
GOALERS,ATLOCATION,HOCKEYGAME
ACCOUNTANT,ATLOCATION,FIRM
EARRING,ATLOCATION,PIRATE'SEAR
CRAB,ATLOCATION,MAINE
HEIFER,ATLOCATION,SHADE
ARENA,ATLOCATION,LARGECITY
DELICATESSEN,ATLOCATION,SHOP
HEIFER,ATLOCATION,MOVIES
ADVERTISEMENT,ATLOCATION,WEBPAGE
CANOFSODA,ATLOCATION,RECYCLINGBIN
GOSSUP,ATLOCATION,OFFICE
CARDBOARDBOX,ATLOCATION,HOU
GRAPE,ATLOCATION,GROCERY
ANTIBIOTIC,ATLOCATION,PHARMACY
FLOOR,ATLOCATION,CLOSET
FASTFOODCHAIN,ATLOCATION,ANYTOWN
CARDCATALOG,ATLOCATION,STORE
CAT,ATLOCATION,BED
FERRET,ATLOCATION,APARTMENT
CHEST,ATLOCATION,ANIMAL
GARDEN,ATLOCATION,OWNYARD
CLARINET,ATLOCATION,MUSICSTUDIO
DEN,ATLOCATION,MOUNTAINSIDE
GAZELLE,ATLOCATION,IVORYCOAST
BROOM,ATLOCATION,CLOSET
CHILD,ATLOCATION,OWNHOME
BALLPOINTPEN,ATLOCATION,STATIONERYSTORE
COLD,ATLOCATION,FREEZER
FICUS,ATLOCATION,LARGEPOT
BED,ATLOCATION,HOUSE
DRUG,ATLOCATION,BOTTLE
FICUS,ATLOCATION,POTS
FRIENDS,ATLOCATION,FRONTDOOR
ALIENS,ATLOCATION,ROSWELL
DININGROOMTABLE,ATLOCATION,FURNITURESTORE
FEATHER,ATLOCATION,BID
GOLD,ATLOCATION,TREASURECHEST
DIRT,ATLOCATION,GROUND
FOOTS,ATLOCATION,DESK
EXPERT,ATLOCATION,FIELD
CUBICLES,ATLOCATION,BUILDING
BEAVER,ATLOCATION,BWAVERPOND
CANNEDPEAS,ATLOCATION,STORE
CANSOFFOOD,ATLOCATION,SHELF
BEAVER,ATLOCATION,CANADA
HOTFAUCET,ATLOCATION,SHOWER
BOOKONCOMPUTERS,ATLOCATION,LIBRARY
CANVAS,ATLOCATION,ARTSTORE
CRAB,ATLOCATION,CRABALFREDO
FOX,ATLOCATION,OUTSIDE
GARDEN,ATLOCATION,GREATOUTDOORS
FICUS,ATLOCATION,BANK
COMPANY,ATLOCATION,COUNTRY
BOAT,ATLOCATION,BODYOFWATER
CHAIR,ATLOCATION,BUILDING
APPLETREE,ATLOCATION,CANADA
HOSPITAL,ATLOCATION,DOCTOR
GOD,ATLOCATION,COMPASSION
BEAVER,ATLOCATION,HISTORY
DININGROOMTABLE,ATLOCATION,DININGROOM
HIGHLIGHTERPEN,ATLOCATION,DESK
ACID,ATLOCATION,CHEMISTRYLAB
BATTERYTESTER,ATLOCATION,GARAGE
CANDY,ATLOCATION,DESKTOP
GRAPE,ATLOCATION,PARROTSMOUTH
BARN,ATLOCATION,NOTINONFARM
ARENA,ATLOCATION,STADIUM
BUFFET,ATLOCATION,SOMEPLACEEAT
FRUIT,ATLOCATION,MOUTH
GARBAGEWASTE,ATLOCATION,SEWER
HOSPITAL,ATLOCATION,DETROIT
CUPOFCOFFEE,ATLOCATION,DESK
CARGO,ATLOCATION,SHIP
FOOTPRINTS,ATLOCATION,SURFACEOFEARTH
BOOKINGOFFICE,ATLOCATION,ENGLAND
FITTINGROOM,ATLOCATION,STORE
CRAB,ATLOCATION,MENSCLUB
BADWEATHER,ATLOCATION,TOPOFMOUNTAIN
DIRT,ATLOCATION,CELLAR
CARTONOFMILK,ATLOCATION,FRIDGE
COACH,ATLOCATION,SPORTINGEVENT
ENTRANCE,ATLOCATION,CAVE
BACTERIOSTAT,ATLOCATION,MEDICINECHEST
FAN,ATLOCATION,HOTROOM
EARDROPS,ATLOCATION,CABINET
FEATHER,ATLOCATION,BIRDSREAREND
BOMBS,ATLOCATION,MILITARYBASE
FRONTCOURTYARD,ATLOCATION,HOME
FOX,ATLOCATION,SOCKSIFREADDR
DRAWSTRINGBAG,ATLOCATION,STORE
CASH,ATLOCATION,CASHREGISTER
EGGS,ATLOCATION,REFRIDGERATOR
AMPHITHEATRE,ATLOCATION,MOVIEHOUSE
CRAB,ATLOCATION,LAKE
BIRD,ATLOCATION,GARDEN
FRONTCOURTYARD,ATLOCATION,SUBURBS
GRAINOFSAND,ATLOCATION,SANDPILE
FILE,ATLOCATION,OFFICE
DENTISTCHAIR,ATLOCATION,DENTALOFFICE
ELECTRICRAZOR,ATLOCATION,BATHROOM
HAIRPIN,ATLOCATION,WOMAN'SHAIR
GEL,ATLOCATION,STORE
FOX,ATLOCATION,AESOPFABLE
HIS,ATLOCATION,FRIEND'SHOUSE
DOOR,ATLOCATION,FRONTDOOR
HEIFER,ATLOCATION,PASTEUR
ADVERTISEMENTS,ATLOCATION,TELEVISION
CEREMONY,ATLOCATION,CHURCH
DODGEMS,ATLOCATION,FAIR
BUM,ATLOCATION,TRAINSTATION
GARBAGE,ATLOCATION,WASTEBIN
FACTORY,ATLOCATION,FREETRADEZONES
BULB,ATLOCATION,LAND
BEER,ATLOCATION,FRIEND'SHOUSE
GRAPE,ATLOCATION,GARDEN
HOCKEYPLAYER,ATLOCATION,SPORTINGEVENT
BALDEAGLE,ATLOCATION,MOVIE
BOXOFFICE,ATLOCATION,MOVIETHEATER
FIREARMS,ATLOCATION,CABINET
CHAULKBOARD,ATLOCATION,CLASS
FORSALE,ATLOCATION,DEMONSTRATION
CARS,ATLOCATION,PARKINGLOT
HANGNAIL,ATLOCATION,FINGER
CAT,ATLOCATION,RANCH
FIDDLER,ATLOCATION,ROOF
BIRD,ATLOCATION,ROOF
BACKDROP,ATLOCATION,STAGESHOW
HAIR,ATLOCATION,SINK
GUM,ATLOCATION,TABLE
CRAB,ATLOCATION,CRABCAKE
HOTAIRBALLOONS,ATLOCATION,AIR
FOX,ATLOCATION,GRASSYFIELD
FEET,ATLOCATION,SOCKS
FOUNTAINPEN,ATLOCATION,LADY'SPURSE
CARGO,ATLOCATION,BOAT
ELECTRICSOCKET,ATLOCATION,BUILDING
HERBALTEA,ATLOCATION,CUPBOARD
DISHES,ATLOCATION,KITCHEN
DRAWSTRINGBAG,ATLOCATION,GARBAGECAN
BEAM,ATLOCATION,BARN
COLORINGBOOKS,ATLOCATION,TOYSTORE
BATTEN,ATLOCATION,THEATER
ENTRANCEHALL,ATLOCATION,BUILDIN
BRIDESMAID,ATLOCATION,WEDDING
GRENADES,ATLOCATION,WAR
AERIALBOMB,ATLOCATION,AIRPLANE
BALLOON,ATLOCATION,SKY
BEER,ATLOCATION,ME
EXAMTABLE,ATLOCATION,DOCTOR
GONG,ATLOCATION,DINNINGROOM
COFFEE,ATLOCATION,BREAKROOM
BANDAIDS,ATLOCATION,CABINET
DUVETCOVER,ATLOCATION,HOUSE
CHAIRS,ATLOCATION,BOOKSTORE
BASKETBALLGYM,ATLOCATION,SCHOOL
BOMB,ATLOCATION,ARMY'SPOSSESION
COSMICRAYS,ATLOCATION,OUTERSPACE
ENGINEORMOTOR,ATLOCATION,HOODOFCAR
ANTS,ATLOCATION,TABLE
FAN,ATLOCATION,BEDROOM
FRIGIDWEATHER,ATLOCATION,ARCTIC
FLOWERS,ATLOCATION,WEDDING
BARRIER,ATLOCATION,ROADBLOCK
DUST,ATLOCATION,BOX
CD,ATLOCATION,CDTOWER
CHECKBOOKCOVER,ATLOCATION,NEWBOXOFCHECKS
CHILD,ATLOCATION,ORPHANAGE
GAZELLE,ATLOCATION,HERD
BOWLINGLANE,ATLOCATION,BOWLINGALLEY
HOMELESSPEOPLE,ATLOCATION,STREET
ENGINEER,ATLOCATION,VACATION
CAR,ATLOCATION,CARSHOW
BEAVER,ATLOCATION,BEAVERLODGE
CALENDARPAD,ATLOCATION,DESK
ASTRONAUT,ATLOCATION,ORBIT
FURNACE,ATLOCATION,BASEMENT
FUNGUS,ATLOCATION,ATHLETE'SSHOE
CHEATERS,ATLOCATION,SCHOOL
HORSE,ATLOCATION,MOVIE
BASSFIDDLE,ATLOCATION,BLUEGRASSBAND
BAG,ATLOCATION,DRAWER
BULLET,ATLOCATION,CASING
AGGRAVATION,ATLOCATION,MALL
CHANGE,ATLOCATION,JAR
FRUITSPREAD,ATLOCATION,REFRIGERATOR
GARBAGECAN,ATLOCATION,KITCHEN
CANNEDGOODS,ATLOCATION,CUPBOARD
FOOD,ATLOCATION,FRIDGE
FICUS,ATLOCATION,APARTMENT
CAKE,ATLOCATION,OVEN
BANJO,ATLOCATION,BANJOCASE
GRAPHITTI,ATLOCATION,SUBWAY
BROOK,ATLOCATION,FORREST
FUNGUSIN,ATLOCATION,DARKAREA
GRAPE,ATLOCATION,MOUTH
GRASSHOPPER,ATLOCATION,FIELD
BLOWFISH,ATLOCATION,BOOKS
CITYHALL,ATLOCATION,DETROIT
FOOD,ATLOCATION,SUPERMARKET
GARBAGECAN,ATLOCATION,ALBERTTA
COMMITTEE,ATLOCATION,CITYHALL
BEER,ATLOCATION,CONTAINER
CASHIER,ATLOCATION,SHOP
FICUS,ATLOCATION,CORNER
FORTUNE,ATLOCATION,BANK
EXHIBIT,ATLOCATION,MUSEUM
ALIENS,ATLOCATION,WEEKLYWORLDNEWS
EGG,ATLOCATION,GROCERYSTORE
FIREBOMB,ATLOCATION,RIOT
CONTROLSTICK,ATLOCATION,PLANE
HAT,ATLOCATION,BOX
CONTROLROOM,ATLOCATION,POWERPLANT
COW,ATLOCATION,COWPASTURE
DRUG,ATLOCATION,MEDICINECABINET
GALLERY,ATLOCATION,SOHO
CONTAINER,ATLOCATION,STORAGECUPBOARD
BEE,ATLOCATION,CARTOON
CLOTHING,ATLOCATION,MALL
HAIR,ATLOCATION,BRIUSH
DRINKINGCUPS,ATLOCATION,WATERCOOLER
BODY,ATLOCATION,MOURGE
BULLET,ATLOCATION,BANDOLIER
APPLETREE,ATLOCATION,ORCHID
DRUNKENESS,ATLOCATION,PARTY
BOMB,ATLOCATION,BOMBERAIRPLANE
CARSTEREO,ATLOCATION,CAR
BLOWFISH,ATLOCATION,SEAWATER
CAT,ATLOCATION,APPARTMENT
BEACHTOWEL,ATLOCATION,CLOSET
CHAIR,ATLOCATION,THEATRE
CLAVICHORD,ATLOCATION,PARLOR
FASTFOODCHAIN,ATLOCATION,REGION
HANDRAILS,ATLOCATION,SUBWAY
HIGHPRICES,ATLOCATION,DISNEYLAND
CAPTAIN,ATLOCATION,BATTLESHIP
GRAPE,ATLOCATION,FRUITBASKE
BEE,ATLOCATION,GROUP
BAZAAR,ATLOCATION,INDIA
GROCERIES,ATLOCATION,SHELF
CRAB,ATLOCATION,BURROW
GRAPE,ATLOCATION,WINEVATS
DRAWSTRINGBAG,ATLOCATION,DEPARTMENTSTORE
ARTEFACTS,ATLOCATION,MUSEUM
CHURCH,ATLOCATION,EVERYTOWN
BALDEAGLE,ATLOCATION,AEIRE
FICUS,ATLOCATION,LANDSCAPE
HOMEWORK,ATLOCATION,CLASS
GUITAR,ATLOCATION,BAND
DIRT,ATLOCATION,SURFACEOFEARTH
CLIP,ATLOCATION,DESK
FORTUNE,ATLOCATION,COOCKIE
CORN,ATLOCATION,ACRES
BALDEAGLE,ATLOCATION,CANYON
COMPUTERUSER,ATLOCATION,HELL
BALCONYSEAT,ATLOCATION,THEATRE
CARKEY,ATLOCATION,CAR
FIRSTVIOLIN,ATLOCATION,OCHESTRA
FISH,ATLOCATION,ARCTIC
FICUS,ATLOCATION,POOL
FUR,ATLOCATION,CAT
FELTPADS,ATLOCATION,CABINET
CLOTHING,ATLOCATION,CLOTHESLINE
COTTON,ATLOCATION,COTTONSOCKS
CONDUCTOR,ATLOCATION,ORCHESTRA
COFFEE,ATLOCATION,SHELF
GARBAGECAN,ATLOCATION,FUNKBAND
BATHROOM,ATLOCATION,SCHOOL
FICUS,ATLOCATION,WATER
COMETS,ATLOCATION,SPACE
BALLOON,ATLOCATION,GROCERYSTORE
CLIP,ATLOCATION,ACCESSORYSTORE
BIRDS,ATLOCATION,BIRDHOUSE
CLERK,ATLOCATION,STORE
FOX,ATLOCATION,NEWHAMPSHIRE
FUNGUS,ATLOCATION,CHEESEGROMMIT
BARBERSHOP,ATLOCATION,CANADA
BODYBUILDER,ATLOCATION,GYM
CAT,ATLOCATION,ZOO
CALENDARBOOK,ATLOCATION,DESKDRAWER
CHAIR,ATLOCATION,MOTEL
CLOTHINGCLOSET,ATLOCATION,APARTMENT
FAN,ATLOCATION,HOCKEYGAME
CANDY,ATLOCATION,TRICKORTREATBAG
BATHROOM,ATLOCATION,PUBLICPLACE
BULLETS,ATLOCATION,WAR
GAZELLE,ATLOCATION,SAHARA
BREAD,ATLOCATION,BASKET
FLOOR,ATLOCATION,TABLE
DIVER,ATLOCATION,WATER
FERRET,ATLOCATION,SOCK
HORSE,ATLOCATION,CANADA
FLUORIDE,ATLOCATION,DENTIST
BANANAPEEL,ATLOCATION,TRASH
DESSERTS,ATLOCATION,REFRIGERATOR
CARPARK,ATLOCATION,OUTSIDE
BIRD,ATLOCATION,SEA
BERRIES,ATLOCATION,ROOF
DRUGDEALERS,ATLOCATION,CRACKHOUSE
CAT,ATLOCATION,TRASHCAN
COTTON,ATLOCATION,SHIRT
CRAB,ATLOCATION,BOSTON
CORNET,ATLOCATION,CASE
GRAPE,ATLOCATION,GARDENCATALOG
DEHYDRATEDFOOD,ATLOCATION,BACKPACK
CRAB,ATLOCATION,MOUTH
COUGHDROPS,ATLOCATION,MARKET
EGGS,ATLOCATION,OMLETTS
COOKINGRANGE,ATLOCATION,KITCHEN
BASKETBALL,ATLOCATION,GYMNASIUM
ARENA,ATLOCATION,CITY
CASEOFBEER,ATLOCATION,GROCERYSTORE
CHOUCH,ATLOCATION,WALES
CHILIMUSTARD,ATLOCATION,JAR
GENTLEMAN,ATLOCATION,TUXEDO
CASHBILL,ATLOCATION,BANKMACHINE
BUTTERCUP,ATLOCATION,FIELD
CANDLE,ATLOCATION,CANDELABRA
FIVEANDDIME,ATLOCATION,CITY
HARDDRIVE,ATLOCATION,COMPUTER
BOOTHS,ATLOCATION,FAIR
CAN,ATLOCATION,KITCHEN
HORSE,ATLOCATION,PERSONSHEART
CANDLE,ATLOCATION,TABLE
BOOTHS,ATLOCATION,FARMER'SMARKET
GALAXY,ATLOCATION,UNIVERSE
FICUS,ATLOCATION,GARDENSTORE
DUCTS,ATLOCATION,HOUSE
BLOWFISH,ATLOCATION,FRANCE
CANDELABRA,ATLOCATION,TABLE
CATHERINEHAVASI,ATLOCATION,CLASSROOM
CRUISESHIP,ATLOCATION,SEA
CRAB,ATLOCATION,CORALREEF
CONCRETE,ATLOCATION,STREET
CHECK,ATLOCATION,DESKDRAWER
BELL,ATLOCATION,SCHOOL
BEAVER,ATLOCATION,NATURE
CHESSPIECE,ATLOCATION,WISCONSIN
HEDONISTS,ATLOCATION,BEACH
CUPOFCOFFEE,ATLOCATION,KITCHEN
BLOWFISH,ATLOCATION,FRENCHMAN'SHEAD
HEIFER,ATLOCATION,FARMPASTURE
COOLDRINKS,ATLOCATION,FRIDGE
GAZELLE,ATLOCATION,DESERT
BASEBALLTICKET,ATLOCATION,BASEBALLSTADIUM
CONCERTHALL,ATLOCATION,UNIVERSITY
BALL,ATLOCATION,CHILD'SHAND
FOX,ATLOCATION,TUNDRA
BESTMAN,ATLOCATION,WEDDING
BARSERVICE,ATLOCATION,BAR
DRIVER'SSEAT,ATLOCATION,CAR
BIGCITY,ATLOCATION,RESTAURANT
BALCONYSEAT,ATLOCATION,THEATERS
FUNGUS,ATLOCATION,GARBAGE
GAME,ATLOCATION,ARCADE
DIRTYCLOTHES,ATLOCATION,FLOOR
CANNEDGOODS,ATLOCATION,SHELF
FIGURINES,ATLOCATION,SHELF
HAIRCONDITIONER,ATLOCATION,HAIRSALON
BANKSTATEMENT,ATLOCATION,MAIL
BEAN,ATLOCATION,BEANSOUP
DEPARTMENTSTORE,ATLOCATION,IDAHO
ESCALATORS,ATLOCATION,AIRPORT
DATESTAMP,ATLOCATION,DESK
CHAIN,ATLOCATION,GEARSHIFT
ARCH,ATLOCATION,CATHEDRAL
BATHROOMS,ATLOCATION,RESTAREA
COMPUTER,ATLOCATION,COMPUTERSTORE
FUNGUS,ATLOCATION,PETREDISH
DISPLAYCABINET,ATLOCATION,LIVINGROOM
CAT,ATLOCATION,SITTINGONCHAIR
COINS,ATLOCATION,WISHINGWELL
ERGONOMICCHAIR,ATLOCATION,FURNITURESTORE
DESK,ATLOCATION,LIBRARY
HIKINGTRAILS,ATLOCATION,STATEPARK
CATWALK,ATLOCATION,FIELDHOUSE
HORSE,ATLOCATION,DERBY
FABRIC,ATLOCATION,CLOTHESSTORE
DENTIST,ATLOCATION,OFFICE
BAT,ATLOCATION,NEWMEXICO
BORDER,ATLOCATION,SHIP
CRUMBS,ATLOCATION,BOXOFCRACKERS
BARBERSHOP,ATLOCATION,CITY
CALL,ATLOCATION,CALLCENTER
FOOTBALLPLAYERS,ATLOCATION,SOCCERGAME
BED,ATLOCATION,HOSPITAL
FOOD,ATLOCATION,WEDDING
GYMNASIUM,ATLOCATION,SPORTINGCOMPLEX
BEER,ATLOCATION,CASINO
ANTISPASMODIC,ATLOCATION,MEDICINECHEST
CLEARNIGHTSKYS,ATLOCATION,SEA
BASKETBALLCOURT,ATLOCATION,USE
DIRTYMAGAZINES,ATLOCATION,SOCKDRAWER
COINS,ATLOCATION,CABINET
GRAPEVINES,ATLOCATION,VINEYARD
COLUMN,ATLOCATION,MEMORIAL
DEADBODY,ATLOCATION,BASEMENT
BALDEAGLE,ATLOCATION,HISTORYBOOK
CLEANCLOTHING,ATLOCATION,SHELF
BRIGHTLIGHTS,ATLOCATION,HOSPITAL
CARPETPADDING,ATLOCATION,CARPET
COFFEE,ATLOCATION,WORK
HEATEDTOWELRACK,ATLOCATION,HOTELROOM
COUNTRY,ATLOCATION,AMERICA
FIREPLACE,ATLOCATION,HOUSE
DRUG,ATLOCATION,CRIMINALSHAND
DUFFELBAG,ATLOCATION,LOCKERROOM
CHEAP,ATLOCATION,MOTEL
BULLET,ATLOCATION,SHOOTINGVICTIM
CEMETERY,ATLOCATION,COUNTRY
DISPLAYBOOTHS,ATLOCATION,SHOW
COLLEGESTUDENTS,ATLOCATION,FRATERNITYHOUSE
DANDRUFFSHAMPOO,ATLOCATION,BATHROOM
CLOTH,ATLOCATION,BEDROOM
DINER,ATLOCATION,DINER
FASTFOODCHAIN,ATLOCATION,SHOPPINGMALL
CRAB,ATLOCATION,MOSTOFFICES
COFFEEMUG,ATLOCATION,KITCHEN
CLEANSERS,ATLOCATION,CABINET
FERRET,ATLOCATION,STUFF
FLOOR,ATLOCATION,SYNAGOGUE
BOTTLE,ATLOCATION,DRINK
COMPUTER,ATLOCATION,BUILDING
FOLDER,ATLOCATION,FILEDRAWER
CLIPPERS,ATLOCATION,BATHROOMCABINET
DIRTYDISHES,ATLOCATION,PARTY
HORSE,ATLOCATION,MONTANA
APPLETREEIN,ATLOCATION,LARGEFIELD
FURNITURES,ATLOCATION,LOFT
COMFORT,ATLOCATION,HOME
BAG,ATLOCATION,DESK
HANDKERCHIEF,ATLOCATION,PURSE
DROPOFBLOOD,ATLOCATION,TESTTUBE
DRAWER,ATLOCATION,CHEST
FASTENERBINDER,ATLOCATION,OFFICEBUILDING
BOTTLESOFLIQOUR,ATLOCATION,PANTRY
BOARDINGROOM,ATLOCATION,OLDWOMAN'SHOUSE
BILLBOARD,ATLOCATION,TEXAS
BOREDCHILD,ATLOCATION,CORNER
BEE,ATLOCATION,SUNSHINE
CARPARK,ATLOCATION,DOWNTOWN
CORNERCUPBOARD,ATLOCATION,KITCHEN
FOOD,ATLOCATION,ZOO
ENVELOPES,ATLOCATION,BOOKSTORE
ELECTRICITY,ATLOCATION,OPERA
COMMERICAL,ATLOCATION,TELEVISION
BABES,ATLOCATION,CARSHOW
COMET,ATLOCATION,UNIVERSE
HOTSECRETARY,ATLOCATION,DOCTOR
ARMYMEN,ATLOCATION,TOYSTORE
DUST,ATLOCATION,ORBIT
BEERMUG,ATLOCATION,COLLEGEBOY
FRYINGPAN,ATLOCATION,DISHWASHER
BALDEAGLE,ATLOCATION,WILDERNESS
ANIMALS,ATLOCATION,FARM
CANDLE,ATLOCATION,SYNAGOGUE
CAPITALISTS,ATLOCATION,SHOP
BAYWINDOW,ATLOCATION,BEDROOM
GOD,ATLOCATION,MIND
CABIN,ATLOCATION,PLANE
FOX,ATLOCATION,MICHIGANFIELD
BEAVER,ATLOCATION,DICTIONARY
FOOTSTOOL,ATLOCATION,FAMILYROOM
DEATH,ATLOCATION,BATTLEFIELD
HAIRPIN,ATLOCATION,LADIESHAIR
COSMETICS,ATLOCATION,DRAWER
BASSBARITONE,ATLOCATION,CLASSICALMUSIC
ADDRESSLABEL,ATLOCATION,OFFICE
FOODTOBUY,ATLOCATION,GROCERYSTORE
BLADDER,ATLOCATION,BODY
HANDBAG,ATLOCATION,WARDROBE
DRUM,ATLOCATION,ROCKBAND
CARPETIN,ATLOCATION,HOUSEONFLOOR
GRASSANDTREES,ATLOCATION,PARK
GOLD,ATLOCATION,JEWELRYSTORE
HALLWAY,ATLOCATION,OFFICEBUILDING
DOG,ATLOCATION,HOUSE
HEART,ATLOCATION,TURKEY
BALLOON,ATLOCATION,CIRCUS
HEATER,ATLOCATION,GARAGE
COOLINGDEVICE,ATLOCATION,CAR
FERRY,ATLOCATION,BODYOFWATER
HEATER,ATLOCATION,HOME
HANKIE,ATLOCATION,DRAWER
BANANAS,ATLOCATION,STORE
BRIEFCASE,ATLOCATION,HAND
BALDEAGLE,ATLOCATION,BRITISHCOLUMBIA
FOOD,ATLOCATION,OVEN
GLASS,ATLOCATION,TABLE
GRAPHITEPENCIL,ATLOCATION,PACKAGEOFTEN
DISCUSSION,ATLOCATION,MEETING
AUTOMOBILE,ATLOCATION,REPAIRSHOP
HORSE,ATLOCATION,CIRCUSACT
CAFE,ATLOCATION,NAPLESITALY
CHESSBOARD,ATLOCATION,TOYSTORE
BEEINFLOWER,ATLOCATION,SPRING
COOKIE,ATLOCATION,STORE
GRAPE,ATLOCATION,GOODDIE
FROZENFRUITS,ATLOCATION,FREEZER
COW,ATLOCATION,BARTN
FAN,ATLOCATION,WINDOW
CLOTHES,ATLOCATION,TRUNK
EGGS,ATLOCATION,EGGCARTON
BUBBLEGUM,ATLOCATION,STREET
HAIRSALON,ATLOCATION,MAIL
CHAIRS,ATLOCATION,SCHOOL
HOTCOFFEE,ATLOCATION,COFFEECUP
HELIUMBALLOON,ATLOCATION,SKY
CRAB,ATLOCATION,MUDOFESTUARY
BARBERSHOP,ATLOCATION,VILLAGE
CIRCULARROUTE,ATLOCATION,OLDCITY
FEET,ATLOCATION,SHOES
CALCULATOR,ATLOCATION,DESKDRAWER
DOORS,ATLOCATION,BUILDING
BUBBLEGUM,ATLOCATION,STORE
FOOTBALLFIELD,ATLOCATION,OKLAHOMA
EATINGPLACE,ATLOCATION,CITY
BEER,ATLOCATION,REFRIGERATOR
EXIT,ATLOCATION,ENDOFLINE
HEALTHFOODSTORE,ATLOCATION,BIGCITY
HEIFER,ATLOCATION,COWPASTURE
FLEAS,ATLOCATION,DOG
CHICKS,ATLOCATION,SWIMMINGPOOL
DISHWASHER,ATLOCATION,APARTMENT
CATFISH,ATLOCATION,WATER
FUNGUS,ATLOCATION,ROTTENLOG
BOUNDARY,ATLOCATION,SPORTINGEVENT
DOLLARBILL,ATLOCATION,WALLET
APPLETREE,ATLOCATION,ILLINOIS
DRUGDEALERS,ATLOCATION,BAR
DRUNKFRATGUYS,ATLOCATION,FRATERNITYHOUSE
BASEBALLPLAYERS,ATLOCATION,BALLPARK
GRAPE,ATLOCATION,FIELD
FOOD,ATLOCATION,PANTRY
DILEMMA,ATLOCATION,QUANDRY
BASEBALL,ATLOCATION,PITCHERSMITT
FUNGUS,ATLOCATION,BROTHER'SSHOES
HAMBURGER,ATLOCATION,MOUTH
FAMILYPICTURE,ATLOCATION,DESK
FILINGBOX,ATLOCATION,CLOSET
BAGPIPES,ATLOCATION,SCOTTISHBAND
COW,ATLOCATION,BUTCHER'SSHOP
CHILDREN,ATLOCATION,ZOO
CLOTHESDRYER,ATLOCATION,GARAGE
CRUMB,ATLOCATION,FLOOR
FILM,ATLOCATION,MOVIE
FUNGUS,ATLOCATION,DENSEFOREST
FRONTROOM,ATLOCATION,CONDO
BASEBALLTICKET,ATLOCATION,HAND
DELISTORE,ATLOCATION,ITALIANMARKET
FABRIC,ATLOCATION,STORE
FOX,ATLOCATION,ARCTICTUNDRA
BOOK,ATLOCATION,BOOKCLUB
COLDFAUCET,ATLOCATION,OWNHOME
BANANAPEELS,ATLOCATION,TRASH
BINOCULARS,ATLOCATION,SUITCASE
CANVAS,ATLOCATION,ARTISTSSTUDIO
EXITTURNSTILE,ATLOCATION,AMUSEMENTPARK
ENTERTAINER,ATLOCATION,SHOW
HIDEBEDSOFA,ATLOCATION,LIVINGROOM
ELEPHANTS,ATLOCATION,AFRICA
ERASER,ATLOCATION,DESKDRAWER
BOXOFFICE,ATLOCATION,FOXTHEATER
ALCOHOL,ATLOCATION,CHEMISTRYLAB
FOOD,ATLOCATION,CABINET
CONDUCTER,ATLOCATION,TRAINSTATION
FABRIC,ATLOCATION,TAILORSHOP
FRISBEE,ATLOCATION,TREE
HOTFAUCET,ATLOCATION,KITCHENSINK
CONTAINERCAN,ATLOCATION,PANTRY
BIKINIS,ATLOCATION,CLOSET
COLLEGESTUDENTS,ATLOCATION,DORM
BILLBOARD,ATLOCATION,CITY
GREENBEANS,ATLOCATION,PANTRY
BONE,ATLOCATION,KINDSOFSOUP
FORGIVENESS,ATLOCATION,FAMILY
DIRTCO2ANDH2O,ATLOCATION,AIR
GARAGE,ATLOCATION,BUILDING
BASSCLARINET,ATLOCATION,MUSICSTOR
CATS,ATLOCATION,LAP
COLLARDGREENS,ATLOCATION,FARMER'SMARKET
DININGROOMTABLE,ATLOCATION,RUG
GASES,ATLOCATION,SUN
FOOD,ATLOCATION,TRUCK
CABLE,ATLOCATION,TELEVISION
FOOTPOWDER,ATLOCATION,CABINET
BANANA,ATLOCATION,MONKEY'SHAND
CHOCOLATE,ATLOCATION,RESTURANT
FUNGUS,ATLOCATION,DECAYINGMATTER
BUNSONBURNERS,ATLOCATION,CHEMISTRYLAB
CHECKBOOKCOVER,ATLOCATION,DRAW
CREAMEDCORN,ATLOCATION,CAN
DRYSTORAGE,ATLOCATION,A
CAT,ATLOCATION,VET
CREEK,ATLOCATION,COUNTRYSIDE
BESTMAN,ATLOCATION,FRIEND'SWEDDING
BLACKMATTER,ATLOCATION,UNIVERSE
DRUM,ATLOCATION,PARADE
HEIFER,ATLOCATION,CATTLECAR
DANCECLUB,ATLOCATION,DOWNTOWNAREA
BUSSCHEDULE,ATLOCATION,BUSDEPOT
CHAIR,ATLOCATION,SHOW
BALDEAGLE,ATLOCATION,ROCKMOUNTAINS
ENTRANCEHALL,ATLOCATION,BUILDING
BRASSINSTRUMENT,ATLOCATION,MARCHINGBAND
BASSCLARINET,ATLOCATION,DANCEBAND
BARBERCOMB,ATLOCATION,BARBER'SHAND
GEL,ATLOCATION,GELPACKET
BRIEFCASE,ATLOCATION,LUGGAGESTORE
FAUCETOVERFLOW,ATLOCATION,PLUGGEDSINK
ANCE,ATLOCATION,MCDONALDS
HAM,ATLOCATION,REFRIGERATOR
BASSBARITONE,ATLOCATION,CHOIR
APPLE,ATLOCATION,HORSESMOUTH
FLUSHOT,ATLOCATION,DOCTOR
DIRTYOLDMAN,ATLOCATION,PORNSHOP
APARTMENT,ATLOCATION,MICHIGAN
BATHROOM,ATLOCATION,OPERA
BUGLE,ATLOCATION,BRASSBAND
CELLO,ATLOCATION,CHAMBERQUARTET
BOAT,ATLOCATION,GARAGE
BOGEYMAN,ATLOCATION,BED
HEAD,ATLOCATION,HATSHOP
HOOKERS,ATLOCATION,HOTEL
BOOKINGOFFICE,ATLOCATION,TRAVELAGENCY
BOXOFCEREAL,ATLOCATION,GROCERYSTORE
FAMILY,ATLOCATION,FRIEND'SWEDDING
HANDLE,ATLOCATION,FRIDGE
FRIENDSHIP,ATLOCATION,FRIEND'SHOUSE
CLIPBOARD,ATLOCATION,COACH'SHAND
GOODVIEW,ATLOCATION,TOPOFMOUNTAIN
DANCECLUB,ATLOCATION,TOUN
HORSE,ATLOCATION,DUDERANCH
COMET,ATLOCATION,SPACE
BOTTLEDWATER,ATLOCATION,WATERCOOLER
CAT,ATLOCATION,RESIDENCE
BUSSTATION,ATLOCATION,CITY
BUS,ATLOCATION,SCHOOL
BILLFILE,ATLOCATION,AVIARY
GRAPE,ATLOCATION,BOWL
FOOD,ATLOCATION,FRIEND'SWEDDING
GIFT,ATLOCATION,DEPARTMENTSTORE
DRAWSTRINGBAG,ATLOCATION,MILITARY
DELI,ATLOCATION,STRIPMALL
CABINETS,ATLOCATION,MEXICO
DIETCOKE,ATLOCATION,DRINKMACHINE
DININGROOM,ATLOCATION,OWNHOME
DACHA,ATLOCATION,RUSSIA
FLUTE,ATLOCATION,FLUTECASE
ELECTRICITY,ATLOCATION,BASEMENT
ANEMONE,ATLOCATION,OUTSIDE
BEAN,ATLOCATION,CAN
COW,ATLOCATION,HERD
DOOR,ATLOCATION,SCHOOL
GUESTS,ATLOCATION,ATHOTEL
AIRCONDITIONER,ATLOCATION,WARMCLIMATES
FILTH,ATLOCATION,FRATERNITYHOUSE
BOTTLEOFVODKA,ATLOCATION,OFFLICENCE
CLOTHS,ATLOCATION,CLOSET
CREATURE,ATLOCATION,SCARYMOVIE
CAT,ATLOCATION,SUN
BEAM,ATLOCATION,WAREHOUSE
CURTAINS,ATLOCATION,THEATER
ERASERS,ATLOCATION,SCHOOL
FIGHTERPILOT,ATLOCATION,MILITARYBASE
CRASHCYMBAL,ATLOCATION,BANDROOM
CROSSWALKS,ATLOCATION,STREET
FOX,ATLOCATION,PICTURE
CHOCOLATEPIE,ATLOCATION,FRIDGE
BALL,ATLOCATION,TOYBOX
DEPARTMENTSTORE,ATLOCATION,SHOPPINGMALL
DOLLAR,ATLOCATION,BANK
FOYER,ATLOCATION,HOUSE
ASPIRIN,ATLOCATION,SUITCASE
FUNGUSINAIR,ATLOCATION,HOUSE
GARBAGE,ATLOCATION,TRASHCAN
FISHHOOK,ATLOCATION,ENDOFLINE
FUNGUS,ATLOCATION,WOODCHIPS
BIRDS,ATLOCATION,WATERFOUNTAIN
APPLETREE,ATLOCATION,VALLEY
CONTRACEPTIVE,ATLOCATION,WOMAN'SBODY
ACTRESSES,ATLOCATION,MOVIES
EARRING,ATLOCATION,EAR
COIL,ATLOCATION,AUTOPARTSSHOP
FUNGUS,ATLOCATION,WARMDAMPPLACES
CLOSETFLOOR,ATLOCATION,CLOSET
FLEAS,ATLOCATION,CAT
BALDEAGLE,ATLOCATION,ISOLATEDLOCALES
BOTTLE,ATLOCATION,GROCERYSTORE
CAMPAIGNWORKER,ATLOCATION,FRONTDOOR
EMPLOYEES,ATLOCATION,CORPORATION
HELIUMBALLOON,ATLOCATION,GIFTSHOP
COW,ATLOCATION,FARMYARD
BACKPACKS,ATLOCATION,SCHOOL
AIRPLANE,ATLOCATION,SKY
EXAMINATIONROOM,ATLOCATION,DOCTOR
ASTEROID,ATLOCATION,OUTERSPACE
ASTRONOTS,ATLOCATION,SPACESHUTTLE
CENTRALPASSAGE,ATLOCATION,LARGEBUILDING
CARS,ATLOCATION,BRIDGE
CRAB,ATLOCATION,FISHTANK
HORSE,ATLOCATION,FIELF
FERRET,ATLOCATION,NATURE
CAR,ATLOCATION,PARKINGLOT
CARPET,ATLOCATION,OFFICE
FEATHER,ATLOCATION,HAT
CAT,ATLOCATION,DUMPSTERS
COUNTRY,ATLOCATION,CONTINENT
FUNGUS,ATLOCATION,GIRLSCOOCHIE
BEAVER,ATLOCATION,IT'SHOUSE
FICUS,ATLOCATION,FRONTYARD
GUN,ATLOCATION,CRIMESCENE
BUCKET,ATLOCATION,WELL
BOWLINGPINS,ATLOCATION,BOWLINGALLEY
HEADLINENEWS,ATLOCATION,NEWSPAPER
CANNEDFOOD,ATLOCATION,CELLAR
CAR,ATLOCATION,PARADE
DAMAGEDCARS,ATLOCATION,REPAIRSHOP
CRAB,ATLOCATION,ATLANTICOCEAN
BANDAID,ATLOCATION,FIRSTAIDBOX
EXAMPLES,ATLOCATION,DEMONSTRATION
GUESTS,ATLOCATION,HOTEL
CALENDAR,ATLOCATION,DAYPLANNER
COW,ATLOCATION,ABATTOIR
CHEQUEBOOK,ATLOCATION,BREATPOCKET
HORSE,ATLOCATION,HORSERACETRACK
CASTLE,ATLOCATION,EUROPE
CLOTH,ATLOCATION,CLOTHESFACTORY
BOXOFRAISINS,ATLOCATION,PANTRY
CHIMENY,ATLOCATION,ROOF
COURT,ATLOCATION,ONTARIO
AIRPORT,ATLOCATION,SUITCASE
AUTOMATON,ATLOCATION,FACTORY
CORN,ATLOCATION,COB
DYNAMITE,ATLOCATION,COALMINE
HAIRSHAPINGGEL,ATLOCATION,SUPERMARKET
HANDBAG,ATLOCATION,SHOP
CRAP,ATLOCATION,FRATERNITYHOUSE
DANCECLUB,ATLOCATION,OHIO
BIRTHDAYCARD,ATLOCATION,MAIL
BELL,ATLOCATION,CHURCH
CAT,ATLOCATION,GAME
APPLENUTCHUTNEY,ATLOCATION,JAR
HOSES,ATLOCATION,FIREENGINE
BEE,ATLOCATION,PUMPKINPATCH
CURRICULUM,ATLOCATION,CLASSROOM
CRAB,ATLOCATION,BOTTOMOFSEA
FERRET,ATLOCATION,HOMEASPET
ALLAROUND,ATLOCATION,AIR
BROKENCAR,ATLOCATION,REPAIRSHOP
COUCH,ATLOCATION,NEIGHBOR'SHOUSE
DELISTORE,ATLOCATION,COMMERCIALBLOCK
FLOWER,ATLOCATION,FLOWERPOT
GRAPE,ATLOCATION,FRUITSTORE
HEAT,ATLOCATION,OVEN
CROSSING,ATLOCATION,FORKINROAD
ARTERY,ATLOCATION,OWNBODY
FERRET,ATLOCATION,PETTINGZOO
DANCING,ATLOCATION,FRIEND'SWEDDING
BEAVER,ATLOCATION,BODYOFWATER
ANOTHERLINE,ATLOCATION,ENDOFLINE
FERRET,ATLOCATION,PERSONSHOME
COMB,ATLOCATION,BARBARSHOP
CARKEYS,ATLOCATION,PURSE
BASKETBALLHOOP,ATLOCATION,GYM
HARDSHELL,ATLOCATION,TURTLE
ALOEVERA,ATLOCATION,MEDICINECHEST
ATTRACTIONS,ATLOCATION,DISNEYLAND
HEATER,ATLOCATION,HOUSE
GRAPE,ATLOCATION,GRAPETREE
COFFEE,ATLOCATION,MUG
GRAVEYARD,ATLOCATION,TOWN
CINNAMON,ATLOCATION,KITCHEN
CHESSBISHOP,ATLOCATION,CHESSCLUB
FACTORY,ATLOCATION,WORKERS
CASTLE,ATLOCATION,FAIRYTALE
CONFESSOR,ATLOCATION,CONFESSION
COINWRAPPERS,ATLOCATION,CABINET
GAUZE,ATLOCATION,CABINET
FICUS,ATLOCATION,BOOKS
DUSTBUNNIES,ATLOCATION,CORNER
GARBISH,ATLOCATION,BRIDGE
ALBUM,ATLOCATION,BOOKCASE
BUFFET,ATLOCATION,DININGROOM
DISPLAYCABINET,ATLOCATION,MALL
EXTRASTORAGE,ATLOCATION,CELLAR
CLASSROOMCHAIR,ATLOCATION,CLASS
COMBOPASS,ATLOCATION,AMUSEMENTPARK
BOXSEATING,ATLOCATION,OPERA
COUNTER,ATLOCATION,BUTCHERSHOP
DRESSER,ATLOCATION,BEDROOM
FERRET,ATLOCATION,ROCKYMOUNTAINS
GUITAR,ATLOCATION,CASE
BEAVER,ATLOCATION,AUSTRALIA
GRAPE,ATLOCATION,ARBOR
FARMLAND,ATLOCATION,INDIANA
HOTMEN,ATLOCATION,BEACH
BALLOON,ATLOCATION,AIR
FICUS,ATLOCATION,LIBRARY
GARAGE,ATLOCATION,BIKE
BOAT,ATLOCATION,HARBOR
BADCHILD,ATLOCATION,CORNER
BROWNSTARS,ATLOCATION,UNIVERSE
CANNONS,ATLOCATION,MILITARYBASE
BLANKET,ATLOCATION,CLOSET
ASHTRAYS,ATLOCATION,HOUSE
BEE,ATLOCATION,PHOTO
CORN,ATLOCATION,MARKET
CAT,ATLOCATION,BEDROOM
CATHARTIC,ATLOCATION,MEDICINECHEST
BIDET,ATLOCATION,FRENCHHOTELROOM
COIN,ATLOCATION,CANDYMACHINE
BORDER,ATLOCATION,HOUSE
HELIUMBALLOON,ATLOCATION,ATTRACTIONPARK
FOX,ATLOCATION,ONTARIO
BALDEAGLE,ATLOCATION,MOUNTAINOUSAREA
EGGS,ATLOCATION,HENHOUSE
AVONLADY,ATLOCATION,FRONTDOOR
COURTYARD,ATLOCATION,LARGEHOOME
ELECTRICFAN,ATLOCATION,HARDWARESTORE
COLDAIR,ATLOCATION,TOPOFMOUNTAIN
FUNGUS,ATLOCATION,ROTTINGLEAVES
BOOKMARK,ATLOCATION,BOOKSTORE
COW,ATLOCATION,FIELDONFARM
BAKEDBEANS,ATLOCATION,CUPBOARD
FIELD,ATLOCATION,KANSAS
ELECTRICITY,ATLOCATION,GALLERYOPENING
FOUNTAINPEN,ATLOCATION,OFFICEONDESK
FRISBEE,ATLOCATION,PARK
FLYINGBIRDS,ATLOCATION,SKY
HOCKEYEQUIPMENT,ATLOCATION,TRUNK
DININGROOM,ATLOCATION,EVERYHOUSE
HATRED,ATLOCATION,WAR
DUSTBUNNIES,ATLOCATION,DESK
BUS,ATLOCATION,BUSSTATION
BASEMENT,ATLOCATION,HOME
ANEMONE,ATLOCATION,CLUSTERSOFROCKS
COW,ATLOCATION,GREATOUTDOORS
CONDUCTOR,ATLOCATION,OPERA
FERRET,ATLOCATION,SNAKE'SBELLY
CARNIVAL,ATLOCATION,FAIRGROUNDS
GLASSEDROOF,ATLOCATION,GREENHOUSE
BODY,ATLOCATION,GRAVEYARD
AQUATICBIRDS,ATLOCATION,WATER
DRINK,ATLOCATION,CAN
FUNGUS,ATLOCATION,ANDY'STOE
CARWHEEL,ATLOCATION,CARSHOW
COMPOTE,ATLOCATION,JAR
BOX,ATLOCATION,GARAGE
HELIUMBALLOON,ATLOCATION,CIRCUS
COURTHOUSE,ATLOCATION,LARGECITTIES
BEE,ATLOCATION,HIVEFLOWERFIELD
COMPUTERPARTS,ATLOCATION,CABINET
DOGS,ATLOCATION,HOUSE
CABRIOLET,ATLOCATION,WINECELLER
BOXES,ATLOCATION,CLOSET
COTTAGE,ATLOCATION,VILLAGE
COAST,ATLOCATION,CALIFORNIA
BANJO,ATLOCATION,MUSICSHOP
CAVITY,ATLOCATION,TOOTH
BEE,ATLOCATION,GREATOUTDOORS
BOMB,ATLOCATION,AFGHANISTAN
GAZELLE,ATLOCATION,PARK
FLOWERES,ATLOCATION,PARK
APARTMENTNUMBER,ATLOCATION,APARTMENT
COP,ATLOCATION,STREET
FISHES,ATLOCATION,WATER
COFFEEPOT,ATLOCATION,OFFICE
COFFIN,ATLOCATION,FUNERAL
HANDCREME,ATLOCATION,CABINET
CHINA,ATLOCATION,CABINET
BEE,ATLOCATION,WINNIEPOOHBOOK
DENTALCHAIR,ATLOCATION,DENTISTSOFFICE
BEDSHEET,ATLOCATION,CLOSET
DESKTRAY,ATLOCATION,DESKDRAWER
DUSTYBOXES,ATLOCATION,ATTIC
BLEACH,ATLOCATION,HOSPITAL
CITY,ATLOCATION,COUNTRY
HARDWARESTORE,ATLOCATION,SEARS
EXAMTABLE,ATLOCATION,DOCTOROFFICE
BLENDER,ATLOCATION,APARTMENT
FICUS,ATLOCATION,HAIRSALON
CORRECTIONFLUID,ATLOCATION,DESK
BANK,ATLOCATION,PARK
FOLDINGDOOR,ATLOCATION,CONFERENCEROOM
GRID,ATLOCATION,MATHEMATICS
HELIUM,ATLOCATION,MOON
BOX,ATLOCATION,GIFTSTORE
AIRLINESEAT,ATLOCATION,AIRPLANEFACTORY
COUNTYHIGHWAY,ATLOCATION,MICHIGAN
GRAPE,ATLOCATION,FOODSTORE
GAZELLE,ATLOCATION,ZIMBABWE
BASSFIDDLE,ATLOCATION,NURSERYRHYME
BUSBOY,ATLOCATION,RESTURANT
FREEZER,ATLOCATION,FROZENTURKEY
CEMENT,ATLOCATION,BUILDING
DRINKS,ATLOCATION,SHOW
DRUNK,ATLOCATION,BAR
BROWNSNAKE,ATLOCATION,CANBERRA
ARTLOVERS,ATLOCATION,GALLERYOPENING
COTTONBALLS,ATLOCATION,DOCTOR
GRAFITTI,ATLOCATION,BUS
BOREDPEOPLE,ATLOCATION,MEETING
BRUSH,ATLOCATION,GARAGE
CANNON,ATLOCATION,17THCENTURYSHIP
DRAWSTRINGBAG,ATLOCATION,SAFE
BALL,ATLOCATION,CHILDSTOYBOX
FIDDLE,ATLOCATION,MUSICSTORE
HANDLE,ATLOCATION,HARDWARESTORE
CAT,ATLOCATION,CATLITTERTRAY
FASTENERBINDER,ATLOCATION,SCHOOL
FUNGUS,ATLOCATION,SHOWERSTALL
GYMCLOTHES,ATLOCATION,SUITCASE
ACTIONFIGURE,ATLOCATION,CHILD'SROOM
CRAB,ATLOCATION,SAND
FURNITURE,ATLOCATION,HOUSE
CARPET,ATLOCATION,ATHOTEL
DOOR,ATLOCATION,SUBWAY
CHOCOLATE,ATLOCATION,MOVIES
COW,ATLOCATION,STREETSOFINDIA
CAKE,ATLOCATION,QUANDRY
HORSE,ATLOCATION,ENGRAVING
BEAN,ATLOCATION,BEANCAN
DOORMAT,ATLOCATION,DOORWAY
DESKDRAWER,ATLOCATION,OFFICE
FERRET,ATLOCATION,ARMS
GREENPEPPERS,ATLOCATION,PIZZA
HARDWARESHOP,ATLOCATION,UTAH
FICUS,ATLOCATION,PERSONSHOME
DISCOTHQUE,ATLOCATION,NEWYORKCITY
ATTIC,ATLOCATION,VICTORIANHOUSE
FOREST,ATLOCATION,CALIFORNIA
BOOKS,ATLOCATION,SHELF
HOTWATERHEATER,ATLOCATION,BASEMENT
CARDGAMES,ATLOCATION,CASINO
ERASERHOLDER,ATLOCATION,CLASSROOM
BRAS,ATLOCATION,DRAWER
DROPOFBLOOD,ATLOCATION,CLINIC
FLAT,ATLOCATION,CITY
CARPET,ATLOCATION,ROOM
HOTFAUCET,ATLOCATION,BATH
FORK,ATLOCATION,HOUSEWARESSTORE
CORNFLAKES,ATLOCATION,CUPBOARD
COMPANY,ATLOCATION,PHONEBOOK
EYEGLASSESCASE,ATLOCATION,OPTICIAN'SSHOP
ANIMAL,ATLOCATION,CAFE
COSMICDUST,ATLOCATION,OUTERSPACE
COVER,ATLOCATION,BOOK
FOX,ATLOCATION,ART
COW,ATLOCATION,NURSERYRHYME
HALL,ATLOCATION,LIBRARY
CHEMIST,ATLOCATION,CHEMISTRYLAB
COLLECTIBLES,ATLOCATION,BOX
DOGPOO,ATLOCATION,RUG
DISCOTHQUE,ATLOCATION,CENTEROFCITY
BEE,ATLOCATION,BEESUPER
FARMANIMAL,ATLOCATION,MEADOW
FICUS,ATLOCATION,BASKET
GRAPE,ATLOCATION,OHIO
ANEMONE,ATLOCATION,DIRT
FOX,ATLOCATION,HENHOUSE
BADAIRQUALITY,ATLOCATION,BUS
BONE,ATLOCATION,FOOD
HAY,ATLOCATION,BARN
DRUNK,ATLOCATION,GUTTER
DIRTY,ATLOCATION,GROUND
DISH,ATLOCATION,SINK
BARBIEDOLL,ATLOCATION,TOYSTORE
HOCKEYPUCK,ATLOCATION,HOCKEY
CARPET,ATLOCATION,HOTEL
ELECTRICITY,ATLOCATION,ROOM
CATALOGS,ATLOCATION,MAIL
ANIMAL,ATLOCATION,OUTSIDE
COFFEE,ATLOCATION,TRAINSTATION
BARBERCOMB,ATLOCATION,BEAUTYSALON
FOODCAN,ATLOCATION,BACKPACK
FUNGUS,ATLOCATION,BRUSHPILE
BEAKERS,ATLOCATION,CHEMISTRYLAB
COLD,ATLOCATION,SPACE
FUNGUS,ATLOCATION,WEEKOLDBREAD
FANS,ATLOCATION,SHOW
CLASSIFIEDAD,ATLOCATION,NEWSPAPER
FLOWER,ATLOCATION,FLOWERGARDEN
GIFT,ATLOCATION,DEPARTMENTSTOER
ARMOIRE,ATLOCATION,FURNITURESTORE
HEIFER,ATLOCATION,FARMYARD
COKE,ATLOCATION,THEATER
GELTOOTHPASTE,ATLOCATION,MEDICINECABINET
DRILL,ATLOCATION,TOOLBOX
CANOFSODA,ATLOCATION,STORE
FUNGUS,ATLOCATION,CULTUREDISH
HORSE,ATLOCATION,KOPPEL
CARPETING,ATLOCATION,ROON
AUDIENCE,ATLOCATION,THEATRE
HOIST,ATLOCATION,SHIP'SHOLD
COMPUTERS,ATLOCATION,MOTEL
BARKEEPER,ATLOCATION,BAR
BARBECUE,ATLOCATION,DETROIT
FASTENERBINDER,ATLOCATION,OFFICEMAX
CHESSPIECE,ATLOCATION,OWNHOME
BASSFIDDLE,ATLOCATION,ORCHESTRA
BASEBALLSTADIUM,ATLOCATION,PHOENIX
FOX,ATLOCATION,CANADA
BOREDTEENAGERS,ATLOCATION,MALL
GRAVYBOAT,ATLOCATION,CUPBOARD
FISSURES,ATLOCATION,BOTTOMOFSEA
GROWTH,ATLOCATION,FIELD
ACORNS,ATLOCATION,TREE
DISPOSABLERAZOR,ATLOCATION,HOTELROOM
BLACKHOLES,ATLOCATION,SPACE
BEES,ATLOCATION,SWARM
FUNGUS,ATLOCATION,WOUND
CHINECOTTON,ATLOCATION,FARM
HEART,ATLOCATION,HOME
CHEESE,ATLOCATION,MARKET
DYINGBODIES,ATLOCATION,HOSPITAL
ANEMONE,ATLOCATION,MICHIGAN
CAR,ATLOCATION,STREETCORNER
ELECTRICBILL,ATLOCATION,MAIL
HAIRCONDITIONER,ATLOCATION,DRUGSTORE
BALDEAGLE,ATLOCATION,CURRENCY
BLACKHOLE,ATLOCATION,OUTERSPACE
COLLEGE,ATLOCATION,TOWNORCITY
FASTFOOD,ATLOCATION,CAR
BEERMUG,ATLOCATION,TAVERN
GENERALSTORE,ATLOCATION,DRESSMATERIAL
CHESSQUEEN,ATLOCATION,GAMESSTORE
CARD,ATLOCATION,STORE
CONCERTHALL,ATLOCATION,CITY
ELEMENTS,ATLOCATION,UNIVERSE
ELEPHANT,ATLOCATION,AFRICA
CARTOONS,ATLOCATION,TELEVISION
CAVE,ATLOCATION,KENTUCKY
HAIRROLLER,ATLOCATION,HAIR
DISCARDEDTOYS,ATLOCATION,LAWN
BOGIEMAN,ATLOCATION,BED
CORN,ATLOCATION,CANS
FOOD,ATLOCATION,BOAT
COTTON,ATLOCATION,NORTHCAROLINA
GYMNASTS,ATLOCATION,GYM
CLAMPBINDER,ATLOCATION,SCHOOLDESK
FILES,ATLOCATION,FILINGCABINET
BATHROOM,ATLOCATION,APARTMENT
BEER,ATLOCATION,STORE
ELECTRICBLANKET,ATLOCATION,HOUSE
ACORNONGROUND,ATLOCATION,PARK
CORNERSHOP,ATLOCATION,TOWN
CAT,ATLOCATION,CATLOVER'SHOME
FAUCETOVERFLOW,ATLOCATION,KITCHEN
GYMNASIUM,ATLOCATION,HIGHSCHOOL
BETRAYAL,ATLOCATION,CONFESSION
CATWALK,ATLOCATION,MALL
BANNERS,ATLOCATION,DEMONSTRATION
FISH,ATLOCATION,TANK
BAG,ATLOCATION,BED
CONTRACEPTIVE,ATLOCATION,DRUGSTORE
CEREALS,ATLOCATION,PANTRY
CHECK,ATLOCATION,CHECKBOOK
CHEST,ATLOCATION,BODY
BURGLERS,ATLOCATION,MUSEUM
CONTROLROOM,ATLOCATION,PRISON
FRONTCOURTYARD,ATLOCATION,NEWYORK
GARBAGE,ATLOCATION,TRASHTRUCK
FUNGUS,ATLOCATION,GROCERYSTORE
CLARINET,ATLOCATION,CLARINETCASE
FOX,ATLOCATION,HILLS
HINGEDDOOR,ATLOCATION,PANTRY
BIOENVIRONMENTS,ATLOCATION,SURFACEOFEARTH
COOKIES,ATLOCATION,FRIDGE
GOVERNMENT,ATLOCATION,EVERYTHING
HOUSE,ATLOCATION,SUBURBS
BOTTLEOFASPRIN,ATLOCATION,CABINET
DRAWSTRINGBAG,ATLOCATION,WOMAN'SHOUSE
BASSFIDDLE,ATLOCATION,JAZZBAND
DOG,ATLOCATION,LEASH
COW,ATLOCATION,PENNSLYVANIA
BIKERS,ATLOCATION,GANG
FOOD,ATLOCATION,GALLERYOPENING
HARDWARESTORE,ATLOCATION,OREGON
BOOKEND,ATLOCATION,BOOKSHELF
BREAKFASTCEREAL,ATLOCATION,GROCERYSTORE
DAILYGRIND,ATLOCATION,WORK
CELLO,ATLOCATION,SYMPHONY
BANKER,ATLOCATION,MONOPOLYGAME
BAG,ATLOCATION,SUPERMARKET
GUM,ATLOCATION,MAIL
FIREPLUG,ATLOCATION,STREETCORNER
EELS,ATLOCATION,WATER
BUBBLES,ATLOCATION,WATER
DEADPERSON,ATLOCATION,FUNERAL
AIRCONDITIONER,ATLOCATION,TEXAS
CONDO,ATLOCATION,COMPLEX
FUNGUS,ATLOCATION,NOSE
HEIFER,ATLOCATION,FACTORYFARM
BEE,ATLOCATION,TULIP
CATFOOD,ATLOCATION,CONTAINER
GIFT,ATLOCATION,PARTY
GLASS,ATLOCATION,DISHWASHER
AUDITORIUM,ATLOCATION,LIGHTS
FOX,ATLOCATION,NANTUCKET
CHECKINDESK,ATLOCATION,ASIA
DRYSTORAGE,ATLOCATION,WAREHOUSE
CHEFSPECIAL,ATLOCATION,RESTAURANT
CLAMPBINDER,ATLOCATION,OFFICE
COWORKERS,ATLOCATION,WORK
FLEAS,ATLOCATION,CARPET
GUMDISEASE,ATLOCATION,MOUTH
ANTIVENIN,ATLOCATION,MEDICINECHEST
BAT,ATLOCATION,TREE
DESISELENGINE,ATLOCATION,BOAT
BALLOON,ATLOCATION,BIRTHDAYPARTY
GARAGE,ATLOCATION,TOWN
AUDIENCE,ATLOCATION,LASVEGAS
BOOK,ATLOCATION,STORE
GRILL,ATLOCATION,BACKYARD
APPLETREE,ATLOCATION,GARDENCENTER
CRAB,ATLOCATION,SHORELINE
FASTTRAFFIC,ATLOCATION,FREEWAY
FRIEND'SWIFE,ATLOCATION,FRIEND'SHOUSE
CHIPS,ATLOCATION,PANTRY
CRACKERS,ATLOCATION,PANTRY
BELLBOY,ATLOCATION,ATHOTEL
COMB,ATLOCATION,MEDICINECABINET
CANNEDVEGTABLES,ATLOCATION,CUPBOARD
CRASHCYMBAL,ATLOCATION,DRUMSHOP
CROPSGROWING,ATLOCATION,FIELD
CRUMB,ATLOCATION,RUG
DOORKNOB,ATLOCATION,ROOM
BLOWFISH,ATLOCATION,SEAOFJAPAN
CHAMPAGNE,ATLOCATION,WEDDING
DENTIST,ATLOCATION,HOSPITAL
ASPIRIN,ATLOCATION,WORK
DEER,ATLOCATION,COUNTRYSIDE
BACKYARD,ATLOCATION,CITY
CLOTHING,ATLOCATION,CLOSET
BAR,ATLOCATION,PUBLICHOUSE
CONDO,ATLOCATION,VACATIONSPOT
COIN,ATLOCATION,BANK
CONCRETE,ATLOCATION,CLOSET
EGG,ATLOCATION,NEST
FIELDSOFCORN,ATLOCATION,COUNTRYSIDE
HAIRCLIP,ATLOCATION,GIRL'SDRESSER
CHURCH,ATLOCATION,WEDDING
COFFEECUP,ATLOCATION,CUPBOARD
EQUIPMENT,ATLOCATION,GARAGE
CHESSPAWN,ATLOCATION,TOYSTORE
CLOUD,ATLOCATION,SKY
DOGS,ATLOCATION,KENNEL
EATMEAL,ATLOCATION,CAFETERIA
ARTERY,ATLOCATION,ANIMAL
BIRDNESTS,ATLOCATION,FOREST
HELIUMBALLOON,ATLOCATION,AIR
CLASSIFIEDS,ATLOCATION,NEWSPAPER
GAFFER,ATLOCATION,FILMSET
DIVIDER,ATLOCATION,MATHCLASS
FOX,ATLOCATION,LOUISIANA
FINGERPRINTS,ATLOCATION,FINGER
AUTOMOBILE,ATLOCATION,DEALERLOT
CONVERTIBLECARS,ATLOCATION,DRIVEINMOVIE
FICUS,ATLOCATION,SCIENCECLASS
DININGROOM,ATLOCATION,RESTAURANT
BOOKSTORE,ATLOCATION,TOWN
CAT,ATLOCATION,GROUND
GEL,ATLOCATION,BATHROOM
FLOWERS,ATLOCATION,PORCH
BLOWFISH,ATLOCATION,JOKE
FLOOR,ATLOCATION,RESTAURANT
FUNGUS,ATLOCATION,OUTSIDE
DANDRUFFSHAMPOO,ATLOCATION,DRUGSTORE
COT,ATLOCATION,JAIL
DRUG,ATLOCATION,GHETTO
DRESSINGROOM,ATLOCATION,BODY
BRICKROWHOUSE,ATLOCATION,ENGLAND
DOG,ATLOCATION,NEIGHBOR'SHOUSE
BAKINGSODA,ATLOCATION,SHELF
EMPTYSPACE,ATLOCATION,ENDOFLINE
CHECK,ATLOCATION,WALLET
CONDOM,ATLOCATION,POCKET
FLEAS,ATLOCATION,RUG
DESKDRAWER,ATLOCATION,ROOM
CONTRACEPTIVE,ATLOCATION,WOMAN'SVANITY
DISCARDEDGUM,ATLOCATION,GROUND
FANS,ATLOCATION,RACETRACK
ADHESIVEBANDAGE,ATLOCATION,HOSPITALS
GRAPE,ATLOCATION,PRODUCESECTION
CORNERGROCERY,ATLOCATION,CALIFORNIA
CAT,ATLOCATION,BEAMOFSUNLIGHT
GARBAGEWASTE,ATLOCATION,LANDFILE
HAIRCAREARTICLE,ATLOCATION,MAGAZINE
CANDLE,ATLOCATION,RESTAURANT
DETERGENT,ATLOCATION,STORE
FAN,ATLOCATION,SOUTH
HOTEL,ATLOCATION,RESORT
CHARACTER,ATLOCATION,PLAYINCOSTUME
FOOTBALLFIELD,ATLOCATION,HIGHSCHOOL
CONTAINERCUP,ATLOCATION,REFRIDGERATER
CHESSKNIGHT,ATLOCATION,CHESSGAME
BALLBEARING,ATLOCATION,MACHINES
BURLAP,ATLOCATION,SACKS
EGGS,ATLOCATION,FRIDGE
BUSTERMINAL,ATLOCATION,BUS
ARTWORK,ATLOCATION,GALLERYOPENING
HERRINGBONE,ATLOCATION,HERRING
CANDLE,ATLOCATION,DRAWER
BICYCLE,ATLOCATION,STREET
BEETS,ATLOCATION,JAR
CORN,ATLOCATION,CONTAINER
HAT,ATLOCATION,HATSTORE
BANDAID,ATLOCATION,HOSPITAL
BANDAID,ATLOCATION,EMERGENCYROOM
FRIENDS,ATLOCATION,OFFICE
BREAD,ATLOCATION,PLASTICBAG
BLOWFISH,ATLOCATION,FINDINGNEMO
EGGS,ATLOCATION,SUPERMARKET
FEET,ATLOCATION,FLOOR
BAR,ATLOCATION,RESTAURANT
BOXES,ATLOCATION,LOFT
BUS,ATLOCATION,MICHIGAN
CHAIR,ATLOCATION,LOBBY
DRESSER,ATLOCATION,HOUSE
BASKETBALLCOURT,ATLOCATION,SCHOOL
HIGHWAYPATROL,ATLOCATION,FREEWAY
BLENDER,ATLOCATION,KITCHEN
BENCHES,ATLOCATION,BUSDEPOT
COW,ATLOCATION,IDAHO
CALENDAR,ATLOCATION,STORE
GAZELLE,ATLOCATION,MAMMALFAMILY
HOMOPHOBIA,ATLOCATION,RELIGION
ARCHBOARD,ATLOCATION,DEN
180DEGREES,ATLOCATION,CORNER
GIFT,ATLOCATION,BOXORBAG
ENTRANCEHALL,ATLOCATION,PUBLICBUILDING
BALL,ATLOCATION,POOLTABLE
GASOLINE,ATLOCATION,BOAT
FIBERGLASS,ATLOCATION,BOAT
BALL,ATLOCATION,SOCCERGAME
BALLPOINTPEN,ATLOCATION,DRAWER
FLUTE,ATLOCATION,BAND
BLOOD,ATLOCATION,SOCCERGAME
ANTIEMETIC,ATLOCATION,MEDICINECHEST
GOOFYPEOPLE,ATLOCATION,ARTSHOW
CURB,ATLOCATION,OHIO
HEIFER,ATLOCATION,MILKINGSHED
BROKENCLOCK,ATLOCATION,REPAIRSHOP
FUNITURE,ATLOCATION,BUILDING
BALDEAGLE,ATLOCATION,AVIARY
HIDDENMONEY,ATLOCATION,CUPBOARD
AISLES,ATLOCATION,STORE
BULL,ATLOCATION,BULLRING
BALL,ATLOCATION,BASEBALLGAME
APPLETREE,ATLOCATION,COLORINGBOOK
COKE,ATLOCATION,BAR
BILL,ATLOCATION,TRASH
BALLPOINTPEN,ATLOCATION,BANK
CRAB,ATLOCATION,CAVE
DISCO,ATLOCATION,GERMANY
FIREPLACE,ATLOCATION,BIGHOUSE
DUPLEX,ATLOCATION,MAJORCITY
CLERK,ATLOCATION,BOOKSTORE
GLUE,ATLOCATION,DESKDRAWER
DELI,ATLOCATION,CITY
GUM,ATLOCATION,UNDERSIDEOFDESK
GLUE,ATLOCATION,GLUEGUN
CHEMICALS,ATLOCATION,CHEMISTRYLAB
DESK,ATLOCATION,BEDROOM
CLOTHES,ATLOCATION,DRAWER
FERRET,ATLOCATION,FORESTMOUNTAIN
DOMEARCH,ATLOCATION,PALACE
CHECK,ATLOCATION,DESKINHOME
EGG,ATLOCATION,PLATE
HOLYBOOK,ATLOCATION,CHURCH
CENTRALPASSAGE,ATLOCATION,PUBLICBUILDING
DOLLARBILL,ATLOCATION,PURSE
BACKYARD,ATLOCATION,SUBURB
CLASSIFIEDADS,ATLOCATION,NEWSPAPER
DEAN,ATLOCATION,UNIVERSITY
HEIFER,ATLOCATION,GERMANFIELD
CHEST,ATLOCATION,BEDROOM
FUNGUS,ATLOCATION,MOLDYCHEESE
CLOCKS,ATLOCATION,HOMES
FOLDER,ATLOCATION,FILINGCABINET
BUSINESSREPORT,ATLOCATION,TABLE
BUSINESSCARDS,ATLOCATION,DESK
FOOTBALLFIELD,ATLOCATION,COLLEGE
FORESTS,ATLOCATION,COUNTRYSIDE
CUP,ATLOCATION,TABLE
AISLE,ATLOCATION,STORE
COUNTRY,ATLOCATION,WAR
CAFE,ATLOCATION,LARGECITY
BILLFOLD,ATLOCATION,IDENTIFICATION
CITIES,ATLOCATION,COUNTRY
COINSLOT,ATLOCATION,LAUDROMAT
ACCIDENT,ATLOCATION,ROADBLOCK
BONE,ATLOCATION,SKELETON
DEALERS,ATLOCATION,CASINO
BEARS,ATLOCATION,STATEPARK
ANEMONE,ATLOCATION,POOL
CARSPATHS,ATLOCATION,FORKINROAD
BEE,ATLOCATION,SKY
BALL,ATLOCATION,TOYSTORE
CANDYMACHINES,ATLOCATION,RESTAREA
FLEAS,ATLOCATION,BED
FOX,ATLOCATION,NATURE
BUSSCHEDULE,ATLOCATION,BUSSTOP
DOORWAY,ATLOCATION,WALL
DEADLEAF,ATLOCATION,TREE
HEATSOURCE,ATLOCATION,HOME
ANEMONE,ATLOCATION,WATER
FORTUNE,ATLOCATION,FORTKNOX
FLOWERS,ATLOCATION,FLOWERGARDEN
FLOWERS,ATLOCATION,SURFACEOFEARTH
GHOSTS,ATLOCATION,CEMETERY
BEVERAGE,ATLOCATION,BOTTLE
ARMCHAIR,ATLOCATION,APARTMENT
BUILDING,ATLOCATION,ROOMS
FLOWERS,ATLOCATION,STATEPARK
BABY,ATLOCATION,RUG
CONCERTHALL,ATLOCATION,MUSCIANS
AIRPLANE,ATLOCATION,AIR
ARCH,ATLOCATION,BRIDGE
BACTERICIDE,ATLOCATION,MEDICINECHEST
FAUCETOVERFLOW,ATLOCATION,HOSPITAL
GRAPE,ATLOCATION,PAINTING
CABINET,ATLOCATION,CORNER
ELEPHANTSNOT,ATLOCATION,TRUNK
HANDBAG,ATLOCATION,STORE
HORSE,ATLOCATION,POCKET
COMPUTER,ATLOCATION,SPACESHUTTLE
HORSE,ATLOCATION,GATE
CUPOFSUGAR,ATLOCATION,NEIGHBOR'SHOUSE
DENTALASSISTANT,ATLOCATION,DENTIST
BUGS,ATLOCATION,MEADOW
BOX,ATLOCATION,THEATER
ANEMONE,ATLOCATION,SLIDE
BREAD,ATLOCATION,BREADSTORE
AIR,ATLOCATION,SURFACEOFEARTH
DRESSINGS,ATLOCATION,MEDICINECHEST
FUNGUS,ATLOCATION,OLDFOOD
CORNERCABINET,ATLOCATION,CORNER
DUSTBIN,ATLOCATION,CLOSET
BALLGOWN,ATLOCATION,FASHIONSHOW
FOX,ATLOCATION,COVERT
BRIDGERAILING,ATLOCATION,DETROIT
ADVERTISEMENT,ATLOCATION,MAIL
COLLECTIONPLATE,ATLOCATION,CHURCH
HAMBURGER,ATLOCATION,PIZZA
EYEGLASSESCASE,ATLOCATION,SHIRTPOCKET
ACCORDION,ATLOCATION,BAND
GRAPE,ATLOCATION,PICNICBASKET
FIREPLACE,ATLOCATION,FAMILYROOM
DUSTBUNNY,ATLOCATION,DESK
HARLOT,ATLOCATION,STREETCORNER
CARPARK,ATLOCATION,CITY
CUSTOMERS,ATLOCATION,MALL
DELEGATES,ATLOCATION,CONFERENCE
BENZOCAINE,ATLOCATION,MEDICINECHEST
DEARABBY,ATLOCATION,NEWSPAPER
COFFEEPOT,ATLOCATION,KITCHEN
DISHES,ATLOCATION,SHELF
DIRTYSOCKS,ATLOCATION,BED
BOOKS,ATLOCATION,ATTIC
COMFORTER,ATLOCATION,LIVINGROOM
GIDEONBIBLE,ATLOCATION,MOTEL
GUESTS,ATLOCATION,FRATERNITYHOUSE
FISH,ATLOCATION,REFRIGERATOR
CENTRALPASSAGE,ATLOCATION,TOMB
3X5CARDS,ATLOCATION,CABINET
BEAM,ATLOCATION,HOUSE
CAT,ATLOCATION,ALLY
ELECTRICFAN,ATLOCATION,COMPUTER
HORSE,ATLOCATION,PASUTE
CONFETTI,ATLOCATION,SHREDDER
CURTAIN,ATLOCATION,THEATRE
GAZELLE,ATLOCATION,GRASSLAND
CHAIRS,ATLOCATION,DESK
BEER,ATLOCATION,KEG
DOCTOR,ATLOCATION,EMERGENCYROOM
FLOORBOARD,ATLOCATION,CLOSET
BONES,ATLOCATION,FISH
BARBERSHOP,ATLOCATION,RAZOR
CORN,ATLOCATION,SILO
AUDIENCE,ATLOCATION,SHOW
CAT,ATLOCATION,ARMSOFHUMAN
FIDDLE,ATLOCATION,ABND
CELLPHONE,ATLOCATION,SHELF
COOKIES,ATLOCATION,OVEN
CHESSPIECE,ATLOCATION,CHESS
FUNGUS,ATLOCATION,OCEAN
FAMILY,ATLOCATION,HOUSE
DUST,ATLOCATION,FLOOR
DARKNESS,ATLOCATION,BED
HANDGUN,ATLOCATION,MANSHAND
ELECTRICBLANKET,ATLOCATION,HALLCLOSET
FRISBEE,ATLOCATION,AIR
FRATBOY,ATLOCATION,FRATERNITYHOUSE
FEATHER,ATLOCATION,BIRD
BOXOFFICE,ATLOCATION,THEATER
HORSERADISH,ATLOCATION,JAR
BALDEAGLE,ATLOCATION,LAKE
FOYER,ATLOCATION,ENTRY
GRAPE,ATLOCATION,FRUITMARKET
CORNERSHOP,ATLOCATION,MINNESOTA
FOX,ATLOCATION,ARKANSAS
HOMEWORK,ATLOCATION,BACKPACK
CUP,ATLOCATION,DRINK
BUGS,ATLOCATION,GARDEN
COUCH,ATLOCATION,LOFT
FLOOR,ATLOCATION,DESK
BACTERIA,ATLOCATION,WATER
CAFETERIA,ATLOCATION,HOSPITAL
CHESSPAWN,ATLOCATION,CHESSSET
COINSLOT,ATLOCATION,ARCADE
DISHTOWELS,ATLOCATION,DRAWER
FARMHOUSE,ATLOCATION,FRAMER
ANGRYMOTHERS,ATLOCATION,SOCCERGAME
BRICKS,ATLOCATION,BUILDING
BOOKSTORE,ATLOCATION,MALL
DOG,ATLOCATION,FARMYARD
GOODS,ATLOCATION,MALL
CELLAR,ATLOCATION,WINERY
ANEMONE,ATLOCATION,SALTWATER
HOSPITAL,ATLOCATION,EVERYSTATE
BEAVER,ATLOCATION,BEAVERCOLLEGE
FASTFOODCHAIN,ATLOCATION,CITY
ANTS,ATLOCATION,ANTHILL
ACTORS,ATLOCATION,SHOW
BALCONY,ATLOCATION,HOUSE
APPLETREE,ATLOCATION,BLOOM
COAST,ATLOCATION,MAP
DOOR,ATLOCATION,APARTMENT
FUNGUS,ATLOCATION,MUSHROOMGARDEN
HIGHWAY,ATLOCATION,DEVELOPEDLAND
DRIVE,ATLOCATION,GOLFCOURSE
COUNTER,ATLOCATION,MALL
DRUGDEALER,ATLOCATION,PRISON
FERRET,ATLOCATION,ROTTINGLOG
CORN,ATLOCATION,SHOP
DATE,ATLOCATION,CALENDAR
GEAR,ATLOCATION,CAR
CONTAINER,ATLOCATION,KITCHEN
BUGS,ATLOCATION,ROOF
COAST,ATLOCATION,PLANET
COBWEBS,ATLOCATION,BASEMENT
CHAIN,ATLOCATION,JEWELRYSTORE
DELI,ATLOCATION,NEWYORKCITY
FORTUNE,ATLOCATION,STOCKMARKET
GATE,ATLOCATION,FENCE
GRAPE,ATLOCATION,BOWLOFFRUIT
HIGHWAY,ATLOCATION,REPAIRS
FLUTES,ATLOCATION,CABINET
CARPARK,ATLOCATION,PARKINGGARAGE
ALIENS,ATLOCATION,OUTERSPACE
AISLE,ATLOCATION,DEPARTMENTSTORE
HARDQUESTIONS,ATLOCATION,TEST
EARTH,ATLOCATION,FOTOGRAPH
BUFFET,ATLOCATION,A
BORING,ATLOCATION,MEETING
CHIMES,ATLOCATION,FRONTDOOR
DUSTBUNNIES,ATLOCATION,BED
FOODSTORE,ATLOCATION,MICHIGAN
CHINCHILLA,ATLOCATION,PETSTORE
GRAPHITEPENCIL,ATLOCATION,ARTISTCOLONY
HARP,ATLOCATION,IRISHBAR
GUTTERS,ATLOCATION,BOWLINGALLEY
DRUNKDRIVERS,ATLOCATION,JAIL
ARTICLES,ATLOCATION,NEWSPAPER
FUMEHOOD,ATLOCATION,CHEMISTRYLAB
CANDLE,ATLOCATION,ROOM
ENGRAVING,ATLOCATION,PLATE
BACTERIA,ATLOCATION,PETRIDISH
COLA,ATLOCATION,FRIDGE
BEAVER,ATLOCATION,COORADO
COLDAIR,ATLOCATION,FREEZER
COMEDY,ATLOCATION,TELEVISION
HELIUMBALLOON,ATLOCATION,BIRTHDAYPARTY
HEATSOURCE,ATLOCATION,COALORWOOD
BALLPOINTPEN,ATLOCATION,DESK
FILE,ATLOCATION,SUITCASE
HANDBAG,ATLOCATION,DEPARTMENTSTORE
GRAPE,ATLOCATION,FRUITCOCTKAIL
AUDIENCE,ATLOCATION,MOVIES
CAT,ATLOCATION,DMOZ
HALFNAKEDWOMEN,ATLOCATION,BEACH
ATTRACTION,ATLOCATION,DISNEYLAND
BUSPASS,ATLOCATION,BUSSTATION
CAVITY,ATLOCATION,DENTIST
BARK,ATLOCATION,FOREST
CANSOFPAINT,ATLOCATION,BASEMENT
BARBERCOMB,ATLOCATION,BARBERSHOOP
ENTRANCEHALL,ATLOCATION,PALACE
FUNGUSIN,ATLOCATION,DEADLOG
DRIVEWAY,ATLOCATION,FRONTOFHOUSE
HINGEDDOOR,ATLOCATION,BEDROOM
ARCH,ATLOCATION,CHURCH
DIRTYDISHES,ATLOCATION,DISHWASHER
FILES,ATLOCATION,DRAWER
DOG,ATLOCATION,RELATIVESHOUSE
GAS,ATLOCATION,BOAT
BACKDROP,ATLOCATION,STAGESETTING
AIR,ATLOCATION,AIRPORT
ADDRESSBOOKS,ATLOCATION,CABINET
BEE,ATLOCATION,OUTSIDE
AUTOMOBILE,ATLOCATION,DRIVEWAY
FOOR,ATLOCATION,STORE
EXPLOSIVE,ATLOCATION,BOMB
GRAPE,ATLOCATION,BELLY
HAMMERS,ATLOCATION,CABINET
DISH,ATLOCATION,CABINET
BALLPOINTPEN,ATLOCATION,BACKPACK
FOOD,ATLOCATION,REFRIGERATORS
DISK,ATLOCATION,HARDDRIVE
DOGGYBAGS,ATLOCATION,REFRIGERATOR
FALLENLEAVES,ATLOCATION,TREE
COAST,ATLOCATION,COUNTRY
GOVERNMENT,ATLOCATION,COUNTRY
FUNGUS,ATLOCATION,BASEMENT
DRIEDCHEWINGGUM,ATLOCATION,DESK
CRUSTACEAN,ATLOCATION,WATER
CONCHE,ATLOCATION,OCEAN
CONTAINERCUP,ATLOCATION,7ELEVEN
CHURCHYARD,ATLOCATION,MICHIGAN
FLOWINGWATER,ATLOCATION,WATERFALL
CRAB,ATLOCATION,SANDS
DISEASE,ATLOCATION,HOST
CLOWN,ATLOCATION,CIRCUS
DOCTOROFFICE,ATLOCATION,MEDICALBUILDING
GARBAGE,ATLOCATION,GROUND
BUM,ATLOCATION,BRIDGE
AD,ATLOCATION,NEWSPAPER
HOCKEYPUCK,ATLOCATION,REDWINGGAME
ADJENDA,ATLOCATION,MEETING
DROOL,ATLOCATION,MOUTH
DRUGS,ATLOCATION,VEINS
CLOSET,ATLOCATION,SCHOOL
HOUSE,ATLOCATION,STREET
BINDER,ATLOCATION,SCHOOL
ENTRANCEHALL,ATLOCATION,CHAPLE
ACTORS,ATLOCATION,MOVIES
ACCORDIANBAG,ATLOCATION,ORCHESTRAPIT
DOOR,ATLOCATION,ROOM
CATVOMIT,ATLOCATION,RUG
DELISTORE,ATLOCATION,CITY
HEIFER,ATLOCATION,IDAHO
FRIEND,ATLOCATION,NEIGHBOR'SHOUSE
GOALTENDER,ATLOCATION,HOCKEYGAME
CAN,ATLOCATION,SHELF
ANTIFREEZE,ATLOCATION,GARAGE
BARBECUE,ATLOCATION,RETAILSTORE
DARKGLASSES,ATLOCATION,SUNNYPLACES
HAPPYCHILDREN,ATLOCATION,DISNEYLAND
EMPLOYEES,ATLOCATION,MEETING
AUTOMATICGATE,ATLOCATION,AIRPORT
BOOK,ATLOCATION,FLOOR
CARGO,ATLOCATION,SHIP'SHOLD
CHILD'SCARSEAT,ATLOCATION,CAR
DECANTER,ATLOCATION,KITCHENCUPBOARD
AMMUNITION,ATLOCATION,WAR
EXCAVATION,ATLOCATION,MONTANA
FIDDLE,ATLOCATION,BAND
BASEBALLTICKET,ATLOCATION,DETROIT
DEODORANT,ATLOCATION,OWNBATHROOM
AUTOMATICGATE,ATLOCATION,PARKINGGARAGE
GAZELLE,ATLOCATION,PRARIESOFAFRICA
GAME,ATLOCATION,TOYSTORE
DIVIDER,ATLOCATION,FORKINROAD
BANANA,ATLOCATION,STOMACH
HEATSOURCE,ATLOCATION,HOUSE
HOLESLOT,ATLOCATION,SLOTMACHINE
BALDEAGLE,ATLOCATION,WORLD
FUNGUS,ATLOCATION,DARKMOISTAREA
BALDEAGLE,ATLOCATION,WASHINGTON
FRESHNESS,ATLOCATION,AIR
FLEAS,ATLOCATION,ZOO
ADHESIVEBANDAGE,ATLOCATION,BOOKSHOP
CAT,ATLOCATION,CHAIR
BATHTUB,ATLOCATION,MOTEL
GENTLEMAN,ATLOCATION,CHURCH
COFFEE,ATLOCATION,FRIEND'SHOUSE
FIREPLACE,ATLOCATION,CABIN
FAXMACHINE,ATLOCATION,OFFICE
ANEMONE,ATLOCATION,GREENHOUSE
GRAPE,ATLOCATION,ZIPLOCKBAG
FIVEANDDIME,ATLOCATION,TOWN
BRIDE'SMAIDS,ATLOCATION,FRIEND'SWEDDING
CINNZEOSTORE,ATLOCATION,MALL
CASSEROLE,ATLOCATION,OVEN
BATHSHOWER,ATLOCATION,TOILET
GLOBE,ATLOCATION,CLASSROOM
HORSE,ATLOCATION,SUBURBS
HORSE,ATLOCATION,STABLEORPASTURE
CANNEDTUNA,ATLOCATION,PANTRY
HONEY,ATLOCATION,BEEHIVE
BOBBYPIN,ATLOCATION,BEAUTYSHOP
2PENCIL,ATLOCATION,SCHOOL
COLLECTORS,ATLOCATION,CARSHOW
CHIPMUNKS,ATLOCATION,STATEPARK
BEAUTY,ATLOCATION,TOPOFMOUNTAIN
BEER,ATLOCATION,CONCERT
DOCENT,ATLOCATION,MUSEUM
EYE,ATLOCATION,PERSON'SHEAD
FLARESA,ATLOCATION,CAR
DIRTYSOCK,ATLOCATION,FLOOR
COMPUTERS,ATLOCATION,MIT
CHESSBISHOP,ATLOCATION,GAMEROOM
CREATIONISTS,ATLOCATION,CHURCH
COMPUTER,ATLOCATION,CAR
BUTTONS,ATLOCATION,CABINET
ARROWS,ATLOCATION,QUIVER
BIRDS,ATLOCATION,FOREST
ARMY,ATLOCATION,BATTLEFIELD
CONTAINER,ATLOCATION,CONTAINERGARDEN
HEAD,ATLOCATION,HUMANBODY
FROZENFOODS,ATLOCATION,GROCERYSTORE
HAIRPIN,ATLOCATION,HIAR
APPLE,ATLOCATION,APPLEORCHARD
FINEWINE,ATLOCATION,CELLAR
BADMINTONSET,ATLOCATION,TOYSTORE
BLEACHERS,ATLOCATION,FOOTBALLSTADIUM
EXTRASHOES,ATLOCATION,DESK
CLOTHLINEN,ATLOCATION,CLOSET
HEIFER,ATLOCATION,CATTLEPEN
CHURCH,ATLOCATION,COMMUNITY
ANEMONE,ATLOCATION,AQUARIUMSTORE
CLOCK,ATLOCATION,HOUSE
EYEGLASSESCASE,ATLOCATION,STORE
COW,ATLOCATION,COUNTRYSIDE
FFOD,ATLOCATION,RESTAURANT
FINGERPRINT,ATLOCATION,FINGER
FERRET,ATLOCATION,HUTCH
EXCHANGERATES,ATLOCATION,NEWSPAPER
FUNGUS,ATLOCATION,SKIN
BACKYARD,ATLOCATION,BACKOFHOUSE
FOUNTAINPEN,ATLOCATION,POCKET
END,ATLOCATION,ENDOFLINE
BASKETBALLCOURT,ATLOCATION,LOSANGELES
DENTISTOFFICE,ATLOCATION,MICHIGAN
HAIRBRUSH,ATLOCATION,BATHROOM
CONDO,ATLOCATION,GROUP
COFFEEMUG,ATLOCATION,SHELF
DOGPOOP,ATLOCATION,GROUND
BIRD'SNEST,ATLOCATION,BUSH
APPLE,ATLOCATION,GROCERYSTORE
COMFORT,ATLOCATION,FRIEND'SHOUSE
BARBERSHOP,ATLOCATION,TOWN
BEE,ATLOCATION,COUNTRYSIDE
GRAPE,ATLOCATION,DIET
HOOKERSONCORNER,ATLOCATION,STREET
FRESHVEGETABLES,ATLOCATION,FRIDGE
HORSE,ATLOCATION,KENTUCKYDERBY
COW,ATLOCATION,FEEDLOT
FARMHOUSE,ATLOCATION,FARM
CAR,ATLOCATION,DRIVEWAY
COMICSTRIP,ATLOCATION,NEWSPAPER
COAL,ATLOCATION,FIRE
GAZELLE,ATLOCATION,WATER
CARDCASE,ATLOCATION,JUNKDRAWER
COMPANY,ATLOCATION,ARMEDFORCES
COW,ATLOCATION,FREEZER
DARKGLASSES,ATLOCATION,STORE
CAPITAL,ATLOCATION,STATEOFUNION
ERLENMAYERFLASK,ATLOCATION,CHEMISTRYLAB
HOMEWORK,ATLOCATION,SCHOOLBACKPACK
HOTTAP,ATLOCATION,SINK
BOTTOMOFOCEAN,ATLOCATION,WATER
DEMONSTRATERS,ATLOCATION,DEMONSTRATION
CART,ATLOCATION,SUPERMARKET
CLOTH,ATLOCATION,CLOTHINGSTORE
COFFEE,ATLOCATION,CONTAINER
HEIFER,ATLOCATION,BRAN
HANDLUGGAGE,ATLOCATION,AIRPORT
DIRECTORCHAIR,ATLOCATION,MOVIESET
BOOKSHELVES,ATLOCATION,LIBRARY
FLAT,ATLOCATION,BUILDING
HOUSE,ATLOCATION,NEWSPAPER
BOOK,ATLOCATION,BACKPACK
FOOFOO,ATLOCATION,GALLERYOPENING
GARBAGEWASTE,ATLOCATION,GARBAGESCOW
BEE,ATLOCATION,SOFTDRINK
ART,ATLOCATION,MUSEUM
DEPARTMENTSTORE,ATLOCATION,CITY
FERRET,ATLOCATION,HOME
ANT,ATLOCATION,CARPET
HARDWOODFLOORS,ATLOCATION,CARPET
DANCEFLAMENCO,ATLOCATION,SPAIN
CORRESPONDENCE,ATLOCATION,MAIL
DEADPEOPLE,ATLOCATION,FUNERAL
HORSE,ATLOCATION,SHOW
FRESHFRUIT,ATLOCATION,MARKET
CARDSLOT,ATLOCATION,ATMMACHINE
BOMB,ATLOCATION,WAR
BOWLOFFRUIT,ATLOCATION,TABLE
DESKTRAY,ATLOCATION,STUDY
FAITCHIER,ATLOCATION,CHURCH
BANJO,ATLOCATION,MUSICSTORE
BEE,ATLOCATION,CHURCH
CHEESEWORM,ATLOCATION,CHEESE
ARTISTS,ATLOCATION,DISNEYLAND
HORN,ATLOCATION,CAR
BOOKEND,ATLOCATION,SHELF
CLUTTER,ATLOCATION,DESK
FERRET,ATLOCATION,TENNESSEE
DOLPHIN,ATLOCATION,OCEAN
FERRET,ATLOCATION,NORTHCAROLINA
CONDOMINIUM,ATLOCATION,WASHINGTON
ELECTRICPLUGS,ATLOCATION,CABINET
HOVERCRAFT,ATLOCATION,SEA
CANDLE,ATLOCATION,KITCHEN
BOMB,ATLOCATION,WARZONE
BEAVER,ATLOCATION,DAMM
DOCUMENTFOLDER,ATLOCATION,COMPUTERDESKTOP
COAST,ATLOCATION,DENMARK
DELISTORE,ATLOCATION,NEWYORKCITY
HILL,ATLOCATION,FOREST
ATHELETE,ATLOCATION,SPORTINGEVENT
FOX,ATLOCATION,TRAP
GURNEYS,ATLOCATION,HOSPITAL
BICYCLISTS,ATLOCATION,STREET
DININGAREA,ATLOCATION,RESTURANT
FIVEANDTENSTORE,ATLOCATION,RURALTOWN
BALL,ATLOCATION,SOCCERFIELD
BEVERAGESERVICE,ATLOCATION,CAFETARIA
BASEBALLSTADIUM,ATLOCATION,MAJORCITY
ATTACHECASE,ATLOCATION,BUSINESSMEETING
BENCHTOSITON,ATLOCATION,PARK
FILEGUIDE,ATLOCATION,FILINGSYSTEM
GUN,ATLOCATION,MILITARYBASE
COMMITTEE,ATLOCATION,BUSINESS
CONDOMINIUM,ATLOCATION,FLORIDA
CAKEIN,ATLOCATION,BAKERY
CLAVICHORD,ATLOCATION,MUSICROOM
HIGHWAY,ATLOCATION,MEXICO
ELASTIC,ATLOCATION,SEWINGKIT
FILES,ATLOCATION,DESK
BOOK,ATLOCATION,DISCOUNTSTORE
BOOZE,ATLOCATION,FRATERNITYHOUSE
HANDLE,ATLOCATION,WATERFOUNTAIN
ANEMONE,ATLOCATION,VASEOFFLOWERS
COFFIN,ATLOCATION,GRAVEYARD
HAIR,ATLOCATION,FOOD
DECISIONTOMAKE,ATLOCATION,FORKINROAD
CHESSKNIGHT,ATLOCATION,CHESSTOURNEMENT
FUNGUS,ATLOCATION,MONTREAL
BLACKHOLE,ATLOCATION,UNIVERSE
CHEESE,ATLOCATION,REFRIGERATOR
FUNNYTVSHOWS,ATLOCATION,TELEVISION
DRAWINGROOM,ATLOCATION,ARTIST'SHOUSE
CALL,ATLOCATION,VOICEMAIL
BONG,ATLOCATION,SHELF
HAIR,ATLOCATION,FINGER
ARTCRITICS,ATLOCATION,GALLERYOPENING
HARP,ATLOCATION,CONCERTHALL
FRONTYARD,ATLOCATION,NEIGHBORHOOD
CARRYONBAG,ATLOCATION,AIRPORT
GENTLEMAN,ATLOCATION,UNIVERSITY
HIGHWAY,ATLOCATION,UNITEDSTATES
FRIEND'SSPOUSE,ATLOCATION,FRIEND'SHOUSE
HEATER,ATLOCATION,COLDPLACES
BREADMAKER,ATLOCATION,KITCHEN
FOOT,ATLOCATION,BOOT
FUELTANK,ATLOCATION,BUS
CAT,ATLOCATION,SOFA
CREW,ATLOCATION,SPACESHUTTLE
CROPS,ATLOCATION,FIELD
CASHFORMS,ATLOCATION,CABINET
GARAGE,ATLOCATION,CAR
CAT,ATLOCATION,GRASS
BEAVER,ATLOCATION,STRIPCLUB
BUNCHOFFLOWERS,ATLOCATION,SHOP
CD,ATLOCATION,CDCASE
HIGHLIGHTERPEN,ATLOCATION,PENCILCUP
COUCH,ATLOCATION,WAITINGROOM
FOOTBALLFIELD,ATLOCATION,COLLEGAE
CLOUD,ATLOCATION,AIR
ADDRESSES,ATLOCATION,PHONEBOOK
CARDSLOT,ATLOCATION,SLOTMACHINE
CHAIR,ATLOCATION,SCHOOLROOM
DRAWINGROOM,ATLOCATION,MANSION
DUCKS,ATLOCATION,PARK
CARNIVAL,ATLOCATION,FAIR
BOOK,ATLOCATION,BOOKBAG
CLOWNS,ATLOCATION,CARNIVAL
BALDEAGLE,ATLOCATION,AIRFLYING
COW,ATLOCATION,BARNFIELD
CASHREGISTER,ATLOCATION,SUPERMARKET
COOKBOOK,ATLOCATION,SHELF
FOLDINGDOOR,ATLOCATION,HOME
BAGGAGETRUNK,ATLOCATION,REAROFCAR
BALDEAGLE,ATLOCATION,NATURERESERVE
FREAKSHOW,ATLOCATION,CARNIVAL
ANIMALS,ATLOCATION,STATEPARK
BOOK,ATLOCATION,STACK
COFFEE,ATLOCATION,CUP
ALCHOHOL,ATLOCATION,FRIEND'SWEDDING
GENTLEMAN,ATLOCATION,RESTAURANT
HORSE,ATLOCATION,MOVIES
HARPSICHORD,ATLOCATION,MUSEUM
BOOKOFPICTURES,ATLOCATION,TABLE
CHINESEFOOD,ATLOCATION,REFRIGERATOR
HAIRROLLER,ATLOCATION,BEAUTYSALON
COMPUTERS,ATLOCATION,COLLEGE
CONNECTION,ATLOCATION,BOX
EYEGLASSES,ATLOCATION,MICHIGAN
GREENGRASS,ATLOCATION,PARK
HOSE,ATLOCATION,HARDWARESTORE
BAKINGOVEN,ATLOCATION,PIESHOP
FOX,ATLOCATION,CAGE
CASHIER,ATLOCATION,BOOKSTORE
CEREAL,ATLOCATION,SHELF
BALL,ATLOCATION,BASKETBALLCOURT
HEIFER,ATLOCATION,OUTSIDE
CLOTHESCLOSET,ATLOCATION,CLOTHES
BROKESTUFF,ATLOCATION,REPAIRSHOP
ARCH,ATLOCATION,DOORWAY
BURLAP,ATLOCATION,FEBRICSTORE
ACTIONFIGURE,ATLOCATION,BATHTUB
CASHIERS,ATLOCATION,SHOP
BEGGERS,ATLOCATION,STREET
BUILDING,ATLOCATION,OFFICE
ADVERTISEMENT,ATLOCATION,COMERCIAL
AIRPLANES,ATLOCATION,MILITARYBASE
ANEMONE,ATLOCATION,KELPFOREST
COSTUMES,ATLOCATION,OPERA
GAZELLE,ATLOCATION,AFRICANBRUSH
GARDENHOSE,ATLOCATION,HARDWAARESTORE
CAT,ATLOCATION,SPINSTER'SHOUSE
FOX,ATLOCATION,CHICKENCOOP
BUILDINGS,ATLOCATION,UNIVERSITY
FLASK,ATLOCATION,SCIENCELAB
HORSE,ATLOCATION,JUMPINGARENA
DININGAREA,ATLOCATION,HOME
COINS,ATLOCATION,COUCHCUSHIONS
DUST,ATLOCATION,WASTEBIN
BUGS,ATLOCATION,FIELD
BIRD,ATLOCATION,BUSH
HOMOSEXUALS,ATLOCATION,MILITARYBASE
DENTISTOFFICE,ATLOCATION,MEDICALBUILDING
ACCOUNTINGBOOKS,ATLOCATION,CABINET
FRIEND,ATLOCATION,ME
CHAMPAGNE,ATLOCATION,GALLERYOPENING
FLOOR,ATLOCATION,CARPET
CUTLERYDRAWER,ATLOCATION,KITCHENCABINET
BENCH,ATLOCATION,LAWN
CANOFPAINT,ATLOCATION,GARAGE
HOSPITAL,ATLOCATION,MOSTCITIES
EARTH,ATLOCATION,TREE
DRUNKPEOPLE,ATLOCATION,PARTY
ENTRANCE,ATLOCATION,STADIUM
EMERGENCYCARE,ATLOCATION,HOSPITAL
BABE,ATLOCATION,BEACH
CLUTCHBAG,ATLOCATION,WOMENSCLOSET
BUNCHOFSOCKS,ATLOCATION,SOCKDRAWER
ECHO,ATLOCATION,BRIDGE
BARRAKS,ATLOCATION,MILITARYBASE
COLDFAUCET,ATLOCATION,BATHROOM
APPLES,ATLOCATION,TABLE
CONDOMINIUM,ATLOCATION,COMPLEX
COINS,ATLOCATION,JAR
FAUCETOVERFLOW,ATLOCATION,WATERCOMPANY
BEAVER,ATLOCATION,SMALLRIVIER
FERRET,ATLOCATION,COMICBOOK
FIREBOMB,ATLOCATION,BATTLE
FURNITURE,ATLOCATION,FRIEND'SHOUSE
DEADBUGS,ATLOCATION,WINDOWSILL
CALENDARBOOK,ATLOCATION,PURSE
FIDDLE,ATLOCATION,VIOLINCASE
FLAT,ATLOCATION,DAMAGEDTIRE
CARS,ATLOCATION,FREEWAY
DROPOFBLOOD,ATLOCATION,POTATOPEELINGS
EGG,ATLOCATION,CHICKEN
HARDWARESTORE,ATLOCATION,BIGCITY
CLOUD,ATLOCATION,WEATHERREPORT
DOLL,ATLOCATION,GIRL'SBEDROOM
BREADCRUMB,ATLOCATION,FLOOR
COTTON,ATLOCATION,SOUTH
FROZENFOODS,ATLOCATION,FREEZER
DAISIES,ATLOCATION,FIELD
FUNGUS,ATLOCATION,PETRIDISH
HOCKEYPUCK,ATLOCATION,NET
CLIPPERS,ATLOCATION,SALON
ARM,ATLOCATION,HOUSE
CHILD,ATLOCATION,KINDERGARDEN
CLIP,ATLOCATION,WOMAN'SHAIR
CHARACTER,ATLOCATION,PLAYINSCRIPT
BIRD,ATLOCATION,SKY
DUST,ATLOCATION,WINDOWSILL
HEATINGROOM,ATLOCATION,GLASSSHOP
CONDO,ATLOCATION,NEWYORK
BASEBALLTICKET,ATLOCATION,BOXOFFICE
COMPUTERUSER,ATLOCATION,HOUSE
COPS,ATLOCATION,ROADBLOCK
FOXIN,ATLOCATION,TREE
DRUM,ATLOCATION,MUSICSTORE
CARPETORRUG,ATLOCATION,FLOOR
HIGHLIGHTER,ATLOCATION,DESKDRAWER
CHANGE,ATLOCATION,PURSE
EYEGLASSESCASE,ATLOCATION,CAR
APPLETREEIN,ATLOCATION,BACKYARD
FRUIT,ATLOCATION,PRODUCESECTIONS
GLASS,ATLOCATION,KITCHEN
HEATER,ATLOCATION,SOMEPLACECOLD
HOTEL,ATLOCATION,CITY
BAND,ATLOCATION,SHOW
CLERIC,ATLOCATION,CHURCH
GRIDOBJECT,ATLOCATION,MAP
CUP,ATLOCATION,DISHWASHER
DIRECTORCHAIR,ATLOCATION,FUNITURESTORE
BEAVER,ATLOCATION,BEAVERDEN
BEAVER,ATLOCATION,RUDEJOKE
FOX,ATLOCATION,STORIES
BUS,ATLOCATION,CITY
BALL,ATLOCATION,BALLROOM
BANDAID,ATLOCATION,BANDAIDBOX
CONTAINEROFSALT,ATLOCATION,CUPBOARD
CAMCORDER,ATLOCATION,SPORTINGEVENT
GOODBOOK,ATLOCATION,SHELF
DIAMOND,ATLOCATION,BASEBALLSTADIUM
APPLETREE,ATLOCATION,WOODS
CANDLE,ATLOCATION,DIMLYLITROOM
BARBERSHOP,ATLOCATION,MALL
BIGTOP,ATLOCATION,CARNIVAL
BROKENGLASS,ATLOCATION,FIELD
ARMY,ATLOCATION,BARRACKS
CAT,ATLOCATION,HIDING
BRAS,ATLOCATION,SOCKDRAWER
ANEMONE,ATLOCATION,ROCKPOOL
FIVEANDDIME,ATLOCATION,MAYBURY
HELUIMBALOONS,ATLOCATION,SKY
DISPLAYCASES,ATLOCATION,MUSEUM
BEARSHITTING,ATLOCATION,FOREST
DOGFECES,ATLOCATION,LAWN
GRAPE,ATLOCATION,BOWLOFGRAPES
EXHAUSTOPENING,ATLOCATION,ROOF
GATELEGTABLE,ATLOCATION,DININGROOM
ASTEROIDS,ATLOCATION,OUTERSPACE
CROSSROADS,ATLOCATION,ROAD
CARPETING,ATLOCATION,BEDROOM
BRICKS,ATLOCATION,ROOF
BROCCOLI,ATLOCATION,FARMER'SMARKET
BOOKIES,ATLOCATION,RACETRACK
CONTAINER,ATLOCATION,KITCHENS
HOLE,ATLOCATION,NOTEBOOKPAPER
CALL,ATLOCATION,TELEPHONELINES
CARENTHUSIASTS,ATLOCATION,CARSHOW
GAMBLINGADDICTS,ATLOCATION,RACETRACK
DRILLBITS,ATLOCATION,CABINET
BEANBAGCHAIR,ATLOCATION,APARTMENT
FUNGUS,ATLOCATION,WARMDAMPSPOT
FROZENFISH,ATLOCATION,FREEZER
DENTALFLOSS,ATLOCATION,MOUTH
BOMBARDON,ATLOCATION,WAR
HANDBAG,ATLOCATION,WOMAN'SHAND
HEIFER,ATLOCATION,COUNTRYSIDE
GREENGROCER,ATLOCATION,GROCERYSTORE
CARDS,ATLOCATION,TABLE
FILLING,ATLOCATION,MOUTH
BUFFET,ATLOCATION,RESTUARANT
CABLE,ATLOCATION,SUBSTATION
CRAB,ATLOCATION,GROUPS
GAUZE,ATLOCATION,HOSPITAL
CLEANSHEETS,ATLOCATION,BED
CHAIN,ATLOCATION,GARAGE
BOXES,ATLOCATION,POSTOFFICE
BUCKET,ATLOCATION,GARDENSHED
FISH,ATLOCATION,BOTTOMOFSEA
BEDROOM,ATLOCATION,LOFT
BLEACH,ATLOCATION,WORK
CURE,ATLOCATION,DOCTOR
HEIFER,ATLOCATION,FEEDLOT
CASHTOKEN,ATLOCATION,ARCADE
GARBAGECAN,ATLOCATION,STREET
BILL,ATLOCATION,RESTAURANT
COMBOPASS,ATLOCATION,A
DUST,ATLOCATION,RUG
COFFEEPOT,ATLOCATION,INTERNETCAFE
FABRIC,ATLOCATION,FABRICSTORE
HEIFER,ATLOCATION,FREEZER
BUSYCHILDREN,ATLOCATION,SANDBOX
DOGSHIT,ATLOCATION,SHOES
HOMEMADE,ATLOCATION,HOME
BACKDROP,ATLOCATION,THEATER
DUSTBUNNY,ATLOCATION,BED
BEAVER,ATLOCATION,DEN
BANQUETTABLE,ATLOCATION,RESTAURANT
GARAGE,ATLOCATION,NEIGHBOR'SHOUSE
BEEFJERKY,ATLOCATION,BACKPACK
BRIDGE,ATLOCATION,OVERWATER
ENGRAVINGS,ATLOCATION,ARTSHOW
HAIRGEL,ATLOCATION,BATHROOM
BONE,ATLOCATION,VERTEBRATES
FEATHER,ATLOCATION,BIRDSNEST
DIRT,ATLOCATION,STREET
CAT,ATLOCATION,CATTERY
CLIPPERS,ATLOCATION,BARBER'SSHOP
FICUS,ATLOCATION,TROPICALZONES
DISPOSABLERAZOR,ATLOCATION,MEDICINECABINET
HOPE,ATLOCATION,DESPAIR
ACCOMMODATIONS,ATLOCATION,CAMPGROUND
HOTMANGOCHUTNEY,ATLOCATION,JAR
CRAB,ATLOCATION,BODIESOFWATER
FOYER,ATLOCATION,SPACIOUSHOUSE
COMMERCIALS,ATLOCATION,TELEVISION
CANNEDFOODS,ATLOCATION,FAIRGROUNDS
CEILING,ATLOCATION,HOUSE
BEACHBALLS,ATLOCATION,BEACH
FLASHINGLIGHTS,ATLOCATION,CASINO
HEIFER,ATLOCATION,GRANDMA'SBARN
BROKENGLASS,ATLOCATION,BOTTOMOFSEA
DOORBELL,ATLOCATION,FRONTDOOR
COW,ATLOCATION,MILKINGPARLOR
AIRCONDITIONER,ATLOCATION,COMPUTERROOM
BALCONYRAILING,ATLOCATION,BALCONY
BASS,ATLOCATION,QUARTET
GUINNESS,ATLOCATION,BAR
HOLE,ATLOCATION,GROUND
FELT,ATLOCATION,HAT
BEAVER,ATLOCATION,WOODEDAREA
CURLINGIRON,ATLOCATION,GIRLSROOM
CORN,ATLOCATION,FIELD
AIRFRESHENER,ATLOCATION,CAR
FATHER'SPISTOL,ATLOCATION,FRIEND'SHOUSE
DIRTYDISH,ATLOCATION,KITCHEN
APPLETREE,ATLOCATION,WOODEDAREA
ASPIRIN,ATLOCATION,PURSE
DININGROOM,ATLOCATION,MANSION
HOSPITAL,ATLOCATION,MAJORCITY
FOOD,ATLOCATION,MARKET
DAYDREAM,ATLOCATION,SPACE
HEIFER,ATLOCATION,NEWHAMPSHIRE
DOLLAR,ATLOCATION,CASHDRAWER
BEAN,ATLOCATION,COFFEE
HANGINGFOLDERS,ATLOCATION,DRAWER
BALL,ATLOCATION,HOLE
BOOKSHOP,ATLOCATION,DEPARTMENTSTORE
BEANBAGCHAIR,ATLOCATION,ROOM
DENTIST,ATLOCATION,LASVEGAS
FICUS,ATLOCATION,HEALTH
FIVEANDTENSTORE,ATLOCATION,COWBOYMOVIE
FOOD,ATLOCATION,JAR
FICUS,ATLOCATION,GROUND
ENTERTAINMENT,ATLOCATION,FRIEND'SHOUSE
DOLL,ATLOCATION,CHILD'SARMS
CHECKBOOK,ATLOCATION,PURSE
BEERMUG,ATLOCATION,ALCAHOLICSHAND
BOMB,ATLOCATION,SUITCASE
CHESSBOARD,ATLOCATION,USE
APARTMENT,ATLOCATION,BUILDING
FATPEOPLOE,ATLOCATION,GYM
FREAKS,ATLOCATION,SUBWAY
HAIRBRUSH,ATLOCATION,BATHROOMDRAWER
BEE,ATLOCATION,LAVENDERGARDEN
BEAVER,ATLOCATION,WILD
FIRSTBASE,ATLOCATION,BALLPARK
BIENGSHOWN,ATLOCATION,SHOW
CLOTHING,ATLOCATION,PERSON
BASSFIDDLE,ATLOCATION,SYMPHONY
HIDDENDRUGS,ATLOCATION,HOME
CARPET,ATLOCATION,BUILDING
CANNEDFOOD,ATLOCATION,SHELF
AUDITORIUM,ATLOCATION,THEATER
FURNACE,ATLOCATION,HOME
FLASK,ATLOCATION,ALCHOLE
CHAPEL,ATLOCATION,TOWN
FERRET,ATLOCATION,LAIR
CALENDER,ATLOCATION,DESK
CALENDAR,ATLOCATION,HANGINGONWALL
BOTTLE,ATLOCATION,FRIDGE
FLASK,ATLOCATION,WINERACK
CEILING,ATLOCATION,CHAPEL
ALCOHOLICS,ATLOCATION,LIQUORSTORE
HAIR,ATLOCATION,PERSON'SHEAD
FOODVENDOR,ATLOCATION,SPORTINGEVENT
EGG,ATLOCATION,CHICKENCOOP
GARLIC,ATLOCATION,KITCHEN
DISH,ATLOCATION,KITCHENCABINET
ADVERTISEMENT,ATLOCATION,TV
FIREBOMB,ATLOCATION,WARZONE
CATSCAN,ATLOCATION,DOCTOR'SOFFICE
CALENDARBOOK,ATLOCATION,STATIONERS
CHESSBISHOP,ATLOCATION,CHESS
GLASSEDROOF,ATLOCATION,GLASSHOUSE
BANK,ATLOCATION,CITY
CALENDARBOOK,ATLOCATION,BREIFCASE
ELECTRICITY,ATLOCATION,BUILDING
FLUFF,ATLOCATION,BELLYBUTTON
FISH,ATLOCATION,POND
CHURCH,ATLOCATION,POPULATEDAREA
BAZAAR,ATLOCATION,CITY
FERRET,ATLOCATION,BURROWEDHOLE
FRUIT,ATLOCATION,GAYBAR
DUST,ATLOCATION,BED
CASTLE,ATLOCATION,JOLLYOLENGLAND
DESK,ATLOCATION,DEN
CLIENTS,ATLOCATION,ATHOTEL
BAROFSOAP,ATLOCATION,MOTEL
BLOTTER,ATLOCATION,DESKTOP
COAST,ATLOCATION,FLORIDA
CRAB,ATLOCATION,BOTTOMOFOCEAN
FURRY,ATLOCATION,ZOO
ADVERTS,ATLOCATION,MAIL
BARBERSHOP,ATLOCATION,LARGEHOTEL
DRIFTWOOD,ATLOCATION,BEACH
DUST,ATLOCATION,TELEVISION
CAT,ATLOCATION,SANDBOX
CARROTS,ATLOCATION,FRIDGE
HAIRGEL,ATLOCATION,PERFUMERY
COW,ATLOCATION,COMPLACENTMOOD
FUNGUS,ATLOCATION,ROTTENFRUIT
HORSE,ATLOCATION,FIELDROMPING
BOOZE,ATLOCATION,FRIEND'SWEDDING
FRIENDS,ATLOCATION,FRATERNITYHOUSE
DOLPHIN,ATLOCATION,WATER
BALDEAGLE,ATLOCATION,LARGEFORESTS
GASOLINE,ATLOCATION,REFINERIES
CARROTS,ATLOCATION,SUPERMARKET
CLOTHES,ATLOCATION,BED
CAT,ATLOCATION,HEAT
FLUTE,ATLOCATION,MARCHINGBAND
HOLE,ATLOCATION,DOUGHNUT
BALLETDANCER,ATLOCATION,BAR
BEER,ATLOCATION,PLANE
CALENDARBOOK,ATLOCATION,STATIONERYSTORE
DIVIDER,ATLOCATION,BINDER
BEAVER,ATLOCATION,MILLPOND
GARAGE,ATLOCATION,MODERNHOUSE
BOOK,ATLOCATION,LIBRARY
COMPUTERHACKERS,ATLOCATION,BUILDING
BALCONYRAILING,ATLOCATION,THEATER
DOLIST,ATLOCATION,DESK
COURTROOM,ATLOCATION,COURTHOUSE
CIRCUSPERFORMER,ATLOCATION,HIGHWIRE
DIAMOND,ATLOCATION,ENGAGEMENTRING
CHINESEPERSON,ATLOCATION,CHINA
ALIENS,ATLOCATION,UNIVERSE
CINEMA,ATLOCATION,LARGEMETROAREA
DRYGOODS,ATLOCATION,PANTRY
BEERMUG,ATLOCATION,FREEZER
FLIGHTBAG,ATLOCATION,AIRPORT
CHECKBOOK,ATLOCATION,OYRSE
BOOKMARKERS,ATLOCATION,BOOKSTORE
CITYHALL,ATLOCATION,MAJORCITY
CROWS,ATLOCATION,TREE
BILLBOARD,ATLOCATION,EVERYCITY
DOCTOR,ATLOCATION,GOLFCOURSE
FLOWER,ATLOCATION,SHELF
CAR,ATLOCATION,PACKINGLOT
CHESSPIECE,ATLOCATION,CHESSBOX
DININGAREA,ATLOCATION,MALL
BALCONY,ATLOCATION,MOVIEHOUSE
FUNGUS,ATLOCATION,COMPOST
ANIMAL,ATLOCATION,DETROITZOO
BUSSTATION,ATLOCATION,MAPS
FOODSTORE,ATLOCATION,PLAZA
BUTTERFLIES,ATLOCATION,FOREST
CHAIR,ATLOCATION,SYNAGOGUE
COP,ATLOCATION,STREETCORNER
FERRET,ATLOCATION,STEWPOT
AUTOMATON,ATLOCATION,LAB
BEAVER,ATLOCATION,EARTH
BOOTS,ATLOCATION,CLOSET
FASTFOOD,ATLOCATION,CHAINRESTAURANT
BALDEAGLE,ATLOCATION,LARGENEST
GRENADE,ATLOCATION,WAR
HOSTESS,ATLOCATION,RESTURANT
CAT,ATLOCATION,FAMILYROOM
CAT,ATLOCATION,FLAT
DOWNTOWN,ATLOCATION,CITY
AIRLINESEAT,ATLOCATION,FRONTOFPLANE
GRID,ATLOCATION,SIEVE
DRESSINGROOM,ATLOCATION,SWIMMINGPOOL
BATMAN,ATLOCATION,COMICBOOK
BOOK,ATLOCATION,CATALOG
DIPLOMA,ATLOCATION,FRAME
FUNGUS,ATLOCATION,OLDTENNISSHOES
CALCULATOR,ATLOCATION,BACKPACK
BOAT,ATLOCATION,LAKE
CANADIAN,ATLOCATION,HOCKEYGAME
CANDY,ATLOCATION,THEATRE
HORSE,ATLOCATION,BELMONTPARK
FLAT,ATLOCATION,TOWN
BUILDINGS,ATLOCATION,LARGECITY
GAZELLE,ATLOCATION,LIBERIA
FILES,ATLOCATION,COMPUTERS
ARCTICFOX,ATLOCATION,ARCTIC
CRAB,ATLOCATION,CRABSOUFFLE
FACTORY,ATLOCATION,CITY
CHURCHYARD,ATLOCATION,CITY
DEATH,ATLOCATION,WAR
CLOTHINGCLOSET,ATLOCATION,HOUSE
GRASS,ATLOCATION,TREE
BOOK,ATLOCATION,TOURISTSTORE
COMPUTER,ATLOCATION,OFFICEBUILDING
GYMNASIUM,ATLOCATION,SPA
HOME,ATLOCATION,WEBSITE
ANTICONVULSANT,ATLOCATION,MEDICINECHEST
CELLS,ATLOCATION,JAIL
ACOUSTICCEILING,ATLOCATION,MUSICDEPARTMENT
ASPIRIN,ATLOCATION,MEDICINECABINET
FILE,ATLOCATION,TOOLBOX
BEER,ATLOCATION,FRIDGE
BUREAU,ATLOCATION,GOVERNMENT
FARMANIMAL,ATLOCATION,FAIR
FACILITATOR,ATLOCATION,MEETING
CANS,ATLOCATION,SUPERMARKET
BLOWFISH,ATLOCATION,TROPICALWATERS
APPLES,ATLOCATION,GROCERYSTORE
FUEL,ATLOCATION,CAR
CLOTHLINEN,ATLOCATION,FABRICSTORE
CITYHALL,ATLOCATION,CITY
HAPPYPEOPLE,ATLOCATION,PARTY
HOLEPROTECTORS,ATLOCATION,CABINET
HEATEDTOWELRACK,ATLOCATION,WASHROOM
BOARDINGROOM,ATLOCATION,BEDANDBREAKFAST
HOMOPHOBIA,ATLOCATION,ISLAM
BIRDS,ATLOCATION,ROOF
DIAMOND,ATLOCATION,JEWELLERS
GUITAR,ATLOCATION,TOYSTORE
FERRET,ATLOCATION,KENNEL
CLARINETS,ATLOCATION,CABINET
COCKROACH,ATLOCATION,ATHOTEL
HAIRSHAPINGGEL,ATLOCATION,BOYSLOCKERROOM
FOLDEDCLOTHES,ATLOCATION,SUITCASE
DANCECLUB,ATLOCATION,MICHIGAN
BRASSINSTRUMENT,ATLOCATION,JAZZBAND
DIVIDER,ATLOCATION,OFFICE
DUST,ATLOCATION,FORKINROAD
FUNGUS,ATLOCATION,OLDBUILDING
BUNGALOW,ATLOCATION,SUBURBIA
CRAYFISH,ATLOCATION,WATER
FREEWAY,ATLOCATION,CITY
ELECTRONICS,ATLOCATION,SPACESHUTTLE
BEANBAG,ATLOCATION,PAST
CHAIRS,ATLOCATION,INTERNETCAFE
DOORWITHLOCK,ATLOCATION,FILECABINET
BIRDPOOP,ATLOCATION,ROOF
CHECKBOOK,ATLOCATION,WOMAN'SPURSE
CLOSET,ATLOCATION,INDOORPAINT
FUNGUS,ATLOCATION,LOUISIANA
HEADOFHOUSEHOLD,ATLOCATION,FAMILY
CURLINGIRON,ATLOCATION,USE
BORDER,ATLOCATION,MENU
BALDEAGLE,ATLOCATION,PROTECTION
BELL,ATLOCATION,BELLFRY
FRYINGPAN,ATLOCATION,HOTELKITCHEN
DIAMOND,ATLOCATION,JEWL
FOUNTAINPEN,ATLOCATION,SUITPOCKET
COP,ATLOCATION,PARK
BOOK,ATLOCATION,BED
DOORWAY,ATLOCATION,LEGOSET
ARTICHOKES,ATLOCATION,REFRIGERATOR
BORINGSOAPOPERA,ATLOCATION,TELEVISION
BATH,ATLOCATION,HOTELROOM
BALDEAGLE,ATLOCATION,AERIE
FARMS,ATLOCATION,COUNTRY
COAL,ATLOCATION,BED
DIRTYDISHES,ATLOCATION,KITCHEN
COOKIES,ATLOCATION,HOUSE
FIRSTBASE,ATLOCATION,FIELD
COCKTAILCABINET,ATLOCATION,DRUNKSHOUSE
BUSSTATION,ATLOCATION,STREET
CUP,ATLOCATION,WASHINGUPBOWL
ALGAE,ATLOCATION,WATER
BAKINGOVEN,ATLOCATION,KITCHEN
AUTOMOBILE,ATLOCATION,FREEWAY
DISPLAYCABINET,ATLOCATION,MUSEUM
EAR,ATLOCATION,LORD
COFFEE,ATLOCATION,GROCERYSTORE
COCKTAILCABINET,ATLOCATION,DEN
DENTALFLOSS,ATLOCATION,STORE
BROADCASTSTUDIO,ATLOCATION,TOWN
ELECTRICLINE,ATLOCATION,ROOF
ARTERY,ATLOCATION,HEART
HORSE,ATLOCATION,WILD
CLOTHING,ATLOCATION,DRAWER
BALDEAGLE,ATLOCATION,HIGHNEST
BODY,ATLOCATION,GRAVE
BUN,ATLOCATION,BREADBOX
BRACES,ATLOCATION,DENTIST
DIRTYMECHANICS,ATLOCATION,REPAIRSHOP
HORSE,ATLOCATION,CARTOON
COW,ATLOCATION,OWNBARN
HALL,ATLOCATION,FLATOR
FLOORING,ATLOCATION,KITCHEN
HORSE,ATLOCATION,HORSEBOX
GROUNDFLOOR,ATLOCATION,BROWNSTONE
BRIDGERAILING,ATLOCATION,BRIDGE
FUNGUS,ATLOCATION,OLD
HAIRPIN,ATLOCATION,FEMALE'SHAIR
DRAWSTRINGBAG,ATLOCATION,LAUNDRY
DONUTS,ATLOCATION,POLICECAR
HIGHCEILINGS,ATLOCATION,SUPERMARKET
FLOSS,ATLOCATION,DENTIST
FRIENDS,ATLOCATION,INTERNETCAFE
HARP,ATLOCATION,MUSICSHOP
CROQUETSET,ATLOCATION,LAWN
BARRACKS,ATLOCATION,MILITARYBASE
CHAIR,ATLOCATION,CUBICLE
DEPRESSANT,ATLOCATION,MEDICINECHEST
APARTMENT,ATLOCATION,BUDGET
BONE,ATLOCATION,MUSEUM
DRUG,ATLOCATION,JUNKIE'SHOUSE
FOX,ATLOCATION,TENNESSEE
CAR,ATLOCATION,CITY
DIAMOND,ATLOCATION,DRILLBIT
APPLETREE,ATLOCATION,NEWYORK
DENTISTOFFICE,ATLOCATION,CITY
AIRCRAFT,ATLOCATION,AIR
FURNACE,ATLOCATION,HOUSE
BASKETBALLCOURT,ATLOCATION,DETROITMICHIGAN
DIAPHRAGM,ATLOCATION,HUMAN
BOOK,ATLOCATION,HANDSOFTEACHER
CUP,ATLOCATION,APARTMENT
DUST,ATLOCATION,DESKTOP
GAME,ATLOCATION,BALLPARK
CROWSNEST,ATLOCATION,BOAT
HAIRDRYER,ATLOCATION,HOTELBATHROOM
DELITRAYS,ATLOCATION,PARTY
AIR,ATLOCATION,THEATRE
BEE,ATLOCATION,BEETREE
FERRET,ATLOCATION,DEN
DOGSLED,ATLOCATION,ARCTIC
BRIDALPAIR,ATLOCATION,WEDDING
COLUMN,ATLOCATION,TABLE
GLUESTICK,ATLOCATION,DESKDRAWER
BICYCLES,ATLOCATION,GARAGE
BLOWFISH,ATLOCATION,SHARKSMOUTH
GUINEAPIGS,ATLOCATION,SCHOOL
AISLES,ATLOCATION,PLANE
COLDCUTS,ATLOCATION,FRIDGE
BEE,ATLOCATION,NEST
FOULLINE,ATLOCATION,BOWLINGALLEY
GARBAGE,ATLOCATION,GARBAGEPAIL
CHURCHYARD,ATLOCATION,VILLAGE
BEAR,ATLOCATION,MEADOW
CIGARETTE,ATLOCATION,TOBACCONISTSHOP
AIR,ATLOCATION,POCKET
CONDOM,ATLOCATION,PURSE
BEANIEBABY,ATLOCATION,EBAY
CAT,ATLOCATION,BACKYARD
ERASER,ATLOCATION,BOOKBAG
BROOK,ATLOCATION,MINNESOTA
FICUS,ATLOCATION,CALIFORNIA
GAZELLE,ATLOCATION,AFRICANSAFARI
BEAM,ATLOCATION,LARGEBUILDING
CHEQUEBOOK,ATLOCATION,FRANCE
BEAUTIFULWOMEN,ATLOCATION,CARSHOW
COINSLOT,ATLOCATION,GUMBALLMACHINE
ADDRESSBOOK,ATLOCATION,DESK
BOXOFCEREAL,ATLOCATION,PANTRY
FARMLAND,ATLOCATION,MICHIGAN
CAT,ATLOCATION,JUNGLE
FUNGUS,ATLOCATION,HUMIDPLACES
CORN,ATLOCATION,DINNER
FOX,ATLOCATION,STUMPOFTREE
BLOOD,ATLOCATION,PERSON
CAVE,ATLOCATION,WESTVIRGINIA
AERIALBOMB,ATLOCATION,AIRFORCE
BRICKROWHOUSE,ATLOCATION,NEIGHBORHOOD
DESK,ATLOCATION,GARAGESALE
CARDS,ATLOCATION,DECK
COUCH,ATLOCATION,APARTMENT
CURB,ATLOCATION,STOCKMARKET
FRONTROOM,ATLOCATION,BUILDING
GAZELLE,ATLOCATION,SAVANAH
BASS,ATLOCATION,JAZZBAND
COFFEE,ATLOCATION,CAN
HAMMER,ATLOCATION,TOOLBOX
BONE,ATLOCATION,TOMB
CHURCH,ATLOCATION,CITY
EYE,ATLOCATION,FACES
ATTACHECASE,ATLOCATION,CHAIR
CAT,ATLOCATION,CATBOX
FLIGHTBAG,ATLOCATION,AIRPLANE
HAIRBRUSH,ATLOCATION,DRUGSTORE
HEIFER,ATLOCATION,MONTREAL
BATHROOM,ATLOCATION,RESTAREA
COW,ATLOCATION,COUNTYFAIR
CANNONBALL,ATLOCATION,MUSEUM
FRUITS,ATLOCATION,SUPERMARKET
CROSSROADS,ATLOCATION,COUNTRYSIDE
CHECK,ATLOCATION,COUNTERINBAR
DOOR,ATLOCATION,INTERNETCAFE
FUNGUS,ATLOCATION,DESEASEDPERSON
DIRT,ATLOCATION,FINGERNAILS
FACTS,ATLOCATION,DATABASE
CREATIVESIGNS,ATLOCATION,DEMONSTRATION
GERMS,ATLOCATION,WATER
EASTEREGG,ATLOCATION,CHOCOLATESHOP
EIFFELTOWER,ATLOCATION,GARAGE
FERRET,ATLOCATION,WILD
FRIEND,ATLOCATION,SCHOOL
CHEST,ATLOCATION,ANTIQUESHOP
CAT,ATLOCATION,NASTYMOOD
CELLPHONE,ATLOCATION,PURSE
ATTACHECASE,ATLOCATION,HOSPITAL
COW,ATLOCATION,TEXAS
CAR,ATLOCATION,PARKINGGARAGE
CRAB,ATLOCATION,CRABSOUP
GOD,ATLOCATION,EVERYTHING
CLOSET,ATLOCATION,ROOM
FOOD,ATLOCATION,MILITARYBASE
ADHESIVEBANDAGE,ATLOCATION,MEDICINECABINET
GLASSES,ATLOCATION,NOSE
FUNGUS,ATLOCATION,NATURE
FISHERMEN,ATLOCATION,BOAT
BAGGAGETRAIN,ATLOCATION,AIRPORT
BALDEAGLE,ATLOCATION,COLORADO
GUMDROPS,ATLOCATION,THEATER
CHECKBOOKCOVER,ATLOCATION,PURSE
HOTFAUCET,ATLOCATION,OWNHOUSE
FILMPROJECTOR,ATLOCATION,MOVIE
AIRBUBBLE,ATLOCATION,WATER
AIRCONDITIONER,ATLOCATION,HOME
COMPUTER,ATLOCATION,TABLE
ELEPHANTS,ATLOCATION,ZOOS
BUNCHOFPEOPLE,ATLOCATION,CONFERENCE
FOX,ATLOCATION,UNDERGROWTH
BIKEPATH,ATLOCATION,PARK
FATLADY,ATLOCATION,OPERA
FACIALTISSUE,ATLOCATION,PURSE
HOTDOGS,ATLOCATION,BALLPARK
BALDEAGLE,ATLOCATION,INDIANMOVIE
FRONTGARDEN,ATLOCATION,MICHIGAN
GUMSHIELD,ATLOCATION,SPORTSKITBAG
CAR,ATLOCATION,FREEWAY
DECANTER,ATLOCATION,LAB
BASSBARITONE,ATLOCATION,CHORALGROUP
COFFEE,ATLOCATION,SUBWAY
GERMS,ATLOCATION,DOCTOR
DENTISTCHAIR,ATLOCATION,DENTISTSURGERY
FLOWER,ATLOCATION,VASE
BILLFOLD,ATLOCATION,MONEY
AIR,ATLOCATION,BALLOON
BOREDOM,ATLOCATION,CONFERENCE
CELERY,ATLOCATION,REFRIGERATOR
BARBITURATE,ATLOCATION,MEDICINECHEST
FAUCET,ATLOCATION,RESTROOM
FIDDLE,ATLOCATION,TENNESSEE
CONDOMS,ATLOCATION,MEDICINECHEST
GAMES,ATLOCATION,TOYSTORE
ACCOMMODATION,ATLOCATION,INN
DUVET,ATLOCATION,BED
GRASS,ATLOCATION,PARK
ENTHUSIASIM,ATLOCATION,SPORTINGEVENT
DANCECLUB,ATLOCATION,CITYES
FROZENDINNERS,ATLOCATION,FREEZER
GONG,ATLOCATION,CHINATOWN
CUSTOMERS,ATLOCATION,BOOKSTORE
DOORWAY,ATLOCATION,LIBRARY
CHEATING,ATLOCATION,CLASS
CURATOR,ATLOCATION,MUSEUM
GROCER,ATLOCATION,STORE
DARKGLASSES,ATLOCATION,OPTICALSTORE
DOORWITHLOCK,ATLOCATION,SAFE
COCKROACHES,ATLOCATION,BASEMENT
ACCORDION,ATLOCATION,SANFRANCISCO
ARMOIRE,ATLOCATION,BEDROOM
GLASS,ATLOCATION,WATERCOOLER
ANEMONE,ATLOCATION,SEAFLOOR
GENTLEMAN,ATLOCATION,CIGARLOUNGE
CLERK,ATLOCATION,ATHOTEL
BAGTWISTERS,ATLOCATION,DRAWER
CAT,ATLOCATION,COMPOSTPILE
COTTAGE,ATLOCATION,WOODS
CLOTHLINEN,ATLOCATION,LINENCLOSET
GRAPE,ATLOCATION,MICHIGAN
FICUS,ATLOCATION,HOSPITAL
GREENBEANS,ATLOCATION,CONTAINER
EARRING,ATLOCATION,JEWELRYBOX
CREDITCARD,ATLOCATION,PURSE
GAMBLERS,ATLOCATION,BUILDING
CARDCATALOG,ATLOCATION,KITCHEN
FLOUR,ATLOCATION,GROCERYSTORE
BALDEAGLE,ATLOCATION,FLYINGINSKY
FAR,ATLOCATION,ORBIT
COW,ATLOCATION,NEBRASKA
APPLETREE,ATLOCATION,COUNTRY
BALDEAGLE,ATLOCATION,NEWYORK
CARDBOARDBOX,ATLOCATION,SHOESTORE
BEANBAG,ATLOCATION,BEDROOM
COUCH,ATLOCATION,DOCTOR
DIVIDER,ATLOCATION,ROOM
CONTAINER,ATLOCATION,CUPBOARD
CAT,ATLOCATION,MEATLOAF
BALDEAGLE,ATLOCATION,HABITAT
BONE,ATLOCATION,HUMAN
BIRD,ATLOCATION,AIR
HAY,ATLOCATION,STABLE
BLOOD,ATLOCATION,ARTERY
DUMPTRUCKS,ATLOCATION,FREEWAY
GAZELLE,ATLOCATION,NATUREFILMS
ARTCRITIC,ATLOCATION,ARTSHOW
BACKCOURTYARD,ATLOCATION,SUBURBS
DRIFTWOOD,ATLOCATION,SEA
ARTIST,ATLOCATION,CONCERT
BUGLE,ATLOCATION,MUSICSTORE
CHANGINGROOM,ATLOCATION,SCHOOLS
EARTHWORMS,ATLOCATION,GOODGARDENSOIL
HEALTHFOODSTORE,ATLOCATION,SHOPPINGCENTER
ALTO,ATLOCATION,SYMPHONY
DRUGDEALER,ATLOCATION,JAIL
HAIRBRUSH,ATLOCATION,BEDROOM
CORNET,ATLOCATION,MUSEUM
DELICATESSEN,ATLOCATION,MICHIGAN
BOARDINGROOM,ATLOCATION,BOARDINGHOUSE
HAIRCAREARTICLE,ATLOCATION,LADIESPURSE
CALCULATOR,ATLOCATION,MATHCLASS
GAZELLE,ATLOCATION,SAVAN
CANOFBEANS,ATLOCATION,SUPERMARKET
CAT,ATLOCATION,PETSTOREHOME
ANIMAL,ATLOCATION,ZOO
CAT,ATLOCATION,FIGHT
BICYCLE,ATLOCATION,SCHOOLYARD
BINDER,ATLOCATION,BOOKBAG
DELI,ATLOCATION,TOWN
ELIXIR,ATLOCATION,MEDICINECHEST
AISLE,ATLOCATION,GUIDEROPE
COFFEETABLEBOOK,ATLOCATION,TABLE
CLERK,ATLOCATION,HOTEL
BIRDFLYING,ATLOCATION,AIR
HORSE,ATLOCATION,CAROSEL
BANKMACHINE,ATLOCATION,AIRPORT
BALDEAGLE,ATLOCATION,CLOUDS
BLOWFISH,ATLOCATION,PALMTREE
CURB,ATLOCATION,NEXTTOSTREET
FOX,ATLOCATION,BARROW
ANODYNE,ATLOCATION,MEDICINECHEST
BUFFET,ATLOCATION,HOTEL
ARTIFACTS,ATLOCATION,MUSEUM
BOARDINGROOM,ATLOCATION,CITY
APPLETREE,ATLOCATION,FARMYARD
FLOTSUM,ATLOCATION,BEACH
CLOTHES,ATLOCATION,CABINET
BILLIARDSTABLE,ATLOCATION,BAR
ERASERS,ATLOCATION,CABINET
ASS,ATLOCATION,SEA
ARMCHAIR,ATLOCATION,LOUNGE
ARTPIECE,ATLOCATION,MUSEUM
FRYINGPAN,ATLOCATION,KITCHENCABINET
FOX,ATLOCATION,WARREN
CANS,ATLOCATION,PANTRY
COSTUME,ATLOCATION,OPERA
ELECTRICRAZOR,ATLOCATION,WALMART
BORDER,ATLOCATION,PLACEOFWORLD
COLDTAP,ATLOCATION,KITCHEN
DISINFORMATION,ATLOCATION,INTERNET
CHESSBOARD,ATLOCATION,LIBRARY
FRONTCOURTYARD,ATLOCATION,SPAIN
DARKNESS,ATLOCATION,CELLAR
APARTMENT,ATLOCATION,TOWN
BOARDINGROOM,ATLOCATION,HOSTEL
DISPLAYCABINET,ATLOCATION,HIGHSCHOOL
BOULEVARD,ATLOCATION,PARIS
CHIPS,ATLOCATION,MOTHERBOARD
CANDY,ATLOCATION,SHOW
DINNERPLATES,ATLOCATION,CABINET
AIRCONDITIONING,ATLOCATION,ICERINK
BOOKS,ATLOCATION,TABLE
BUSSEAT,ATLOCATION,SCHOOLBUS
DISPOSABLERAZOR,ATLOCATION,TRASH
EVERGREENTREES,ATLOCATION,FOREST
GUMS,ATLOCATION,MOUTH
BUGSPRAY,ATLOCATION,BACKPACK
CHILDSEAT,ATLOCATION,BACKSEATOFCAR
CRAB,ATLOCATION,SHORTS
DUPLEX,ATLOCATION,TOWN
ARCHWAY,ATLOCATION,AQUADUCT
GLUESTICK,ATLOCATION,CRAFTBOX
HEAT,ATLOCATION,BUILDING
DININGROOM,ATLOCATION,TABLETOEATON
CHAIN,ATLOCATION,BICYCLE
GURNEY,ATLOCATION,HOSPITAL
BASSBARITONE,ATLOCATION,OPERACOMPANY
CAT,ATLOCATION,SUNNYWINDOW
CEREALBOWL,ATLOCATION,CHINASHOP
CATS,ATLOCATION,WINDOWSILL
CABBAGE,ATLOCATION,GROCERYSTORE
HAIRCLIP,ATLOCATION,GIRLSHAIR
ARM,ATLOCATION,LANDFILL
BLACKBERRIES,ATLOCATION,REFRIGERATOR
CALENDAR,ATLOCATION,DESKTOP
GIFTSHOP,ATLOCATION,HOTEL
CHEAPBED,ATLOCATION,MOTEL
ALCOHOL,ATLOCATION,FRIDGE
ANTS,ATLOCATION,CUPBOARD
ELECTRICSOCKET,ATLOCATION,WALL
HORSE,ATLOCATION,JOHNWAYNEMOVIE
COUCH,ATLOCATION,CASH'SROOM
BEAVER,ATLOCATION,LOWRIVER
CAT,ATLOCATION,PETSTORE
HANDBELLS,ATLOCATION,CABINET
ENEMIES,ATLOCATION,WAR
ALCOHOL,ATLOCATION,SUPERMARKET
HAPPINESS,ATLOCATION,EYESOFBABY
FRIEND,ATLOCATION,UNEXPECTEDPLACE
CHEESE,ATLOCATION,MOUSETRAP
CEMETERY,ATLOCATION,CITIES
AIRHOSTESS,ATLOCATION,PLANE
CUSTOMSOFFICER,ATLOCATION,AIRPORT
CONDIMENTS,ATLOCATION,CONTAINER
BUSMECHANICS,ATLOCATION,BUSDEPOT
CREDITCARD,ATLOCATION,WAKKET
DOMEARCH,ATLOCATION,CAPITOLBUILDING
CIRCULARROUTE,ATLOCATION,ATLAS
DIRTONFLOOR,ATLOCATION,MOVIES
BOMB,ATLOCATION,ARMY
BEDROOM,ATLOCATION,CANADIANHOME
CORPSES,ATLOCATION,FUNERALPARLOUR
ASTEROIDS,ATLOCATION,UNIVERSE
BAGGAGE,ATLOCATION,AIRPORTS
CARTONOFMILK,ATLOCATION,REFRIGERATOR
CRAB,ATLOCATION,OFFICE
HOCKEYPUCK,ATLOCATION,HOCKEYARENA
DECANTER,ATLOCATION,BAR
DRESSINGROOM,ATLOCATION,CLOTHINGSTORE
BEVERAGESERVICE,ATLOCATION,CAFE
ASTRONAUTS,ATLOCATION,OUTERSPACE
ACRYLIC,ATLOCATION,FACTORY
BOMB,ATLOCATION,ARSENAL
GROOM,ATLOCATION,FRIEND'SWEDDING
COW,ATLOCATION,DAIRYFARM
ACTOR,ATLOCATION,MOVIE
GOLD,ATLOCATION,GOLDMINE
HOLE,ATLOCATION,DONUT
ALOTOFALCOHOL,ATLOCATION,PARTY
BEE,ATLOCATION,FLOWERORHIVE
HORSE,ATLOCATION,UNCLEBOB'SBARN
BRIDEANDGROOM,ATLOCATION,WEDDING
CHARACTER,ATLOCATION,NOVEL
BILLS,ATLOCATION,MAILBAGS
CRIMINAL,ATLOCATION,PRISON
ALCOHOL,ATLOCATION,FRATERNITYHOUSE
BETTINGBOOTH,ATLOCATION,RACETRACK
ARCH,ATLOCATION,ST
CLIPBOARD,ATLOCATION,CLASSROOM
HEIFER,ATLOCATION,4H
BROKENTOASTER,ATLOCATION,REPAIRSHOP
CUT,ATLOCATION,FINGER
BUNGALOW,ATLOCATION,BED
BRIDGE,ATLOCATION,TEXAS
FARMANIMALS,ATLOCATION,COUNTRYSIDE
FOOD,ATLOCATION,SHOP
ERECTORSET,ATLOCATION,TOYSTORE
FOX,ATLOCATION,LAIR
CLOSETGNOMES,ATLOCATION,CLOSET
CUP,ATLOCATION,KITCHEN
CRUSHEDSHELLS,ATLOCATION,BEACH
CARDPLAYING,ATLOCATION,PARTY
FORK,ATLOCATION,DRAWER
FASTENERBINDER,ATLOCATION,HARDWARESTORE
ENVELOPES,ATLOCATION,CABINET
CANDY,ATLOCATION,MOVIES
COMPUTER,ATLOCATION,SCHOOL
BUSCOINSLOT,ATLOCATION,BUSFAREBOX
AIRCONDITIONER,ATLOCATION,HOUSE
BIGSPEAKERS,ATLOCATION,CONCERT
BEAVER,ATLOCATION,GREATOUTDOORS
COW,ATLOCATION,VILLAGE
CRASHCYMBAL,ATLOCATION,DUMSET
BLOWFISH,ATLOCATION,JUNGLE
FEATHER,ATLOCATION,BIRDCAGE
BUTTERFLIES,ATLOCATION,MEADOW
FASTFOODCHAIN,ATLOCATION,TOWN
CAT,ATLOCATION,BE
APPLETREE,ATLOCATION,GREATOUTDOORS
HEIFER,ATLOCATION,COUNTYFAIR
ANEMONE,ATLOCATION,POT
EXCITEMENT,ATLOCATION,LIBRARY
FOOD,ATLOCATION,RESTURANT
FLOWERS,ATLOCATION,ANTHOLOGY
BOULEVARD,ATLOCATION,CITYORTOWN
GAZELLEIN,ATLOCATION,DRYCLIMATE
ARM,ATLOCATION,SOCKET
DENTISTOFFICE,ATLOCATION,LOSANGLES
CAT,ATLOCATION,ROOF
AUNTSANDUNCLES,ATLOCATION,RELATIVESHOUSE
FOOTBALLFIELD,ATLOCATION,PLAYERS
HAMSTER,ATLOCATION,HAMSTERWHEEL
GONG,ATLOCATION,TIBET
FOODWRAPPINGS,ATLOCATION,TRASH
DRUMMER,ATLOCATION,DEMONSTRATION
BLOWFISH,ATLOCATION,TROPICALSEA
FUNGUS,ATLOCATION,MOLDYAREAS
FOG,ATLOCATION,WATERFALL
ALBUM,ATLOCATION,CDCASE
CHATTYPEOPLE,ATLOCATION,WATERCOOLER
DRAWER,ATLOCATION,KITCHEN
ALCOHOL,ATLOCATION,DISTILLERY
CHESTERFIELD,ATLOCATION,LIVINGROOM
BANDAGES,ATLOCATION,BATHROOM
FUNGUS,ATLOCATION,LOCKERROOM
ANEMONE,ATLOCATION,DIRTGROWING
FREON,ATLOCATION,FREEZER
GRAPE,ATLOCATION,PICTURE
CANNON,ATLOCATION,PARK
CLOTHESCLOSET,ATLOCATION,MASTERBEDROON
BALLPOINTPEN,ATLOCATION,OFFICEDESK
CLOTH,ATLOCATION,STORE
HORSE,ATLOCATION,COUNTRY
DRINKINGWATER,ATLOCATION,CONTAINER
FRYINGPAN,ATLOCATION,KITCHE
BOX,ATLOCATION,BALLPARK
GAMBLERS,ATLOCATION,CASINO
COMMERCIAL,ATLOCATION,TELEVISION
COFFEBEANS,ATLOCATION,BRAZIL
ADVERTISEMENTS,ATLOCATION,MAILBOX
BALDEAGLE,ATLOCATION,WISCONSIN
BETTORS,ATLOCATION,RACETRACK
BROTHER,ATLOCATION,FAMILY
CAPITAL,ATLOCATION,STATE
HEIFER,ATLOCATION,FARMFIELD
HIGHLIGHTERS,ATLOCATION,CABINET
BOSS,ATLOCATION,BUSINESS
BULLRIDING,ATLOCATION,SHOW
GRAPE,ATLOCATION,SARDINA
CORNERSHOP,ATLOCATION,STREETCORNER
CABLE,ATLOCATION,BACKOFCOMPUTER
BASKET,ATLOCATION,HOMEDECORSTORE
FEET,ATLOCATION,OFFICE
HORSE,ATLOCATION,HERD
BATHSHOWER,ATLOCATION,BATHROOM
GENERALSTORE,ATLOCATION,OLDWEST
DRUG,ATLOCATION,IV
HAIRCAREARTICLE,ATLOCATION,COSMOMAGAZINE
FLOWERS,ATLOCATION,VASE
HEIFER,ATLOCATION,BARBECUE
BALLOON,ATLOCATION,CHILD'SHAND
CAT,ATLOCATION,SHOW
CHARIS,ATLOCATION,MEETING
DRIVER'SLICENSE,ATLOCATION,WALLET
BASSOON,ATLOCATION,ORCHESTRA
BOTTLEOFVODKA,ATLOCATION,FREEZER
BACKROOM,ATLOCATION,BACKOFBUILDING
FRESHFLOWERS,ATLOCATION,FARMER'SMARKET
GARMENTBAG,ATLOCATION,CLOSET
HILL,ATLOCATION,COUNTRYSIDE
COUNTER,ATLOCATION,AUTOPARTSSTORE
GATE,ATLOCATION,BACKYARD
DEBITCARD,ATLOCATION,PURSE
ENTERTAINMENT,ATLOCATION,FAIRGROUNDS
HOLDALL,ATLOCATION,SPACE
CLERKS,ATLOCATION,SHOP
COIN,ATLOCATION,COINPURSE
CORNERSHOP,ATLOCATION,KENTUCKY
EMPTYSOUPCAN,ATLOCATION,TRASH
DRYSTORAGE,ATLOCATION,BUILDING
CORALREEFS,ATLOCATION,WATER
ELECTRICBILL,ATLOCATION,MAILBOX
ANNOYINGPEOPLE,ATLOCATION,THEATER
FERRISWHEEL,ATLOCATION,CARNIVAL
HORSE,ATLOCATION,FARMYARD
FERRET,ATLOCATION,FOREST
CLUBCHAIR,ATLOCATION,GENTLEMAN'SCLUB
EMPTYCANS,ATLOCATION,TRASH
DOLL,ATLOCATION,GIRLSROOM
CALENDARPAD,ATLOCATION,DESKDRAWER
GEORGEBUSH,ATLOCATION,HELL
HOUSE,ATLOCATION,SUBDIVISION
FILM,ATLOCATION,DISNEYLAND
FURNITURE,ATLOCATION,STORE
FOX,ATLOCATION,CALIFORNIA
BUS,ATLOCATION,BIGCITIES
CHAPEL,ATLOCATION,RENO
HORROR,ATLOCATION,DENTIST
COW,ATLOCATION,PETTINGZOO
COLDSTORAGE,ATLOCATION,REFRIGERATOR
DIRT,ATLOCATION,CLOSET
DELI,ATLOCATION,MALL
CAT,ATLOCATION,STREETS
HIGHRISE,ATLOCATION,STOCKMARKET
HOTAIRBALLOON,ATLOCATION,AIR
DELISTORE,ATLOCATION,TOWN
FORTUNE,ATLOCATION,REALESTATE
BOXBAG,ATLOCATION,PACKINGHOUSE
BASSFIDDLE,ATLOCATION,BAND
BEAVER,ATLOCATION,MAINE
DRAWSTRINGBAG,ATLOCATION,PURSESTORE
FOX,ATLOCATION,ARCTIC
APPLETREE,ATLOCATION,MAINE
BOXOFFICE,ATLOCATION,BALLPARK
BOOKSHOP,ATLOCATION,STUDENTUNION
ANTS,ATLOCATION,COLONY
BEE,ATLOCATION,FARM
FRESHAIR,ATLOCATION,COUNTRYSIDE
EAR,ATLOCATION,PERSON'SHEAD
COACHSEAT,ATLOCATION,AIRLINER
ADVERTISEMENT,ATLOCATION,EMAIL
BOBBYPIN,ATLOCATION,HAIR
ALTARSERVER,ATLOCATION,CHURCH
BOARDGAME,ATLOCATION,CUPBOARD
GAMES,ATLOCATION,CASINO
FUN,ATLOCATION,FRIEND'SHOUSE
BREAD,ATLOCATION,REFRIGERATOR
BEAVER,ATLOCATION,BRASSRAT
BULLET,ATLOCATION,BOX
CANDY,ATLOCATION,MALL
HIGHPRICES,ATLOCATION,ARTSHOW
CLASSROOM,ATLOCATION,UNIVERSITY
BUSINESSPADS,ATLOCATION,CONFERENCE
BEE,ATLOCATION,SKEP
BEAM,ATLOCATION,ROOF
AUTOMATICGATE,ATLOCATION,GATEDCOMMUNITY
BALALAIKA,ATLOCATION,MUSICSTORE
CORD,ATLOCATION,DELIVERYROOM
ENGINE,ATLOCATION,PLANE
GLUE,ATLOCATION,BOTTLE
DIURETIC,ATLOCATION,MEDICINECHEST
FUNHOUSE,ATLOCATION,STATEPARK
ERASERHOLDER,ATLOCATION,OFFICE
BUTTEREDPOPCORN,ATLOCATION,SHOW
ENGLISHCHANNEL,ATLOCATION,ENGLAND
FANS,ATLOCATION,SPORTINGEVENT
FLAT,ATLOCATION,CAR
FOREST,ATLOCATION,OUTDOORS
CENTERPASSAGE,ATLOCATION,THEATER
CRUMBS,ATLOCATION,FLOOR
HAIRPIN,ATLOCATION,LADY'SHEAD
CONMEN,ATLOCATION,CARNIVAL
CABBAGE,ATLOCATION,FREEZER
CLOTH,ATLOCATION,YHECLOSETH
HAIRDRYER,ATLOCATION,HOTELBEDROOM
CLIP,ATLOCATION,DESKDRAWER
BULLET,ATLOCATION,MAGAZINE
CHOCOLATE,ATLOCATION,CANDYSTORE
GUN,ATLOCATION,POLICESTATION
HAT,ATLOCATION,HATRACK
HOTDOGBUNS,ATLOCATION,BREADBOX
HEART,ATLOCATION,HUMANSCHEST
ENTRANCEHALL,ATLOCATION,SCHOOL
BINDER,ATLOCATION,SCHOOLLOCKER
GIFT,ATLOCATION,CHRISTMASTREE
GRAVEYARD,ATLOCATION,CHURCH
ACOUSTICGUITAR,ATLOCATION,FOLKBAND
ALCOHOL,ATLOCATION,PUB
FINGERNAIL,ATLOCATION,FINGER
CHAIR,ATLOCATION,UNIVERSITY
HONEY,ATLOCATION,JAR
HOSPITAL,ATLOCATION,MILITARYBASE
CHESSKNIGHT,ATLOCATION,CHESSTOURNAMENT
CHAIN,ATLOCATION,JEWERLYSTORE
CROSSWALK,ATLOCATION,CITYSTREET
BEANBAGCHAIR,ATLOCATION,DORM
CAFE,ATLOCATION,LONDON
FLY,ATLOCATION,SKY
HEART,ATLOCATION,CADAVER
BOARD,ATLOCATION,BUILDING
DELICATESSEN,ATLOCATION,LARGECITY
CIRCULARROUTE,ATLOCATION,COUNTRY
BRIDGE,ATLOCATION,TOWNOVERRIVER
ALCOHOLIC,ATLOCATION,BAR
COUNTRY,ATLOCATION,ASIA
BOOKSTORE,ATLOCATION,MAGAZINES
BINDER,ATLOCATION,LIBRARY
BEDSHEET,ATLOCATION,BED
HOTROD,ATLOCATION,CARSHOW
HISTORYBOOK,ATLOCATION,UNIVERSITY
BASEBALLFANS,ATLOCATION,BALLPARK
COW,ATLOCATION,FAIRYTALE
DEADANIMAL,ATLOCATION,FREEWAY
CANNON,ATLOCATION,PIRATESHIP
DESK,ATLOCATION,MOTEL
FIRSTAIDKIT,ATLOCATION,TRUNK
GOURMETSHOP,ATLOCATION,DEPARTMENTSTORE
BBQ,ATLOCATION,RESTAURANT
HOMOSEXUAL,ATLOCATION,CLOSET
GAZELLE,ATLOCATION,WILDLIFEREFUGE
FUNGUS,ATLOCATION,SOUP
CHOIRLOFT,ATLOCATION,CHURCH
ARMOIRE,ATLOCATION,HOUSE
FUNGUS,ATLOCATION,MOISTPLACES
CARDCASE,ATLOCATION,CASINO
FUNGUS,ATLOCATION,HOLLOWLOG
BAG,ATLOCATION,MARKET
BUSSES,ATLOCATION,BUSDEPOT
BRIDEANDGROOM,ATLOCATION,FRIEND'SWEDDING
BOXOFPLANTS,ATLOCATION,WINDOWSILL
FOOD,ATLOCATION,MOUTH
BOOK,ATLOCATION,SATCHEL
DOGGIE,ATLOCATION,BED
BIRD,ATLOCATION,NEST
CHARACTER,ATLOCATION,PLAYINPLAY
COOKIES,ATLOCATION,JAR
CHESSROOKIN,ATLOCATION,CHESSBOARD
CLOTHES,ATLOCATION,BEDROOM
BEE,ATLOCATION,CLOVER
FICUS,ATLOCATION,GOODHEALTH
CAPTAIN,ATLOCATION,HELMOFSHIP
FIVEANDTENSTORE,ATLOCATION,BOISE
CHESSBOARD,ATLOCATION,PARK
DANCECLUB,ATLOCATION,CITY
DUCK,ATLOCATION,LAKE
AREA51,ATLOCATION,GROOMLAKE
EXAMININGTABLE,ATLOCATION,DOCTOR
BEAVER,ATLOCATION,PENNSLYVANIA
FISHTANK,ATLOCATION,NEIGHBOR'SHOUSE
COLDTAP,ATLOCATION,BAR
BEANBAG,ATLOCATION,HOUSE
FICUS,ATLOCATION,FLORALSHOP
FROZENMEAT,ATLOCATION,FREEZER
FRUIT,ATLOCATION,PLATE
BROKENLAWNMOWER,ATLOCATION,REPAIRSHOP
CONDIMENTS,ATLOCATION,REFRIGERATOR
DRILLFABRIC,ATLOCATION,FABRICSTORE
BALDEAGLE,ATLOCATION,TREETOP
CONTROLROOM,ATLOCATION,STUDIO
BRIDGE,ATLOCATION,DENTALOFFICE
CASTLE,ATLOCATION,GERMANY
GALAXIES,ATLOCATION,OUTERSPACE
FAKEFLOWER,ATLOCATION,DESK
BOBBYPIN,ATLOCATION,BEAUTYPARLOR
EXITTURNSTILE,ATLOCATION,STADIUM
ANEMONE,ATLOCATION,SOUTHPACIFIC
COVER,ATLOCATION,ROOM
GENERALSTORE,ATLOCATION,CENTREOFTOWN
BALDEAGLE,ATLOCATION,SIERRAS
ACCOUNTBOOK,ATLOCATION,BANK
DENTALOFFICE,ATLOCATION,MEDICALCOMPLEZ
DOCUMENTFOLDER,ATLOCATION,FILEDRAWER
ACTORS,ATLOCATION,TELEVISION
APPLETREE,ATLOCATION,TREE
BEAVER,ATLOCATION,LODGE
COUGARS,ATLOCATION,FOREST
COOLINGDEVICE,ATLOCATION,GUNBARREL
FICUS,ATLOCATION,FOREST
BRICKROWHOUSE,ATLOCATION,CITYCENTER
FISH,ATLOCATION,UNDERWATER
FIVEANDTENSTORE,ATLOCATION,KANSAS
GLASSESCASE,ATLOCATION,SHIRTPOCKET
HEIFER,ATLOCATION,DAIRYFARM
CHOKER,ATLOCATION,JEWLERYBOX
CLERK,ATLOCATION,AIRPORT
GENTLEMAN,ATLOCATION,CLUB
COAL,ATLOCATION,COALMINE
FRUITINORRATHER,ATLOCATION,TREE
GREENBEANS,ATLOCATION,MOUTH
BAGGAGETRUNK,ATLOCATION,AIRPORT
FOX,ATLOCATION,MOUNTAIN
COW,ATLOCATION,SUNNYPASTURE
DRESSINGROOM,ATLOCATION,THEATRE
CONCRETE,ATLOCATION,CARPET
FUNGUS,ATLOCATION,ROTTINGWOOD
DRILL,ATLOCATION,DENTISTOFFICE
CANAL,ATLOCATION,PANAMA
COFFEEMAKER,ATLOCATION,MOTEL
BELTHIGHWAY,ATLOCATION,LARGECITY
DRILLFABRIC,ATLOCATION,HARDWARESTORE
CHEWINGGUM,ATLOCATION,PURSE
COW,ATLOCATION,SWITZERLAND
BATHROOM,ATLOCATION,HOUSE
BUS,ATLOCATION,COMPUTER
HEIFER,ATLOCATION,CORRAL
COTTAGE,ATLOCATION,MOUNTAINS
FOX,ATLOCATION,WOODEDAREA
FILE,ATLOCATION,FILECABINET
GOLFBALL,ATLOCATION,SUFACEOFMOON
CASHTOKEN,ATLOCATION,PURSE
CAT,ATLOCATION,ROMANCOLLISEUM
CYMBAL,ATLOCATION,DRUMKIT
CAPS,ATLOCATION,DRAWER
BOOTH,ATLOCATION,CONFESSION
CRAB,ATLOCATION,CHEAPMOTEL
FOX,ATLOCATION,HOLLOW
BOTTLEDWATER,ATLOCATION,REFRIGERATOR
CLOTHES,ATLOCATION,DRESSER
HOCKEYFANS,ATLOCATION,HOCKEYGAME
HOMELESSMAN,ATLOCATION,BRIDGE
BLISTER,ATLOCATION,FINGER
DRUGGIES,ATLOCATION,BRIDGE
GARDEN,ATLOCATION,FENCE
HOLDINGBAY,ATLOCATION,LOSTANDFOUND
CASTANETS,ATLOCATION,HANDSOFDANCER
ANIMALS,ATLOCATION,MEADOW
FUNGUS,ATLOCATION,UNWASHEDFEET
FROZENFOODS,ATLOCATION,FRIDGE
BROWNSTONE,ATLOCATION,RING
CAT,ATLOCATION,STORY
FUNGUS,ATLOCATION,SHAPEOFMUSHROOM
GOODS,ATLOCATION,GROCERYSTORE
HORSE,ATLOCATION,OCALAFLORIDA
FOX,ATLOCATION,HAT
GRAPE,ATLOCATION,ART
BRAIN,ATLOCATION,SKULL
BEDROOM,ATLOCATION,DWELLING
DRAWINGROOM,ATLOCATION,HOUSE
FILLINGS,ATLOCATION,MOUTH
ACOUSTICGUITAR,ATLOCATION,FOLKCONCERT
BATTLE,ATLOCATION,BATTLEFIELD
FOX,ATLOCATION,WILD
GOODBEER,ATLOCATION,GERMANY
FASTFOODCHAIN,ATLOCATION,EVERYCITY
CDSBOUGHT,ATLOCATION,HOUSE
CRASH,ATLOCATION,RACETRACK
DESPAIR,ATLOCATION,JAIL
BATHROOM,ATLOCATION,RACETRACK
DISPLAYCABINET,ATLOCATION,FURNITURESTORE
CALCULATOR,ATLOCATION,DESKTOP
DRUGS,ATLOCATION,CONCERT
BURLAP,ATLOCATION,POTATOESHED
AUTOMOBILE,ATLOCATION,SIDEOFROAD
BAGEL,ATLOCATION,BREADBOX
GRAVEYARD,ATLOCATION,CEMETERY
BASEBALLTICKET,ATLOCATION,MAIL
BULLY,ATLOCATION,SCHOOL
BALDEAGLE,ATLOCATION,THERMAL
APPLE,ATLOCATION,FRIDGE
GRAPE,ATLOCATION,KITCHEN
BODY,ATLOCATION,COFFIN
COMPUTERS,ATLOCATION,CUBICLE
CRUSTACEANS,ATLOCATION,OCEAN
FERRET,ATLOCATION,BOX
DRUGS,ATLOCATION,DOCTOR
BRIDGE,ATLOCATION,RIVER
ANTIQUE,ATLOCATION,ATTIC
HOCKEY,ATLOCATION,SPORTINGEVENT
HUBCAPS,ATLOCATION,CARSHOW
COMB,ATLOCATION,BARBERSHOP
GRAINOFSAND,ATLOCATION,BATHINGSUIT
BALDEAGLE,ATLOCATION,EYRIE
COMPASSION,ATLOCATION,HEART
BOOK,ATLOCATION,BEDROOM
FOLDINGDOOR,ATLOCATION,CLOSET
FORSALE,ATLOCATION,SHOP
HALL,ATLOCATION,CONFERENCE
BREAD,ATLOCATION,TOASTER
AIR,ATLOCATION,SPACESHUTTLE
CANOE,ATLOCATION,WATER
ALCOHOL,ATLOCATION,FRIEND'SWEDDING
FOOTSTOOL,ATLOCATION,SHOESHOP
DRILL,ATLOCATION,BASEMENT
BREAK,ATLOCATION,BREADBOX
HANDSANITIZER,ATLOCATION,SCHOOL
BEER,ATLOCATION,BOWLINGALLEY
BASSCLARINET,ATLOCATION,SCHOOLBAND
FASTFOODCHAIN,ATLOCATION,TOWNORCITY
ELEVATOR,ATLOCATION,ELEVATORSHAFT
CONFUSION,ATLOCATION,MIND
DICE,ATLOCATION,BOARDGAME
FISH,ATLOCATION,AQUARIUM
FUEL,ATLOCATION,PLANE
COFFEECUPS,ATLOCATION,OFFICE
DELISTORE,ATLOCATION,MALL
GRAPE,ATLOCATION,CANADA
EXITEMENT,ATLOCATION,HOCKEYGAME
COIL,ATLOCATION,BATH
CORN,ATLOCATION,SILE
GELTOOTHPASTE,ATLOCATION,BATHROOM
BOARDGAME,ATLOCATION,HOME
BEE,ATLOCATION,TRASHCAN
BEER,ATLOCATION,BOAT
FICUS,ATLOCATION,FAMILYROOM
FICUS,ATLOCATION,AGARDEN
GROCERSHOP,ATLOCATION,CENTREOFTOWN
HELICOPTER,ATLOCATION,AIRPORT
BOXOFTISSUES,ATLOCATION,BACKSEATOFCAR
BUS,ATLOCATION,GARAGE
HEART,ATLOCATION,HUMAN
HOSPITAL,ATLOCATION,URBANAREA
BOOKINGOFFICE,ATLOCATION,BOOKIE
CARDCATALOGUE,ATLOCATION,LIBRARY
AUDIENCE,ATLOCATION,SCHOOL
CAT,ATLOCATION,RUBBISHBIN
DROPPEDPENNY,ATLOCATION,STREET
APPLETREE,ATLOCATION,IDAHO
FOODDISH,ATLOCATION,PORCH
ELIVATOR,ATLOCATION,BUILDING
BALDEAGLE,ATLOCATION,ENGRAVINGOFCOIN
FORSALE,ATLOCATION,SHELF
BALALAIKA,ATLOCATION,MOVIEDR
GATE,ATLOCATION,GARDEN
BALCONY,ATLOCATION,NEWORLEANS
DETERGENT,ATLOCATION,BASEMENT
GIANTSQUID,ATLOCATION,BOTTOMOFSEA
CITIZEN,ATLOCATION,COUNTRY
COTTON,ATLOCATION,CLOTHING
CAT,ATLOCATION,FIELD
HEIFER,ATLOCATION,A
EXPENSIVECOFFEE,ATLOCATION,INTERNETCAFE
DRUG,ATLOCATION,CUPBOARD
BRANCHES,ATLOCATION,FOREST
COFFEECUP,ATLOCATION,TRASH
ENGLISHMUFFINS,ATLOCATION,BREADBOX
CALENDARBOOK,ATLOCATION,BRIEFCASE
FERRET,ATLOCATION,WILDS
HAIRPIN,ATLOCATION,BARBERSHOP
GRAPE,ATLOCATION,FRUITDEPARTMENT
HEALTHFOODSTORE,ATLOCATION,TAFU
DISH,ATLOCATION,DINNINGPLATE
FOX,ATLOCATION,FOXHUNT
BEER,ATLOCATION,HOCKEYGAME
BEAVER,ATLOCATION,BOSTON
GNOME,ATLOCATION,LAWN
ACOUSTICGUITAR,ATLOCATION,LESBIANBAR
BEANBAG,ATLOCATION,CHILD'SBEDROOM
BOWL,ATLOCATION,RESTAURANT
CANDLE,ATLOCATION,DARK
ATOMS,ATLOCATION,MOLECULE
CHOPSTICKS,ATLOCATION,ASIA
BLOWFISH,ATLOCATION,CORALREEF
CLOTHESCLOSET,ATLOCATION,GUMS
CHESSQUEEN,ATLOCATION,CHESSSET
HOSE,ATLOCATION,YARD
CRAB,ATLOCATION,INTERTIDALZONE
CHOCOLATE,ATLOCATION,RESTAURANT
FAMILYMEMBERS,ATLOCATION,RELATIVESHOUSE
HOOKER,ATLOCATION,STREETCORNER
HOUNDDOG,ATLOCATION,PORCH
COURTYARD,ATLOCATION,OFFICECOMPLEX
GEL,ATLOCATION,THEATRICALLIGHT
GARDEN,ATLOCATION,GROUND
CAKES,ATLOCATION,OVEN
CARCRASH,ATLOCATION,FREEWAY
BAY,ATLOCATION,COASTALAREA
CONDOM,ATLOCATION,TRASH
CORDS,ATLOCATION,CABINET
CORN,ATLOCATION,CORNFIELD
FORKLIFTIN,ATLOCATION,FACTORY
FUNGUS,ATLOCATION,UNDERROCKS
COIN,ATLOCATION,GROUND
BEAVER,ATLOCATION,KENTUCKY
BOOKSTORE,ATLOCATION,PHONEBOOK
DIAPHRAGM,ATLOCATION,PERSON'SCHEST
GRENADE,ATLOCATION,ARMY
BEE,ATLOCATION,OWNHOMESOMEDAY
COTTON,ATLOCATION,FIELD
BLOWFISH,ATLOCATION,COEAN
CRAB,ATLOCATION,KITCHEN
ANGELFISH,ATLOCATION,AQUARIUM
CARILLON,ATLOCATION,CANBERRA
BAGPIPES,ATLOCATION,SCOTLAND
AMMONIA,ATLOCATION,CABINET
BABYPOO,ATLOCATION,FINGER
GRAINOFSAND,ATLOCATION,BEACH
FOX,ATLOCATION,EARTH
HOTEL,ATLOCATION,TOWN
BROTHERHOOD,ATLOCATION,FRATERNITYHOUSE
DIRT,ATLOCATION,TREE
BEAM,ATLOCATION,GYM
DUST,ATLOCATION,UNSWEPTHOUSE
BARREDROOMS,ATLOCATION,JAIL
FUNGUS,ATLOCATION,ROTTINGLOG
GOODMEAL,ATLOCATION,DINNER
FUNGUS,ATLOCATION,SHOWER
HEATER,ATLOCATION,DWELLING
DETERGENT,ATLOCATION,WASHINGMACHINE
CHAIR,ATLOCATION,DESK
FERRET,ATLOCATION,BADMOOD
FILEGUIDE,ATLOCATION,FILECABINET
HIGHWAY,ATLOCATION,STATE
DUST,ATLOCATION,ROOM
EARTH,ATLOCATION,UNIVERSE
HANGAR,ATLOCATION,PLANE
DATE,ATLOCATION,DRIVEINMOVIE
GAMBLINGADDICT,ATLOCATION,CASINO
BOXOFFICE,ATLOCATION,CINEMAPLEX
BAKEDPOTATOES,ATLOCATION,STEAKHOUSE
BOTTLEOFVODKA,ATLOCATION,RUSSIA
BOOTH,ATLOCATION,CARNIVAL
HORSES,ATLOCATION,RACETRACK
BATHROOM,ATLOCATION,THEATER
EAR,ATLOCATION,SIDEOFHEAD
BALDEAGLE,ATLOCATION,NATURALHABITAT
FLASHLIGHT,ATLOCATION,BACKPACK
GARAGE,ATLOCATION,DOWNTOWN
FIVEANDDIME,ATLOCATION,OLDDAYS
GOLD,ATLOCATION,CHURCH
ARTICHOKEHEARTS,ATLOCATION,JAR
GLASSOFWATER,ATLOCATION,TABLE
CHAIR,ATLOCATION,ROOM
DISK,ATLOCATION,DISKDRIVE
GIRAFFES,ATLOCATION,ZOO
BEAVER,ATLOCATION,MUSEUM
FLOOR,ATLOCATION,TYPEOFROOM
EXCAVATION,ATLOCATION,EGYPT
BUTTER,ATLOCATION,HOMES
FLOWERGIRLS,ATLOCATION,FRIEND'SWEDDING
HEART,ATLOCATION,PERSON
ANEMONE,ATLOCATION,MARSH
BOX,ATLOCATION,PEN
ANTIPYRETIC,ATLOCATION,MEDICINECHEST
HAIRCLIP,ATLOCATION,HAIR
COVER,ATLOCATION,KITCHEN
FOOTPRINT,ATLOCATION,GROUND
GRAPE,ATLOCATION,GRAPEVINE
ACOUSTICGUITAR,ATLOCATION,MUSICSHOP
DEPARTMENTSTORE,ATLOCATION,MALL
CRAB,ATLOCATION,SEYCHELLES
BASKETBALL,ATLOCATION,BASKETBALLGAME
BRASSFAMILY,ATLOCATION,THEATER
HORSE,ATLOCATION,NONURBANAREA
AIR,ATLOCATION,TRAINSTATION
BLEACHERS,ATLOCATION,SOCCERGAME
DORMER,ATLOCATION,ROOF
GARBAGECAN,ATLOCATION,ALLEY
FUNGUS,ATLOCATION,RAINFOREST
COSMICRAYS,ATLOCATION,SUFACEOFMOON
CLASSICCAR,ATLOCATION,GARAGE
FURNITURE,ATLOCATION,FLOOR
ALCOHOL,ATLOCATION,BEER
AIRLOCK,ATLOCATION,SPACESHUTTLE
CARS,ATLOCATION,RACETRACK
BANK,ATLOCATION,MAINSTREET
BENCH,ATLOCATION,RESTAREA
BLOOD,ATLOCATION,VEIN
COFFEETABLE,ATLOCATION,LIVINGROOM
GABLE,ATLOCATION,ROOF
FUNGUS,ATLOCATION,MUSHROOMSOUP
HARMONICA,ATLOCATION,HAND
COMPUTERUSER,ATLOCATION,COPCAR
AUDIENCE,ATLOCATION,SPORTINGEVENT
BIBLE,ATLOCATION,MOTEL
HAIRACCESSORY,ATLOCATION,BATHROOM
DRIVEWAY,ATLOCATION,CITY
ASHES,ATLOCATION,ASHTRAY
BANKER,ATLOCATION,DARKSUIT
BOOKEND,ATLOCATION,BOOKSTORE
HOLE,ATLOCATION,GOLFCOURSE
FOOD,ATLOCATION,SPACESHUTTLE
CORNERGROCERY,ATLOCATION,NEIGHBOURHOOD
GOD,ATLOCATION,IMAGINATION
HALL,ATLOCATION,BUILDING
BONE,ATLOCATION,ANIMAL
CRAB,ATLOCATION,SHALLOWWATER
CARPET,ATLOCATION,RUGSTORE
CHAIRS,ATLOCATION,RACETRACK
BRIDGERAILING,ATLOCATION,CANADA
CITYPARK,ATLOCATION,CITY
COURANT,ATLOCATION,LIQUEUR
ANEMONE,ATLOCATION,REEF
FLOOR,ATLOCATION,HOUSE
HAIR,ATLOCATION,DRAIN
FUEL,ATLOCATION,PETROLSTATION
FARMS,ATLOCATION,COUNTRYSIDE
HAIRPIN,ATLOCATION,BATHROOM
CRAB,ATLOCATION,GALAPAGOS
DROPOFBLOOD,ATLOCATION,HUMANBODY
GENTLEMAN,ATLOCATION,MEN'SROOM
BOARDINGROOM,ATLOCATION,BUILDING
BOOK,ATLOCATION,ANTIQUESTORE
FIRETRUCK,ATLOCATION,AIRPORT
BACKYARD,ATLOCATION,PROPERTY
BASEBALLTICKET,ATLOCATION,TRASHBARRELL
DICTIONARY,ATLOCATION,CLASSROOM
CHESSKING,ATLOCATION,CHECK
ACTIONFIGURE,ATLOCATION,TOYCHEST
EXPLOSIVE,ATLOCATION,WAR
FOOD,ATLOCATION,STORE
CONVICT,ATLOCATION,JAIL
FELT,ATLOCATION,HATSHOP
CLASSROOMCHAIR,ATLOCATION,UNIVERSITY
DECONGESTANT,ATLOCATION,MEDICINECHEST
EXCAVATION,ATLOCATION,QUARRY
BACKGARDEN,ATLOCATION,CITY
DUST,ATLOCATION,CELLAR
BALL,ATLOCATION,GYMNASIUM
AIRPLANE,ATLOCATION,HANGAR
DESK,ATLOCATION,STUDY
APPLETREE,ATLOCATION,FLOWERS
COAL,ATLOCATION,STOCKING
AUTOMOBILES,ATLOCATION,STREET
CAGE,ATLOCATION,ZOO
DEADSQUIRRELS,ATLOCATION,STREET
DOPE,ATLOCATION,CONCERT
HEIFER,ATLOCATION,OREGON
CAT,ATLOCATION,CAT'SBASKET
BEAVER,ATLOCATION,RIVERORSTREAM
FINDTAJMAHAL,ATLOCATION,INDIA
CONTINENTS,ATLOCATION,EARTH
HARMONICA,ATLOCATION,MOUTH
CLASSROOMS,ATLOCATION,SCHOOL
BRICKROWHOUSE,ATLOCATION,CROWDEDCITY
CORONETS,ATLOCATION,CABINET
HEART,ATLOCATION,ARTICHOKE
BIKE,ATLOCATION,GARAGE
CRAB,ATLOCATION,SURF
CHEMICALS,ATLOCATION,CRYSTALMETHLAB
HOCKEYSTICK,ATLOCATION,TOYSTORE
BROADCASTSTUDIO,ATLOCATION,RADIOSTATION
CRAB,ATLOCATION,PACIFICOCEAN
BALDEAGLE,ATLOCATION,TALLTREETOP
FLIES,ATLOCATION,GARBAGE
FUNNY,ATLOCATION,TELEVISION
CORPSE,ATLOCATION,FUNERAL
CANDY,ATLOCATION,DISNEYLAND
CHESSPAWN,ATLOCATION,CHESSGAME
FERRET,ATLOCATION,PETSTORE
EYEGLASSES,ATLOCATION,CASE
BODY,ATLOCATION,BURRIEDINGROUND
GRAPHITE,ATLOCATION,PENCIL
ANIMALS,ATLOCATION,FAIRGROUNDS
BETTING,ATLOCATION,RACETRACK
BOARDGAME,ATLOCATION,HOUSE
ACOUSTICCEILING,ATLOCATION,ROOM
CAN,ATLOCATION,TRASH
ELDERLYPEOPLE,ATLOCATION,HOME
FOOT,ATLOCATION,SHOE
GREENGROCER,ATLOCATION,SUPERMARKET
BACKDROP,ATLOCATION,BACKSTAGE
CANVAS,ATLOCATION,MUSEUM
ARGON,ATLOCATION,CHEMISTRYLAB
DENTALFLOSS,ATLOCATION,BATHROOM
APPLETREE,ATLOCATION,OUTSIDE
BANK,ATLOCATION,TOWN
GAMESANDTOYS,ATLOCATION,SUITCASE
CROSSWALK,ATLOCATION,STREET
CRAB,ATLOCATION,TIDALFLATS
FOOD,ATLOCATION,BOWL
GRAFFITI,ATLOCATION,BUSSTOP
HOMESCHOOL,ATLOCATION,HOME
COLDSTORAGE,ATLOCATION,FREEZER
DRAWSTRINGBAG,ATLOCATION,JEWELRYSTORE
DOORWAY,ATLOCATION,BEDROOM
DESKSANDCHAIRS,ATLOCATION,CLASSROOM
CANSOFPAINT,ATLOCATION,GARAGE
BEE,ATLOCATION,BEEHIVE
BUSSTOP,ATLOCATION,AIRPORT
CATSUP,ATLOCATION,REFRIGERATOR
CEILING,ATLOCATION,LOFT
BONE,ATLOCATION,DOG'SMOUTH
FRONTCOURTYARD,ATLOCATION,MANSION
CANDYBARS,ATLOCATION,DRIVEINMOVIE
COOKIES,ATLOCATION,BOX
AUDITORIUM,ATLOCATION,CROWD
BIGSCREEN,ATLOCATION,DRIVEINMOVIE
CRAB,ATLOCATION,BRINYWATER
CLERKS,ATLOCATION,STORE
CAT,ATLOCATION,CARTOON
HORSE,ATLOCATION,KENTUCKY
DOG,ATLOCATION,RUG
ATLAS,ATLOCATION,COUNTRY
BASS,ATLOCATION,WATER
BEANS,ATLOCATION,JAR
CAT,ATLOCATION,CAR
BALLOONS,ATLOCATION,AIR
DRAWER,ATLOCATION,NIGHTSTAND
CIGARETTE,ATLOCATION,CARTON
CHANGE,ATLOCATION,DRAWER
CLAMPBINDER,ATLOCATION,STORE
DRIVEWAY,ATLOCATION,SUBURB
BEE,ATLOCATION,VINYARD
ANEMONE,ATLOCATION,BUG
ARTEFACT,ATLOCATION,EXCAVATION
BATTEN,ATLOCATION,PIRATESHIP
BEAN,ATLOCATION,BEANBAG
BANANA,ATLOCATION,PANTRY
ENTRANCEHALL,ATLOCATION,HATRACK
ADHESIVEPAD,ATLOCATION,CARPET
CANDY,ATLOCATION,PURSE
GERMAN,ATLOCATION,NEWYORK
FRUITS,ATLOCATION,FRUITBOWLS
BUREAU,ATLOCATION,WASHINGTONDC
COMPUTERUSERS,ATLOCATION,CLASSROOM
FUNGUS,ATLOCATION,DAMPFOREST
CLOTHINGCLOSET,ATLOCATION,MOTEL
FRYINGPAN,ATLOCATION,HOMES
COWORKER,ATLOCATION,WATERCOOLER
ATTACHCASE,ATLOCATION,COURT
CHESSSET,ATLOCATION,LIVINGROOM
COACH,ATLOCATION,SOCCERGAME
DRIVEWAY,ATLOCATION,YARD
BOOKS,ATLOCATION,UNIVERSITY
FLASK,ATLOCATION,COATPOCKET
DIGITALIS,ATLOCATION,MEDICINECHEST
BAT,ATLOCATION,BELFRY
ADDRESSES,ATLOCATION,CABINET
DUFFELBAG,ATLOCATION,TRANSIT
BANDAIDS,ATLOCATION,BACKPACK
CONVERSATION,ATLOCATION,DINNER
EEL,ATLOCATION,WATER
HORSE,ATLOCATION,FENCEDFIELD
BEARS,ATLOCATION,DISNEYLAND
CHIFFONIER,ATLOCATION,HOMEOFFICES
FAXMACHINE,ATLOCATION,WORK
BUILDING,ATLOCATION,URBANAREA
FICUS,ATLOCATION,ORCHARD
BASSBARITONE,ATLOCATION,CHURCHCHOIR
CEREALBOWL,ATLOCATION,CUPBOARD
FARMLAND,ATLOCATION,ILLINOIS
HOTFAUCET,ATLOCATION,SINK
CLOTHINGSHELF,ATLOCATION,CLOSET
ARENA,ATLOCATION,FAIRGROUNDS
DRUM,ATLOCATION,MARCHINGBAND
ACOUSTICCEILING,ATLOCATION,OPERAHOUSE
COUNTRY,ATLOCATION,GREATOUTDOORS
CRUMBS,ATLOCATION,RUG
CHAIR,ATLOCATION,KITCHEN
CANNON,ATLOCATION,WARSHIP
FRISBEE,ATLOCATION,TOYCHEST
GOVERNMENT,ATLOCATION,DEMOCRACY
FELT,ATLOCATION,STORE
DENIM,ATLOCATION,JEANSFACTORY
HARDWARESTORE,ATLOCATION,MINIMALL
BACKGARDEN,ATLOCATION,YARD
BAREROCKANDSNOW,ATLOCATION,TOPOFMOUNTAIN
BEAVER,ATLOCATION,PAIROFPANTS
CHEST,ATLOCATION,ISTANBUL
HOSTILITY,ATLOCATION,WARZONE
CHALKBOARD,ATLOCATION,CLASSROOM
CHUMPARTISTS,ATLOCATION,GALLERYOPENING
DENNISMENACE,ATLOCATION,CORNER
FOREROOM,ATLOCATION,A
BISHOP,ATLOCATION,ROME
ENTRYWAY,ATLOCATION,BUILDING
FROZENFOOD,ATLOCATION,FREEZER
DUST,ATLOCATION,SURFACEOFEARTH
COAL,ATLOCATION,CELLAR
FILES,ATLOCATION,HARDDISK
COMPUTER,ATLOCATION,APARTMENT
FIVEANDTENSTORE,ATLOCATION,CITY
CHAPEL,ATLOCATION,CEMETARY
ADDRESSLABEL,ATLOCATION,PRINTER
CLOTHINGSHELF,ATLOCATION,WARDROBE
DOGBEGGING,ATLOCATION,TABLE
BLOWFISH,ATLOCATION,FISHTANK
DENTISTOFFICE,ATLOCATION,MAINSTREET
GENTLEMAN,ATLOCATION,MEETING
CHANNEL,ATLOCATION,TELEVISION
ANEMONE,ATLOCATION,WOODS
CANOPENER,ATLOCATION,KITCHEN
DIAPHRAGM,ATLOCATION,VALVE
COW,ATLOCATION,PADDOCK
BEAVER,ATLOCATION,COUNTRYSIDE
CAT,ATLOCATION,HOSE
BACKYARD,ATLOCATION,COUNTRY
BARN,ATLOCATION,COUNTRY
FUNGUS,ATLOCATION,DARK
CIGARETTEBUT,ATLOCATION,STREET
FRESHVEGETABLES,ATLOCATION,MARKET
CARDBOARDBOX,ATLOCATION,POSTOFFICE
FICUS,ATLOCATION,SUNNYWINDOW
APPLETREE,ATLOCATION,COUNTRYSIDE
ACTORS,ATLOCATION,OPERA
BOUNDARY,ATLOCATION,BASKETBALL
BUSPASS,ATLOCATION,POCKET
BEDPAN,ATLOCATION,HOSPITAL
HEADLINE,ATLOCATION,NEWSPAPER
FRENCHHORN,ATLOCATION,MUSICCLASS
BROKENGLASS,ATLOCATION,BRIDGE
GREENPEPPERS,ATLOCATION,MARKET
BALUSTRADE,ATLOCATION,GRANDBALLROOM
CITYHALL,ATLOCATION,TOWN
CANNABIS,ATLOCATION,AMSTERDAM
CHILDREN,ATLOCATION,BACKSEATOFCAR
COATHANGERS,ATLOCATION,CLOSET
BOSS,ATLOCATION,CONFERENCE
CLOCK,ATLOCATION,STORE
CALENDARBOOK,ATLOCATION,HALLMARKSTORE
FRUITTREES,ATLOCATION,ORCHARD
BISHOP,ATLOCATION,CATHEDRAL
FEATHER,ATLOCATION,CAP
CAT,ATLOCATION,CANARYCAGE
BUSHES,ATLOCATION,ROSEGARDEN
FOLDINGCHAIR,ATLOCATION,ROOM
CANNEDPEACHES,ATLOCATION,PANTRY
GIDEON'SBIBLE,ATLOCATION,MOTEL
DOG,ATLOCATION,BED
ACTIONFIGURE,ATLOCATION,THEATER
BEE,ATLOCATION,FLIGHT
ATTENDEES,ATLOCATION,MEETING
HOOK,ATLOCATION,CUPBOARD
GYMNASIUM,ATLOCATION,SPORTSCENTER
BALDEAGLE,ATLOCATION,OUTSIDE
CANNEDFRUIT,ATLOCATION,PANTRY
BUSSHELTER,ATLOCATION,BUSSTOP
FEATHERS,ATLOCATION,PILLOW
BUILDINGBLOCKS,ATLOCATION,TOYSTORE
CLOTHESHANGERS,ATLOCATION,CLOSET
HOTTAP,ATLOCATION,BATHROOMSINK
BACTERIA,ATLOCATION,FINGER
GLUESTICK,ATLOCATION,CLASSROOM
CLOTH,ATLOCATION,CLOSET
CHANNEL,ATLOCATION,EUROPE
FIREHYDRANT,ATLOCATION,STREETCORNER
BOUNCER,ATLOCATION,BAR
DAISY,ATLOCATION,FIELD
ACNE,ATLOCATION,MCDONALDS
CANSOFSOUP,ATLOCATION,CUPBOARD
BAGPIPES,ATLOCATION,SCOTTLAND
CARJACK,ATLOCATION,CABINET
FOX,ATLOCATION,WOODEDAREAS
GLASSOFMILK,ATLOCATION,CAFETERIA
GEEKS,ATLOCATION,INTERNETCAFE
GLOVES,ATLOCATION,CABINET
BALDEAGLE,ATLOCATION,CIACREST
ENTRANCE,ATLOCATION,HOUSE
CRAB,ATLOCATION,COASTALREGION
FUNGUS,ATLOCATION,WETTOWELS
CHECKBOOK,ATLOCATION,DRAWER
FUN,ATLOCATION,FAIRGROUNDS
GARBAGE,ATLOCATION,GARBAGECAN
FIELD,ATLOCATION,SOCCERGAME
GHOSTS,ATLOCATION,ATTIC
FLAG,ATLOCATION,COUNTRY
CASTMEMBERS,ATLOCATION,DISNEYLAND
APPLIANCE,ATLOCATION,HOME
CONCRETEPILONS,ATLOCATION,BRIDGE
COUNCIL,ATLOCATION,CITYHALL
DRIVE,ATLOCATION,PARK
GOD,ATLOCATION,MUSEUM
1976AUDI,ATLOCATION,REPAIRSHOP
COMUTERS,ATLOCATION,SUBWAY
FRIDGEMAGNETS,ATLOCATION,FRIDGE
CORD,ATLOCATION,BACKPACK
FORTUNE,ATLOCATION,COOKIE
CAPITAL,ATLOCATION,COUNTRY
FORK,ATLOCATION,A
BEE,ATLOCATION,BEENESTS
CORAL,ATLOCATION,BOTTOMOFSEA
CAN,ATLOCATION,GROCERYSTORE
CUBICLE,ATLOCATION,BANK
ADDRESSLABEL,ATLOCATION,PARCEL
FIREBOMB,ATLOCATION,CAR
CLOTH,ATLOCATION,CLOTHES
CARSEAT,ATLOCATION,BACKSEATOFCAR
HARDWARESTORE,ATLOCATION,WASHINGTON
FERRET,ATLOCATION,OUTOFDOORS
CLIP,ATLOCATION,TELEVISIONSHOW
BEAVER,ATLOCATION,BEAVERTRAP
BOMBARDON,ATLOCATION,BRASSBAND
APPLETREE,ATLOCATION,NEWHAMPSHIRE
BALDEAGLE,ATLOCATION,HELLSCANYON
CORNERSHOP,ATLOCATION,CORNER
FUNGUS,ATLOCATION,COMPOSTHEAP
FUNGUS,ATLOCATION,ROTTONLOG
GAYPEOPLE,ATLOCATION,CLOSET
APPLETREE,ATLOCATION,FARMTOWN
CITYHALL,ATLOCATION,TOWNS
FITTINGROOM,ATLOCATION,WALMART
ACTIONFIGURE,ATLOCATION,TOYDEPARTMENT
ASTRONAUT,ATLOCATION,SPACESTATION
ANTIDOTE,ATLOCATION,MEDICINECHEST
DENTISTOFFICE,ATLOCATION,TOWN
COUNTRY,ATLOCATION,GLOBEMAP
COMPUTERS,ATLOCATION,POSTOFFICE
EXCAVATION,ATLOCATION,UNDERGROUND
HORSE,ATLOCATION,OUTSIDE
BOXESOFSTUFF,ATLOCATION,BASEMENT
CHESSPIECE,ATLOCATION,TOYCHEST
FICUS,ATLOCATION,GARDENSHOP
CANNEDFRUITS,ATLOCATION,JAR
FOSSILS,ATLOCATION,MUSEUM
GARDEN,ATLOCATION,YARD
CABARETDANCERS,ATLOCATION,SHOW
COMPUTERS,ATLOCATION,UNIVERSITY
DIRT,ATLOCATION,SUBWAY
BRIEFCASE,ATLOCATION,AIRPORT
BALCONYRAILING,ATLOCATION,NEWORLEANS
BLANKET,ATLOCATION,BEDROOM
CAR,ATLOCATION,HIGHWAY
HAIRCLOTH,ATLOCATION,MONK'SWARDROBE
CRACKERS,ATLOCATION,BREADBOX
HOLDINGBAY,ATLOCATION,WAREHOUSE
HOME,ATLOCATION,FIELD
ANTIQUECARS,ATLOCATION,CARSHOW
ANIMAL,ATLOCATION,NORTHAMERICA
CONTENTS,ATLOCATION,CONTAINER
CALCULATOR,ATLOCATION,OFFICE
BANK,ATLOCATION,MALL
EMERGENCYKIT,ATLOCATION,BASEMENT
DRESSINGROOM,ATLOCATION,GYM
CONDO,ATLOCATION,MILWAUKEE
APPLES,ATLOCATION,FRIDGE
FICUS,ATLOCATION,FLORIDA
HITMEN,ATLOCATION,PRISON
COTTON,ATLOCATION,COTTONFIELD
DOUGHNUTS,ATLOCATION,STORE
FOODCAN,ATLOCATION,PANTRY.L
FUNGUS,ATLOCATION,MUSHROOMPIZZA
GRAVE,ATLOCATION,FUNERAL
CALENDARBOOK,ATLOCATION,ROOM
HIGHRISE,ATLOCATION,SANFRANCISCO
HOCKEYPUCK,ATLOCATION,GOALIE'SGLOVE
GUARDDOG,ATLOCATION,MILITARYBASE
ELK,ATLOCATION,MEADOW
APPLETREE,ATLOCATION,TREENURSERY
CRAB,ATLOCATION,FANCYRESTAURANT
CHESSKING,ATLOCATION,CHESS
CANDLE,ATLOCATION,BIRTHDAYCAKE
CARNEYS,ATLOCATION,CARNIVAL
CHILDREN,ATLOCATION,CAR
CHURCH,ATLOCATION,TOWN
DIRTYDISHES,ATLOCATION,SON'SROOM
FICUS,ATLOCATION,BIGPLANTER
BIKINIBABES,ATLOCATION,BOAT
FOX,ATLOCATION,BOX
ELECTRICRAZOR,ATLOCATION,MAN'SSUITCASE
APPLE,ATLOCATION,GREENGROCER
APPLETREE,ATLOCATION,DIRT
AUTOMOBILE,ATLOCATION,RACETRACK
FOX,ATLOCATION,GREATOUTDOORS
HALLWAY,ATLOCATION,HOUSE
DOGFISH,ATLOCATION,SEA
FICUS,ATLOCATION,GREENHUSE
HORSE,ATLOCATION,FRONTOFCART
COBWEBS,ATLOCATION,ATTIC
FIELD,ATLOCATION,COUNTRY
CLOCK,ATLOCATION,DEPARTMENTSTORE
BREAD,ATLOCATION,DINNER
FOODSTORE,ATLOCATION,SHOPPINGCENTER
COMPUTERS,ATLOCATION,OFFICE
ANTELOPES,ATLOCATION,AMERICANWEST
GALAXIES,ATLOCATION,UNIVERSE
BOTTOM,ATLOCATION,WATER
ARM,ATLOCATION,HUMAN
BARBECUE,ATLOCATION,AUSTRALIA
CAT,ATLOCATION,ROME
GAZELLE,ATLOCATION,UGANDA
BEETROOTPICKLE,ATLOCATION,JAR
FUNGUS,ATLOCATION,FORESGT
COUNTRYMEN,ATLOCATION,COUNTRY
EMPTINESS,ATLOCATION,SPACE
BIDET,ATLOCATION,HOTEL
DUST,ATLOCATION,FREEWAY
BLEACHERS,ATLOCATION,BASEBALLSTADIUM
CHAIN,ATLOCATION,MOTORBIKE
FICUS,ATLOCATION,BOSS'SOFFICE
HANGARS,ATLOCATION,CLOSET
CHECK,ATLOCATION,DESKINLOBBBY
GARTERS,ATLOCATION,DRAWER
GENERALSTORE,ATLOCATION,CHECKERS
BEDSHEET,ATLOCATION,BEDROOM
FOOT,ATLOCATION,GRAVE
DELIRESTAURANT,ATLOCATION,SHOPPINGCENTER
DUNGEON,ATLOCATION,BASEMENT
GRAVEYARD,ATLOCATION,CHURCHYARD
CRAB,ATLOCATION,PACIFICFOCEAN
BEAVER,ATLOCATION,BOOK
CAT,ATLOCATION,MILKYWAYGALAXY
FOYER,ATLOCATION,MANSION
CLASS,ATLOCATION,CONFERENCE
FAITH,ATLOCATION,SYNAGOGUE
COFFEE,ATLOCATION,SUPERMARKET
BEACHUMBRELLA,ATLOCATION,BEACH
CUCUMBER,ATLOCATION,FARMER'SMARKET
CEREALBOWL,ATLOCATION,KITCHENCABINET
FLUTE,ATLOCATION,ORCHESTRA
DETRITIS,ATLOCATION,BOTTOMOFSEA
BOOKS,ATLOCATION,DESK
DEADLEAVES,ATLOCATION,TREE
DRUNK,ATLOCATION,PARK
BIRDS,ATLOCATION,TOPOFMOUNTAIN
DISK,ATLOCATION,CDPLAYER
HAIRDRYER,ATLOCATION,BEAUTYSALON
DISPLAYADS,ATLOCATION,NEWSPAPER
BUILDING,ATLOCATION,TOWN
FICUS,ATLOCATION,PUBLICBUILDING
CEMETERY,ATLOCATION,POPULATEDAREA
CURLINGIRON,ATLOCATION,DRAWER
CONDO,ATLOCATION,MOSTCITIES
COUCH,ATLOCATION,RESTAREA
CRAB,ATLOCATION,PETSHOP
AUDIENCE,ATLOCATION,STUDIO
GALLERY,ATLOCATION,PARIS
HEALTHFOODSTORE,ATLOCATION,HIPPIEPLACE
HEIFER,ATLOCATION,MORROCO
BLADES,ATLOCATION,FIGURESKATES
EXCITEMENT,ATLOCATION,HOCKEYGAME
CAPTAIN,ATLOCATION,SHIP
GRASSHOPPERS,ATLOCATION,GRASS
COMFORT,ATLOCATION,BED
HORSE,ATLOCATION,COUNTRYSIDE
CANNEDFOODS,ATLOCATION,PANTRY
GLUE,ATLOCATION,SCHOOL
CARPOLISH,ATLOCATION,CABINET
HOMELESSPERSON,ATLOCATION,BUSDEPOT
DRUGDEALER,ATLOCATION,NIGHTCLUB
BOARDGAME,ATLOCATION,DEN
ACORN,ATLOCATION,TREE
HIGHWAY,ATLOCATION,ATLAS
DEODORANT,ATLOCATION,MEDICINECHEST
BATHTUB,ATLOCATION,EXPENSIVEHOTEL
BRICKROWHOUSE,ATLOCATION,CITY
FERRET,ATLOCATION,BADMOOK
CRAB,ATLOCATION,CHINESEMARKET
BUTTERFLY,ATLOCATION,AIR
DESIGNS,ATLOCATION,RUG
DANDELIONS,ATLOCATION,LAWN
CRIMINAL,ATLOCATION,JAIL
CHARACTER,ATLOCATION,DISNEYLAND
FUNGUS,ATLOCATION,DAMPBATHROOM
COMPUTER,ATLOCATION,DEMONSTRATION
BLOWFISH,ATLOCATION,JAPANESEKITCHEN
FORTUNETELLER,ATLOCATION,FAIR
CHECKBOOKHOLDER,ATLOCATION,POCKET
FABRIC,ATLOCATION,CLOTHINGSTORE
HOTTIN,ATLOCATION,ROOF
EGINE,ATLOCATION,CAR
AIRTICKET,ATLOCATION,ENVELOPE
FERRET,ATLOCATION,TEENAGER'SROOM
HANDLUGGAGE,ATLOCATION,USE
BIRDBATH,ATLOCATION,LAWN
FINGER,ATLOCATION,GLOVE
DRUNKSTUDENTS,ATLOCATION,UNIVERSITY
ACCOMODATION,ATLOCATION,MOTEL
CHESSBOARD,ATLOCATION,ROOM
APPLETREE,ATLOCATION,ARBORITUM
ADHESIVEBANDAGE,ATLOCATION,PHARMACY
HOIST,ATLOCATION,MARINA
CRAWLSPACE,ATLOCATION,CLOSET
CONTROLROOM,ATLOCATION,NUCLEARPLANT
CONDO,ATLOCATION,SUBURBIA
BOMB,ATLOCATION,PARCEL
CACTI,ATLOCATION,DESERT
CHILDREN,ATLOCATION,DISNEYLAND
DISPOSABLERAZOR,ATLOCATION,GARBAGE
CUFFLINKS,ATLOCATION,SUITCASE
DIFFUSEDLIGHT,ATLOCATION,WATER
APPLESANDGRAPES,ATLOCATION,MARKET
CONCH,ATLOCATION,BEACH
ASPIRIN,ATLOCATION,DESK
CARPET,ATLOCATION,CLOSET
CASTLE,ATLOCATION,ENGLAND
COURTHOUSE,ATLOCATION,MICHIGAN
CREPESUZETTES,ATLOCATION,REFRIGERATOR
ADVERTISEMENTS,ATLOCATION,SOCCERGAME
CANNEDGOODS,ATLOCATION,SUPERMARKET
CRIME,ATLOCATION,JAIL
HOWTODO,ATLOCATION,DEMONSTRATION
BRASSINSTRUMENT,ATLOCATION,SCHOOLBAND
FASTVEHICLES,ATLOCATION,FREEWAY
FICUS,ATLOCATION,TROPICS
BUGLE,ATLOCATION,MILITARYBAND
CONFETTI,ATLOCATION,PARTY
CHECKBOOK,ATLOCATION,DESK
COW,ATLOCATION,FENCE
FOOTBALLFIELD,ATLOCATION,CITY
ANIMAL,ATLOCATION,WOODLAND
BANDUNIFORMS,ATLOCATION,CABINET
HARLEYDAVIDSON,ATLOCATION,UNITEDSTATES
BOOKS,ATLOCATION,LARGECITY
COPYMACHINE,ATLOCATION,LIBRARY
FORESTS,ATLOCATION,STATEPARK
GUNS,ATLOCATION,ROADBLOCK
FERRET,ATLOCATION,FIELD
CATALOGUE,ATLOCATION,BOOKSTORE
COOKIES,ATLOCATION,MOUTH
CAR,ATLOCATION,RACETRACK
CRAB,ATLOCATION,FISHRESTAURANT
CORRECTIONFLUID,ATLOCATION,OFFICEBUILDING
FURNITURE,ATLOCATION,RUG
CREEK,ATLOCATION,FOREST
BED,ATLOCATION,BASEMENT
HEDGE,ATLOCATION,COUNTRYSIDE
CANOFPEAS,ATLOCATION,GROCERYSTORE
AUTOMOBILE,ATLOCATION,STREET
CLOTH,ATLOCATION,TABLE
DRIEDUPFOOD,ATLOCATION,TABLE
APPLETREE,ATLOCATION,SPAIN
HORSE,ATLOCATION,NEWHAMPSHIRE
GOVERNMENT,ATLOCATION,CAPITOLBUILDING
BEAVER,ATLOCATION,NEWJERSEY
GRANDMOTHER,ATLOCATION,RELATIVESHOUSE
BLACHOLE,ATLOCATION,UNIVERSE
ASSIGNMENTS,ATLOCATION,WORK
CASHREGISTER,ATLOCATION,TOYSTORE
CHESSPAWN,ATLOCATION,ROWOFCHESSPAWNS
DIAPHRAGM,ATLOCATION,WOMAN'SBODY
BIRD,ATLOCATION,CAGE
GUM,ATLOCATION,SIDEWALK
BEERKEG,ATLOCATION,FRATERNITYHOUSE
COAT,ATLOCATION,BACKPACK
ELECTRICFAN,ATLOCATION,HOTHOUSE
ATTIC,ATLOCATION,HOME
HEART,ATLOCATION,ANIMAL
COUNTYHIGHWAY,ATLOCATION,MAP
FUNGUS,ATLOCATION,HUMIDCLIMATE
CODEINE,ATLOCATION,MEDICINECHEST
APIROFSHOES,ATLOCATION,BOX
BOXES,ATLOCATION,GARAGE
COIL,ATLOCATION,SLINKY
BLOWFISH,ATLOCATION,ASIANRESTAURANT
ACCORDION,ATLOCATION,POLKABAND
CAMERA,ATLOCATION,SUITCASE
DOORWITHLOCK,ATLOCATION,OFFICEBUILDNG
CAGEDANIMAL,ATLOCATION,ZOO
ENVELOPE,ATLOCATION,DESKDRAWER
FAMILYALBUMS,ATLOCATION,RELATIVESHOUSE
BOOGERS,ATLOCATION,NOSE
BAGGAGE,ATLOCATION,ROOM
GAZELLE,ATLOCATION,NAIROBI
CINEASTES,ATLOCATION,FILMFESTIVAL
BEANBAGCHAIR,ATLOCATION,BEANBAGHOUSE
BOWL,ATLOCATION,SINK
HAIRSPRAY,ATLOCATION,HAIR
ENGINE,ATLOCATION,XAR
GARBAGEWASTE,ATLOCATION,DUMP
ANEMONE,ATLOCATION,OCEANSHALLOWS
BOXOFCEREAL,ATLOCATION,MARKET
HAIR,ATLOCATION,COMB
BEAVER,ATLOCATION,FORREST
BOXBAG,ATLOCATION,CATALOG
BAKINGOVEN,ATLOCATION,HOUSE
BARBERSHOP,ATLOCATION,COMMERCIALAREA
BEANBAGCHAIR,ATLOCATION,HOUSE
DRUNKS,ATLOCATION,CONCERT
CONVICTS,ATLOCATION,PRISON
CRAB,ATLOCATION,NORTHSEA
BEAVER,ATLOCATION,OHIO
DRESSINGROOM,ATLOCATION,DEPARTMENTSTORE
GUARANTEES,ATLOCATION,DRAWER
CHESSKNIGHT,ATLOCATION,CLOTHESDRAWER
HOLEPUNCH,ATLOCATION,DESK
FLOORS,ATLOCATION,AIRPORT
CHICKENS,ATLOCATION,FARM
AMERICANS,ATLOCATION,AMERICA
FERRET,ATLOCATION,COUSIN'SHOUSE
FOX,ATLOCATION,RAIN
DATA,ATLOCATION,DATABASE
CANOFSODA,ATLOCATION,LIQUID
DUSTMITES,ATLOCATION,RUG
CANVAS,ATLOCATION,INARTGALLERY
HEIFER,ATLOCATION,OWNMEADOW
ESCALATOR,ATLOCATION,MALL
COW,ATLOCATION,STORYBOOK
ACTIVISTS,ATLOCATION,DEMONSTRATION
ATTACHCASE,ATLOCATION,OFFICE
AUDIENCEMEMBERS,ATLOCATION,AUDITORIUM
CRABIN,ATLOCATION,NET
GOD,ATLOCATION,CHURCH
CANDY,ATLOCATION,DRIVEINMOVIE
CONDOM,ATLOCATION,PHARMACY
FERRET,ATLOCATION,CLASSROOM
COTTAGE,ATLOCATION,RURALAREA
BURLAP,ATLOCATION,HARDWARESTORE
FILE,ATLOCATION,FILINGCABINET
BALDEAGLE,ATLOCATION,MICHIGAN
BAGGAGETRUNK,ATLOCATION,SOCKS
BUREAUCRACY,ATLOCATION,UNIVERSITY
HOLDINGBAY,ATLOCATION,SHIP
BEER,ATLOCATION,BAR
BOXBAG,ATLOCATION,RETAILSTORE
CUP,ATLOCATION,SHELF
FORKLIFT,ATLOCATION,LOADINGDOCK
DOLLAR,ATLOCATION,POCKET
ACNEMEDICATION,ATLOCATION,TUBE
CLASS,ATLOCATION,SCHOOLHOUSE
COOKIES,ATLOCATION,BREADBOX
FOX,ATLOCATION,PENNSLYVANIA
DEMONSTRATION,ATLOCATION,CLASS
BEE,ATLOCATION,STORYBOOK
FOX,ATLOCATION,MEADOW
FOX,ATLOCATION,TAXIDERMYSHOP
CRATER,ATLOCATION,MOON
BOGEYMAND,ATLOCATION,CLOSET
COMPETITORS,ATLOCATION,SPORTINGEVENT
DINER,ATLOCATION,KITCHEN
EXAMTABLE,ATLOCATION,CLASSROOM
COOLINGDEVICE,ATLOCATION,COMPUTER
BELTS,ATLOCATION,SUITCASE
FISH,ATLOCATION,BOAT
COUNTYHIGHWAY,ATLOCATION,COUNTRY
ANEMONE,ATLOCATION,OEAN
BILLBOARD,ATLOCATION,COUNTRYSIDE
CAT,ATLOCATION,CLOSET
CAT,ATLOCATION,FRONTDOOR
COMPUTERMONITOR,ATLOCATION,TABLE
BROOK,ATLOCATION,RURALAREA
FAMILYPICTURES,ATLOCATION,HOME
CINEMA,ATLOCATION,SHOPPINGMALL
CAVE,ATLOCATION,CANYON
GLOVELEATHER,ATLOCATION,HADERDASHERS
GAZELLE,ATLOCATION,GAMEPRESERVE
FOX,ATLOCATION,PIGFARM
BATHROOM,ATLOCATION,FRIEND'SHOUSE
HOSPITALITY,ATLOCATION,HOTEL
CAT,ATLOCATION,COUCH
BATHROOM,ATLOCATION,FLAT
ENTRYWAY,ATLOCATION,GARDEN
ANIMALSINCAGES,ATLOCATION,ZOO
BALDEAGLE,ATLOCATION,PRESIDENT'SSEAL
ATLANTICOCEAN,ATLOCATION,HISTORYBOOKS
HOOK,ATLOCATION,ENDOFLINE
FOUNTAIN,ATLOCATION,ROME
BIAS,ATLOCATION,MURDOCHPRESS
CHECKBOOKCOVER,ATLOCATION,BANK
HAIRBRUSH,ATLOCATION,SUITCASE
FOAM,ATLOCATION,WATERFALL
BEANIEBABY,ATLOCATION,STORE
FRONTROOM,ATLOCATION,MODERNHOUSE
FOLDINGDOOR,ATLOCATION,BEDROOMCLOSET
FIRSTAIDKIT,ATLOCATION,BACKPACK
ARMEDGUARDS,ATLOCATION,MILITARYBASE
FREEFOOD,ATLOCATION,GALLERYOPENING
HATPIN,ATLOCATION,HAT
BROTHER,ATLOCATION,HOUSE
GOAT,ATLOCATION,BARN
FORK,ATLOCATION,NAPKIN
FROZENDINNER,ATLOCATION,FREEZER
CONDOMINIUM,ATLOCATION,COMMUNITY
BENCH,ATLOCATION,STATEPARK
COPWITHRADIO,ATLOCATION,ROADBLOCK
CARROTS,ATLOCATION,MARKET
CRAB,ATLOCATION,REDLOBSTER
DOORKNOB,ATLOCATION,FRONTDOOR
CONDO,ATLOCATION,CITY
CHESSPIECE,ATLOCATION,CHESSSETBOX
CUSTOMER,ATLOCATION,BAR
GAZELLE,ATLOCATION,WILD
CAT,ATLOCATION,URBANSETTLEMENT
BALDEAGLE,ATLOCATION,NORTHWEST
CHERRIES,ATLOCATION,CHERRYPIE
FICUS,ATLOCATION,OLDLADY'SHOME
GOAT,ATLOCATION,PETTINGZOO
FICUS,ATLOCATION,FIELD
CREDITCARDS,ATLOCATION,DRAWER
CITIZENS,ATLOCATION,COUNTRY
ADDRESSLABEL,ATLOCATION,TRASH
COMPUTERS,ATLOCATION,LARGECITY
DEHYDRATEDFOOD,ATLOCATION,SPACESHUTTLE
HEATSOURCE,ATLOCATION,FIRE
BASEBALL,ATLOCATION,PARK
COW,ATLOCATION,PASTUREGRAZING
CLARINET,ATLOCATION,MUSICSTORE
HITLER,ATLOCATION,HELL
FERRET,ATLOCATION,FERRETFARM
CANOE,ATLOCATION,CAMPGROUND
CAT,ATLOCATION,SUNNYWINDOWSILL
DOORWITHLOCK,ATLOCATION,AUTOMOBILE
BAGGAGETRUNKIN,ATLOCATION,BASEMENT
HIGHWAY,ATLOCATION,COUNTRY
AUTOMECHANIC,ATLOCATION,SERVICESTATION
COMICS,ATLOCATION,NEWSPAPER
HAIRACCESSORY,ATLOCATION,DRUGSTORE
BALLBEARING,ATLOCATION,MACHINE
CARPARK,ATLOCATION,MOTEL
COFFEEGROUNDS,ATLOCATION,TRASH
BEAUTY,ATLOCATION,WATERFALL
CUP,ATLOCATION,KITCHENCABINET
GAMEOFCHANCE,ATLOCATION,CARNIVAL
DIVIDER,ATLOCATION,LIVINGROOM
ENGLISHMUSTARD,ATLOCATION,JAR
CABBAGE,ATLOCATION,SUPERMARKET
ACCORDION,ATLOCATION,POLISHWEDDING
COTTON,ATLOCATION,GEORGIA
EDINBURGH,ATLOCATION,SCOTLAND
FABRIC,ATLOCATION,SEWINGROOM
COLDFAUCET,ATLOCATION,SIBERIA
FOOD,ATLOCATION,FAIR
GUARDS,ATLOCATION,MILITARYBASE
DRINK,ATLOCATION,BOTTLE
DIAPHRAGM,ATLOCATION,GASPUMP
CONTROLROOM,ATLOCATION,RECORDINGSTUDIO
FIDDLE,ATLOCATION,ORCHESTRA
APPOINTMENTBOOK,ATLOCATION,BRIEFCASE
BEE,ATLOCATION,HOUSE
BENCH,ATLOCATION,DUGOUT
CRAB,ATLOCATION,EASTERNCOAST
CLOTH,ATLOCATION,BOLT
COIN,ATLOCATION,MOMMY'SPURSE
BOOKENDS,ATLOCATION,SHOP
CHECK,ATLOCATION,MAILYEAHRIGHT
COW,ATLOCATION,MOVIE
DUSTMITES,ATLOCATION,BED
BOOKSHOP,ATLOCATION,BIGCITY
FOX,ATLOCATION,ALASKA
FILLINS,ATLOCATION,MOUTH
GRANITE,ATLOCATION,TOPOFMOUNTAIN
ART,ATLOCATION,GALLERYOPENING
CHESSKING,ATLOCATION,GAMEBOARD
CATWALK,ATLOCATION,FACTORY
FOLDINGDOOR,ATLOCATION,HALLWAY
CONTAINER,ATLOCATION,CLOSET
CAT,ATLOCATION,ANIMALSHOPS
GAUZE,ATLOCATION,BACKPACK
CURTAINS,ATLOCATION,OPERA
COMMUNIONWINE,ATLOCATION,CHURCH
CHINECOTTON,ATLOCATION,CLOTHING
BALDEAGLE,ATLOCATION,EVERGLADES
BASKET,ATLOCATION,KITCHEN
CONDOMINIUM,ATLOCATION,MICHIGAN
ARTIST,ATLOCATION,GALLERYOPENING
BARSTOOL,ATLOCATION,ROW
COMPUTER,ATLOCATION,JETAIRLINER
BEE,ATLOCATION,MOVIE
ELEPHANT,ATLOCATION,INDIA
GAZELLE,ATLOCATION,NIGERIA
GLASSOFMILK,ATLOCATION,MENU
BALDEAGLE,ATLOCATION,MOUTAINS
BACKYARD,ATLOCATION,SUBDIVISION
COW,ATLOCATION,MILKINGSTALL
DRAWER,ATLOCATION,KITCHENCABINET
BOARDROOMS,ATLOCATION,MEETING
HAY,ATLOCATION,FIELD
GOVERNMENT,ATLOCATION,NOWHERE
BATTER,ATLOCATION,BOX
DINER,ATLOCATION,CITY
BIRDS,ATLOCATION,PARK
BATH,ATLOCATION,OWNHOME
BARBIEDOLLS,ATLOCATION,TOYSTORE
COTTAGE,ATLOCATION,COUNTRYSIDE
DESK,ATLOCATION,FURNITURESTORE
DOOR,ATLOCATION,NEIGHBOR'SHOUSE
EXCAVATION,ATLOCATION,DESERT
APPLETREE,ATLOCATION,NORTH
COINPURSE,ATLOCATION,POCKETORHANDBAG
COMPUTER,ATLOCATION,LIBRARY
COURT,ATLOCATION,PUBLICBUILDING
BLANKETS,ATLOCATION,DRAWER
BOOKENDS,ATLOCATION,SHELF
BUBBLEGUM,ATLOCATION,POCKET
ERASER,ATLOCATION,PENCILBOX
BUGS,ATLOCATION,WATER
CARPET,ATLOCATION,TABLE
HORSE,ATLOCATION,SPAIN
CAT,ATLOCATION,PAPERBAG
BALLS,ATLOCATION,GYM
GREENBEANS,ATLOCATION,FARMER'SMARKET
CARNIES,ATLOCATION,FAIRGROUNDS
DUSTBIN,ATLOCATION,CUPBOARD
FLOTATIONGEAR,ATLOCATION,BOAT
CLUTCHBAG,ATLOCATION,LIPSTICK
DINNERPLATE,ATLOCATION,TABLE
CHEFSPECIAL,ATLOCATION,DINER
DEADTREES,ATLOCATION,FOREST
GRAPE,ATLOCATION,SEASON
DEODORANT,ATLOCATION,SPRAY
COFFEECUP,ATLOCATION,DESK
BUS,ATLOCATION,NEWYORK
DRUNKPEOPLE,ATLOCATION,BAR
BROTHER,ATLOCATION,MONESTARY
BROOK,ATLOCATION,COUNTRYSIDE
BROWNSTONE,ATLOCATION,BROOKLYN
CARROTS,ATLOCATION,SALAD
BOTTLEDWATER,ATLOCATION,BACKPACK
ASTRANAUTS,ATLOCATION,SPACESHUTTLE
CHINECOTTON,ATLOCATION,FIELD
BEERCOMMERCIAL,ATLOCATION,TELEVISION
FOX,ATLOCATION,ENGLISHHUNT
EPINEPHRINE,ATLOCATION,MEDICINECHEST
BELLHOP,ATLOCATION,ATHOTEL
CARRIERBAG,ATLOCATION,POSTOFFICE
ASSHOLES,ATLOCATION,WASHINGTOND.C
DISPOSABLERAZOR,ATLOCATION,BATHROOM
CHATROOM,ATLOCATION,INTERNETCAFE
HOMEOWNER,ATLOCATION,HOME
CANNEDFOOD,ATLOCATION,GROCERYSTORE
HOOKS,ATLOCATION,CABINET
BALLPOINTPEN,ATLOCATION,DESKDRAWER
FICUS,ATLOCATION,PLANTSTORE
BAGEL,ATLOCATION,BAKERY
DEBRIS,ATLOCATION,OUTERSPACE
CHESSROOK,ATLOCATION,CHESSSET
BAZAAR,ATLOCATION,ASIA
FEATHER,ATLOCATION,BIRDS
AUDIENCE,ATLOCATION,STADIUM
BLOWFISH,ATLOCATION,LISTOFFISH
DENTALFLOSS,ATLOCATION,DRUGSTORE
GRAPEFRUIT,ATLOCATION,SUPERMARKET
DANCER,ATLOCATION,CARNIVAL
CARPETING,ATLOCATION,ISTANBUL
GAMES,ATLOCATION,PARTY
CANDLE,ATLOCATION,CANDLESTORE
EDITORIALS,ATLOCATION,NEWSPAPER
EGG,ATLOCATION,BIRD'SNEST
COW,ATLOCATION,MILKINGBARN
FILEPROJECTOR,ATLOCATION,MOVIE
BEERMUG,ATLOCATION,DRUNKSHAND
CANNEDGOODS,ATLOCATION,PANTRY
FRONTGARDEN,ATLOCATION,URBANAREA
BEAM,ATLOCATION,CEILING
BEAVER,ATLOCATION,WOODLANDPOND
CELLAR,ATLOCATION,BASEMENT
CRAB,ATLOCATION,BEACHSAND
BOTTLE,ATLOCATION,MEDICINECABINET
AMERICANFLAG,ATLOCATION,MOON
DOGGIEDOO,ATLOCATION,RUG
BED,ATLOCATION,ROOM
BLOODANDGUTS,ATLOCATION,WAR
CONNECTION,ATLOCATION,COMPUTERNETWORK
DOMEARCH,ATLOCATION,CAPITALBUILDING
CLOWN,ATLOCATION,CARNIVAL
CRIMINALS,ATLOCATION,POLITICS
BELLHOP,ATLOCATION,HOTEL
COW,ATLOCATION,PASTUR
FLOWERS,ATLOCATION,TABLE
DIRT,ATLOCATION,CORNER
GIFT,ATLOCATION,SHOP
APPLETREE,ATLOCATION,RHODEISLAND
CANSOFFOOD,ATLOCATION,CUPBOARD
BALDEAGLE,ATLOCATION,PICTURE
BADGUYS,ATLOCATION,JAIL
HEIFER,ATLOCATION,FARMENVIRONMENT
BRIDGE,ATLOCATION,MADISSONCOUNTY
CASKETS,ATLOCATION,FUNERAL
EXPECTORANT,ATLOCATION,MEDICINECHEST
BARBECUES,ATLOCATION,PARK
FANCYDRESSES,ATLOCATION,BALLROOM
HIGHLIGHTER,ATLOCATION,OFFICEDRAWER
DESKTRAY,ATLOCATION,DORMROOM
CARDBOARD,ATLOCATION,CARTON
BEE,ATLOCATION,HONEYFACTORY
CLOTH,ATLOCATION,FABRICSTORE
CANNEDGOODS,ATLOCATION,CABINET
FIGURINES,ATLOCATION,CABINET
COCKTAILCABINET,ATLOCATION,BADCASINO
ACTOR,ATLOCATION,SHOW
FUR,ATLOCATION,DEPARTMENTSTORE
BATTLE,ATLOCATION,MOVIE
COLLEGE,ATLOCATION,BIGTOWN
BEAVER,ATLOCATION,FURTRAP
DRUNKPERSON,ATLOCATION,BAR
ACTIONFIGURE,ATLOCATION,TOYSTORE
FIRE,ATLOCATION,HOUSE
EXPENSIVERING,ATLOCATION,FINGER
HILL,ATLOCATION,PARK
CAT,ATLOCATION,CLEANLAUNDRY
AMUSEMENT,ATLOCATION,MOVIES
GREETINGCARDS,ATLOCATION,CABINET
CHAIRS,ATLOCATION,FRIEND'SHOUSE
APPLETREE,ATLOCATION,FALL
BACKGARDEN,ATLOCATION,BACKYARD
BATHROOM,ATLOCATION,MOTEL
HORSE,ATLOCATION,MONTREAL
ELECTRICSOCKET,ATLOCATION,HARDWARESTORE
APPLETREE,ATLOCATION,WASHINGTONSTATE
BRIDGE,ATLOCATION,RIVERVALLEY
CLOTHES,ATLOCATION,CLOTHINGSTORE
ARSONISTS,ATLOCATION,JAIL
COUPLESONDATE,ATLOCATION,DRIVEINMOVIE
BENTHICFEEDERS,ATLOCATION,BOTTOMOFSEA
CHAPEL,ATLOCATION,CHURCH
APPLECOMPUTER,ATLOCATION,BUILDING
FOX,ATLOCATION,SOUTHCAROLINA
CHINADISHES,ATLOCATION,CABINET
GREETING,ATLOCATION,FRONTDOOR
BOARDGAME,ATLOCATION,TOYSTORE
BELONGINGS,ATLOCATION,HOUSE
BOOK,ATLOCATION,BOOKSHELF
DEADBODY,ATLOCATION,FUNERAL
BAT,ATLOCATION,DUGOUT
DIRT,ATLOCATION,DESK
CAT,ATLOCATION,TABLE
DIRTYLAUNDRY,ATLOCATION,BEDROOM
DININGAREA,ATLOCATION,CRUISESHIP
CHESSROOK,ATLOCATION,CHESSBOARD
CANAL,ATLOCATION,VENICE
FILINGBOX,ATLOCATION,SECRETARY'SCUBE
EYE,ATLOCATION,EYESOCKET
BLOWFISH,ATLOCATION,FISH
DIAPHRAGM,ATLOCATION,DRUGSTORE
DISPOSABLERAZOR,ATLOCATION,SUPERMARKET
FAITH,ATLOCATION,CHURCH
FERRET,ATLOCATION,FORREST
FAMILIES,ATLOCATION,FUNERAL
COIL,ATLOCATION,ENGINE
GRAPE,ATLOCATION,WINEPRESS
BEDSTAND,ATLOCATION,BEDROOM
EXHIBITOR,ATLOCATION,CARSHOW
AIRPORT,ATLOCATION,CITY
CASH,ATLOCATION,CHECKSTAND
DANGER,ATLOCATION,ROADBLOCK
FICUS,ATLOCATION,BOOK
HAWAIINMUSTARD,ATLOCATION,JAR
FUNGUS,ATLOCATION,ATHLETE'SFOOT
FOUNTAINPEN,ATLOCATION,PERSONSPOCKET
COFFEECUPS,ATLOCATION,CONFERENCE
BALLBEARING,ATLOCATION,CAN
DRYCLOTHING,ATLOCATION,BACKPACK
FRIENDS,ATLOCATION,FRIEND'SHOUSE
BUSINESSCARDS,ATLOCATION,BOX
ELEPHANTS,ATLOCATION,ZOO
CAGES,ATLOCATION,ZOO
FERRISWHEEL,ATLOCATION,FAIRGROUNDS
COW,ATLOCATION,CALIFORNIA
BALDEAGLE,ATLOCATION,RESEARVE
GROUPIES,ATLOCATION,CONCERT
GYMBARS,ATLOCATION,GYM
APPLE,ATLOCATION,HOUSE
BROMINE,ATLOCATION,CHEMISTRYLAB
BAGGAGECART,ATLOCATION,AIRPORT
ADDRESS,ATLOCATION,TELEPHONEBOOK
BAGELS,ATLOCATION,BREADBOX
CARBON,ATLOCATION,ORGANICMATTER
DARKNESS,ATLOCATION,MOVIES
FOLDINGCHAIR,ATLOCATION,MEETINGHALL
HEALTHFOODSTORE,ATLOCATION,SHOPPINGMALL
CLOSET,ATLOCATION,HOUSE
DENTALRECORDS,ATLOCATION,DENTIST
DININGAREA,ATLOCATION,RESTAURANT
DRIEDFRUIT,ATLOCATION,GROCERYSTORE
ALTO,ATLOCATION,CHOIR
DECORATIONS,ATLOCATION,PARTY
GIDEONBIBLE,ATLOCATION,ATHOTEL
COOKING,ATLOCATION,OVENFOODWHICH
BAGPIPES,ATLOCATION,PAIN
CANOE,ATLOCATION,STREAM
CHOKER,ATLOCATION,PRISON
FICUS,ATLOCATION,LOBBY
CASHREGISTER,ATLOCATION,SHOP
GAMEOFDODGEBALL,ATLOCATION,GYMNASIUM
FEMALE,ATLOCATION,BED
BALDEAGLE,ATLOCATION,SOUTHLAKETAHOE
BEANBAGCHAIR,ATLOCATION,DEN
FLOUR,ATLOCATION,CABINET
CANDLES,ATLOCATION,MALL
CRAB,ATLOCATION,POT
COFFEETABLE,ATLOCATION,SOMEONESHOUSE
FUNGUS,ATLOCATION,EARTH
HAIR,ATLOCATION,BARBERSHOP
GENERALSTORE,ATLOCATION,BAKINGSODA
CARTOONS,ATLOCATION,NEWSPAPER
COCKTAILCABINET,ATLOCATION,DININGROOM
FUNGUS,ATLOCATION,DECAYINGWOOD
BASSCLARINET,ATLOCATION,MUSICSTORE
BUNGALOW,ATLOCATION,SUBURB
ANIMALS,ATLOCATION,FAIR
BEAN,ATLOCATION,COOKINGPOT
BUSSTOP,ATLOCATION,URBANAREA
FRYINGPAN,ATLOCATION,GALLEY
AERIALBOMB,ATLOCATION,PLANE
BEAR,ATLOCATION,PARK
BADGER,ATLOCATION,SETT
HAIRFOLLICLE,ATLOCATION,SCALP
COOLINGDEVICE,ATLOCATION,HOUSE
FELT,ATLOCATION,CLOTHES
HOUSE,ATLOCATION,VILLAGE
CAFETERIA,ATLOCATION,SCHOOL
BEAVER,ATLOCATION,COMICS
COTTONFOOTWEAR,ATLOCATION,SOCKDRAWER
CLOTHINGSTORE,ATLOCATION,OHIO
BREADBAG,ATLOCATION,BREADBOX
BLANKET,ATLOCATION,BATHSTORE
ARTISTS,ATLOCATION,ARTSHOW
BEAVER,ATLOCATION,BEAVER'SDAM
APPLETREE,ATLOCATION,PENNSYLVANIA
FOX,ATLOCATION,RURALAREA
ANEMONE,ATLOCATION,BIOLOGYBOOK
CATFISH,ATLOCATION,FISHTANK
DUST,ATLOCATION,BUILDING
DICTIONARY,ATLOCATION,TABLE
DISCO,ATLOCATION,HOTEL
FLOWERGARDEN,ATLOCATION,UNIVERSITY
BEAVER,ATLOCATION,MICHIGANRIVER
FOLDINGDOOR,ATLOCATION,DOORWAY
EMPTYSPACE,ATLOCATION,BED
BLOWFISH,ATLOCATION,ROCKBAND
CIGARETTE,ATLOCATION,ASHTRAY
COUCH,ATLOCATION,HOUSE
FRIENDLYSMILE,ATLOCATION,FRONTDOOR
CURBS,ATLOCATION,STREETCORNER
CD,ATLOCATION,MUSICSTORE
GRAPES,ATLOCATION,FRIDGE
BAGGAGE,ATLOCATION,AIRPORT
ENGINES,ATLOCATION,REPAIRSHOP
CONTROLROOM,ATLOCATION,BUILDING
BREAKFAST,ATLOCATION,TABLE
GLASSOFWATER,ATLOCATION,DESK
FRAZZLEDTEACHER,ATLOCATION,CLASS
CITY,ATLOCATION,STATE
COURT,ATLOCATION,PALACE
BRIDGE,ATLOCATION,DENTIST
BUNGALOW,ATLOCATION,HOUSINGESTATE
FOUNTAINPEN,ATLOCATION,DRAWER
ATOMS,ATLOCATION,UNIVERSE
FOODBEINGSERVED,ATLOCATION,PLATE
DOGS,ATLOCATION,HOUSES
FUNGUS,ATLOCATION,DARKDAMPPLACES
CREEK,ATLOCATION,MEADOW
BASSCLARINET,ATLOCATION,OPERAHOUSE
GARDEN,ATLOCATION,BACKYARD
CARRYONBAG,ATLOCATION,LUGGAGESHOP
DROPPEDLEAVES,ATLOCATION,TREE
GARMENTBAG,ATLOCATION,LAUNDROMAT
CANNON,ATLOCATION,WAR
HOTSAUCE,ATLOCATION,JAR
DELIRESTAURANT,ATLOCATION,NEWYORK
EATINGPLACE,ATLOCATION,DININGROOM
COLD,ATLOCATION,OUTERSPACE
COINSLOT,ATLOCATION,LAUNDROMAT
GALLERY,ATLOCATION,DOWNTOWNAREA
CIGARETTEBUTTS,ATLOCATION,ASHTRAY
FOOTBALL,ATLOCATION,ROOF
FILE,ATLOCATION,DRAWER
COMETS,ATLOCATION,UNIVERSE
HORE,ATLOCATION,RACETRACK
BALL,ATLOCATION,BOWLINGALLEY
CRAB,ATLOCATION,TIDEPOOLONBEACH
AIRTICKET,ATLOCATION,AIRLINETERMINAL
BEE,ATLOCATION,BEEHIEV
ENTRANCEWAY,ATLOCATION,BUILDING
HEIFER,ATLOCATION,MILKINGPLANT
FOOT,ATLOCATION,YARD
FROZENPEAS,ATLOCATION,KITCHEN
ANEMONE,ATLOCATION,TIDEPOOL
CLOTHES,ATLOCATION,SUITCASE
CHRISTIANS,ATLOCATION,CATHEDRAL
EARTH,ATLOCATION,SOLARSYSTEM
HEIFER,ATLOCATION,STOCKYARD
CARS,ATLOCATION,CARSUPERMARKET
DUSTBIN,ATLOCATION,UTILITYCLOSET
HOLE,ATLOCATION,SWISSCHEESE
BOWLOFFLOWERS,ATLOCATION,TABLE
FERRET,ATLOCATION,ACTOFRUNNING
DOLLARBILL,ATLOCATION,POCKET
AHY,ATLOCATION,LOFT
GRILL,ATLOCATION,KITCHEN
GUESTSPEAKER,ATLOCATION,DEMONSTRATION
FRIEND,ATLOCATION,FRIEND'SWEDDING
BEACHTOWELS,ATLOCATION,BEACH
BACKYARD,ATLOCATION,YARDS
FOOD,ATLOCATION,TABLE
HAT,ATLOCATION,SUITCASE
BLOWDRYER,ATLOCATION,HOTELBATHROOM
CHANGE,ATLOCATION,SOCKDRAWER
ANGRYSOLDIERS,ATLOCATION,WAR
ALGORE,ATLOCATION,ORBIT
BLACKHOLES,ATLOCATION,OUTERSPACE
BASEBALLFIELD,ATLOCATION,BRONXNEWYORK
CLUE,ATLOCATION,TOYSTORE
ANEMONE,ATLOCATION,MAINE
HELIUM,ATLOCATION,ATMOSPHERE
CHESSBOARD,ATLOCATION,CHESSTOURNAMENT
GLASSES,ATLOCATION,CASE
DENTALOFFICE,ATLOCATION,HOSPITAL
FISHINGBOAT,ATLOCATION,SEA
ANEMONE,ATLOCATION,TIDALBASIN
ANTIQUE,ATLOCATION,TRUNK
COMPUTERS,ATLOCATION,AIRPORT
DIRTYSOCKS,ATLOCATION,GYM
CORNERCUPBOARD,ATLOCATION,DININGROOM
BOXOFFICE,ATLOCATION,CINEMA
GRAPE,ATLOCATION,GRAPEARBOR
CONFUSION,ATLOCATION,QUANDRY
DEGREE,ATLOCATION,UNIVERSITY
GAS,ATLOCATION,LAWNMOWER
CROWD,ATLOCATION,SPORTINGEVENT
DESKCLERK,ATLOCATION,MOTEL
GREYHOUNDDOG,ATLOCATION,RACETRACK
HAIR,ATLOCATION,RUG
CLOTH,ATLOCATION,LINENCLOSET
GLIDER,ATLOCATION,PORCH
CLOTHING,ATLOCATION,HOUSE
BOWL,ATLOCATION,CABINET
DEN,ATLOCATION,HOUSEPLAN
HARDWARESTORE,ATLOCATION,SMALLTOWN
FINGER,ATLOCATION,HAND
CONFETTI,ATLOCATION,CITIES
BAGGAGETRUNK,ATLOCATION,ATTIC
CONCIERGE,ATLOCATION,ATHOTEL
HOLDINGPOINT,ATLOCATION,JOINT
ALCOHOLIC,ATLOCATION,PRISON
GOODS,ATLOCATION,SUPERMARKET
BLANKET,ATLOCATION,HOSPITAL
ALLIGATOR,ATLOCATION,BEACH
BABYCORN,ATLOCATION,JAR
FUNGUS,ATLOCATION,SALAD
HEATINGELEMENT,ATLOCATION,OVEN
GAZELLE,ATLOCATION,OPENFIELD
AIR,ATLOCATION,SKY
BALLBEARING,ATLOCATION,CHURCH
FICUS,ATLOCATION,ECOSPHERE
HEIFER,ATLOCATION,MILKINGBARN
AIRPLANESEAT,ATLOCATION,747
GARBAGEWASTE,ATLOCATION,STREET
FUNGUS,ATLOCATION,TOENAILS
BALDEAGLE,ATLOCATION,ART
DOORMAT,ATLOCATION,FLORIDA
DRESSING,ATLOCATION,REFRIGERATOR
CHAIR,ATLOCATION,RESTAREA
BASSFIDDLE,ATLOCATION,STRINGQUARTET
CARDSWIPE,ATLOCATION,GYM
APPLETREE,ATLOCATION,FRONTYARD
BIKE,ATLOCATION,TOYSTORE
HEADLINES,ATLOCATION,NEWSPAPER
HALFNAKEDHUMANS,ATLOCATION,BEACH
CELLS,ATLOCATION,BODY
BARN,ATLOCATION,FIELD
ANOTHERROAD,ATLOCATION,FORKINROAD
CONNECTION,ATLOCATION,NETWORK
ARCTICSEALS,ATLOCATION,ARCTIC
GOVERNMENT,ATLOCATION,TROUBLE
BOOTHBIMBOS,ATLOCATION,CARSHOW
CORD,ATLOCATION,HARDWARESTORE
FOOD,ATLOCATION,JAIL
CAR,ATLOCATION,NEIGHBOR'SHOUSE
FLOWERS,ATLOCATION,PARK
BOTTLE,ATLOCATION,LIQUORSTORE
BRASSFAMILY,ATLOCATION,MARCHINGBAND
CABLE,ATLOCATION,SWEATERPATTERN
CONCIERGE,ATLOCATION,HOTEL
CONNECTION,ATLOCATION,COMPANY
FROZENVEGTABLES,ATLOCATION,FREEZER
GLASSES,ATLOCATION,CUPBOARD
COFFEE,ATLOCATION,MEETING
FLOOR,ATLOCATION,BUS
GLASSES,ATLOCATION,POCKET
GROOMLAKE,ATLOCATION,NEVADA
AIRPLANESEAT,ATLOCATION,AIRPLANE
DISPOSABLERAZOR,ATLOCATION,TRASHCAN
BEE,ATLOCATION,HAT
BIRD,ATLOCATION,BIRDBATH
COURTHOUSE,ATLOCATION,CITY
EARRING,ATLOCATION,PERSONSEAR
BARN,ATLOCATION,COUNTRYSIDE
BOOK,ATLOCATION,SUITCASE
CEILINGHOOKS,ATLOCATION,CABINET
ADVERTISEMENT,ATLOCATION,MAGAZINE
FISHING,ATLOCATION,STATEPARK
COMMITTEE,ATLOCATION,OFFICEBUILDING
CHECKBOOK,ATLOCATION,DRAW
BOOKSHOP,ATLOCATION,CITY
BUREAU,ATLOCATION,CITY
COURTYARD,ATLOCATION,SPAIN
BALDEAGLE,ATLOCATION,CANADA
BEETLES,ATLOCATION,ROCK
FITTINGROOM,ATLOCATION,DEPARTMENTSTORE
GARBAGEWASTE,ATLOCATION,GARBAGECAN
CAT,ATLOCATION,CURLEDPOSITION
BEAVER,ATLOCATION,BOOKS
CORPSES,ATLOCATION,WAR
HORSE,ATLOCATION,ART
BALDEAGLE,ATLOCATION,HISTORY
HAND,ATLOCATION,POCKET
HAIRBALLS,ATLOCATION,FLOOR
BRIDGE,ATLOCATION,CALIFORNIA
CORNDOGS,ATLOCATION,FAIR
ALGAE,ATLOCATION,SWIMMINGPOOL
ANEMONE,ATLOCATION,MEADOW
FOOTPRINTS,ATLOCATION,RUG
BEE,ATLOCATION,APIARY
BALDEAGLE,ATLOCATION,IOWA
DRINK,ATLOCATION,CUP
BASEBALLTICKET,ATLOCATION,POCKET
GRASS,ATLOCATION,RESTAREA
APPOINTMENTBOOK,ATLOCATION,DESK
CAT,ATLOCATION,PARK
DIRTYRAGS,ATLOCATION,GARAGE
DANGEROUSGASES,ATLOCATION,SEWERS
ADVERTISING,ATLOCATION,NEWSPAPER
DRIFTWOOD,ATLOCATION,OCEAN
DIVIDER,ATLOCATION,STREET
HAMBURGERS,ATLOCATION,BURGERKING
FIGHTERPLANE,ATLOCATION,MILITARYBASE
HAIR,ATLOCATION,BED
COW,ATLOCATION,GRASS
HARMONICA,ATLOCATION,ROCKBAND
CONCEPTCAR,ATLOCATION,CARSHOW
CUPBOARD,ATLOCATION,PANTRY
BREAD,ATLOCATION,SUPERMARKET
FELT,ATLOCATION,TABLE
BANDAID,ATLOCATION,DRUGSTORE
EATMEAL,ATLOCATION,KITCHEN
BENCH,ATLOCATION,BUSDEPOT
CRAB,ATLOCATION,VIRGINAL
GOLD,ATLOCATION,FORTKNOX
CALENDAR,ATLOCATION,DATEBOOK
GUM,ATLOCATION,TRASH
ATTACHCASE,ATLOCATION,EMBASSY
GUEST,ATLOCATION,MOTEL
EQUITY,ATLOCATION,BUILDING
COURTYARD,ATLOCATION,LAWN
ENTRYWAY,ATLOCATION,DEPARTMENTSTORE
COFFEE,ATLOCATION,COFFEESHOP
DIRTYMAGAZINES,ATLOCATION,BED
GRAPHITEPENCIL,ATLOCATION,SCHOOLBAG
CORTISONE,ATLOCATION,MEDICINECHEST
GOAL,ATLOCATION,SOCCERGAME
DESKDRAWER,ATLOCATION,SCHOOL
GENERALSTORE,ATLOCATION,AMERICA
COAST,ATLOCATION,CROATIA
FERRET,ATLOCATION,MOTHER'SHAIR
AUTOMATICGATE,ATLOCATION,HORSEFARM
ANEMONE,ATLOCATION,FLOWERSHOP
BUNCHOFRENTERS,ATLOCATION,APARTMENT
GROUNDCLOTH,ATLOCATION,BACKPACK
DOOR,ATLOCATION,MOTEL
FOUNTAINPEN,ATLOCATION,DESK
BASSOON,ATLOCATION,BAND
BLOWFISH,ATLOCATION,CHINA
FLOUR,ATLOCATION,CUPBOARD
HEMOGLOBIN,ATLOCATION,BLOOD
CANNONBALL,ATLOCATION,CIVILWARMUSEUM
HORSE,ATLOCATION,HISTORY
ADVERTISMENTS,ATLOCATION,BUS
EYE,ATLOCATION,SOMEONESFACE
BACTERIA,ATLOCATION,LAKE
CORN,ATLOCATION,IOWA
CDS,ATLOCATION,RADIOSTATION
CONDOM,ATLOCATION,FOILPACKAGE
HAMBURGER,ATLOCATION,RESTURANT
BAR,ATLOCATION,LASVEGAS
EGGS,ATLOCATION,BIRDNEST
EYEGLASSESCASE,ATLOCATION,BAG
FICUS,ATLOCATION,PLANTINGPOT
BALDEAGLE,ATLOCATION,CAGEATZOO
GLUE,ATLOCATION,DESK
CORKPULLER,ATLOCATION,DRAWER
HOCKEYPUCKS,ATLOCATION,HOCKEYGAME
COMEDYSHOWS,ATLOCATION,TELEVISION
FARMHOUSE,ATLOCATION,RURALAREA
HOTWATERVENTS,ATLOCATION,BOTTOMOFSEA
BIRDDROPPINGS,ATLOCATION,ROOF
ANTIBIOTIC,ATLOCATION,MEDICINECABINET
CONGREGATION,ATLOCATION,SYNAGOGUE
ATHLETE,ATLOCATION,SPORTINGEVENT
BEAVER,ATLOCATION,LAKEORRIVER
COWORKERS,ATLOCATION,WATERCOOLER
CERAL,ATLOCATION,MARKET
COMPUTERS,ATLOCATION,FRATERNITYHOUSE
CRAB,ATLOCATION,BOSS'SOFFICE
DRAWINGROOM,ATLOCATION,ARTISIT'SHOUSE
EYEBALL,ATLOCATION,EYESOCKET
FRONTCOURTYARD,ATLOCATION,HOUSE
CLIP,ATLOCATION,DISCOUNTSTORE
HAIRDRYER,ATLOCATION,BOX
CARRYONBAG,ATLOCATION,OVERHEADBIN
CLOTHING,ATLOCATION,HAMPER
GAZELLE,ATLOCATION,GREATOUTDOORS
CLEANINGLADY,ATLOCATION,HOTEL
COIL,ATLOCATION,REFRIDGERATOR
HEATER,ATLOCATION,OFFICE
COMICSTRIPS,ATLOCATION,NEWSPAPER
BIRDS,ATLOCATION,AIR
CORPSE,ATLOCATION,MORGUE
CLIMBER,ATLOCATION,MOUNTAIN
FOOD,ATLOCATION,SCHOOL
EZE2K,ATLOCATION,TFZ
BEAVER,ATLOCATION,BED
CURB,ATLOCATION,BUSSTOP
HORSE,ATLOCATION,BARNONFARM
DENTISTCHAIR,ATLOCATION,DETISTOFFICE
EXCAVATION,ATLOCATION,WORKAREA
EATERY,ATLOCATION,TOWN
AIR,ATLOCATION,BRIDGE
BLOWFISH,ATLOCATION,TROPICALOCEANS
DIRT,ATLOCATION,CARPET
FORK,ATLOCATION,CUTLERYDRAWER
CRAB,ATLOCATION,TIDALZONE
AISLE,ATLOCATION,BUILDING
ANEMONE,ATLOCATION,GARDENSHOP
ANTHILL,ATLOCATION,TREE
CHESSBOARD,ATLOCATION,GAMESTORE
FAMIL,ATLOCATION,HOME
COTTAGE,ATLOCATION,COTSWOLDS
BLEACHERS,ATLOCATION,PHARMACY
HOCKEYBALL,ATLOCATION,HOCKEYGAME
DNA,ATLOCATION,CELL
ENCYCLOPEDIA,ATLOCATION,LIBRARY
COMPANY,ATLOCATION,YELLOWPAGES
BISHOP,ATLOCATION,CHURCH
DUST,ATLOCATION,SHELF
FLEA,ATLOCATION,RUG
BANDAID,ATLOCATION,DOCTOR'SOFFICE
CLOTHES,ATLOCATION,SHOP
CHESTERFIELD,ATLOCATION,MUSEUM
HANDPRINTS,ATLOCATION,FRIDGE
HIGHLIGHTERPEN,ATLOCATION,SCHOOLBAG
BALL,ATLOCATION,BEARING
DISCO,ATLOCATION,CITY
FIELD,ATLOCATION,COUNTRYSIDE
GRILL,ATLOCATION,YARD
HUG,ATLOCATION,FRIEND'SHOUSE
CLIPPERS,ATLOCATION,BARBERSHOP
DOG,ATLOCATION,GROUND
COLDWATER,ATLOCATION,WATERFOUNTAIN
EARTH,ATLOCATION,GROUND
FOODBAKING,ATLOCATION,OVEN
BEE,ATLOCATION,JAR
FOX,ATLOCATION,BOOK
EIFFELTOWER,ATLOCATION,HORRIBLEFRANCE
DEEPWATER,ATLOCATION,WATERFALL
GARBAGE,ATLOCATION,TELEVISION
BLOWFISH,ATLOCATION,SUSHIBARKITCHEN
AIRTICKET,ATLOCATION,AIRTERMINAL
FOODSCRAPS,ATLOCATION,WASTEBIN
CAT,ATLOCATION,OUTSIDE
FOXIN,ATLOCATION,STORYBOOK
BOX,ATLOCATION,WAREHOUSE
COIN,ATLOCATION,CHANGE
CROSSWALK,ATLOCATION,STREETCORNER
HOIST,ATLOCATION,FACTORY
BAY,ATLOCATION,WATER
DOCTOROFFICE,ATLOCATION,MAINE
AUTOMATICGATE,ATLOCATION,WALL
FOOD,ATLOCATION,PARK
ACETAMINOPHEN,ATLOCATION,MEDICINECHEST
BEER,ATLOCATION,BEACH
BAGGAGETRUNK,ATLOCATION,TRAINSTATION
CHEST,ATLOCATION,HUMANBEING
EVIDENCE,ATLOCATION,CRIMESCENE
CLUB,ATLOCATION,ARMORY
CAT,ATLOCATION,PETSTOPRE
HOTELGUEST,ATLOCATION,ATHOTEL
HOTDOG,ATLOCATION,FAIR
FUNGUS,ATLOCATION,HUMIDCLIMATES
AIR,ATLOCATION,LUNGS
DISCO,ATLOCATION,RIODEJANEIRO
ALBUM,ATLOCATION,PHOTOSHOP
CARROTS,ATLOCATION,REFRIGERATOR
BALLBEARING,ATLOCATION,PARTOFWHEEL
BASSOON,ATLOCATION,HIGHSCHOOLBAND
BOSSES,ATLOCATION,MEETING
DRAWER,ATLOCATION,DEN
BALDEAGLE,ATLOCATION,MOUNTAINLAIR
BLOWFISH,ATLOCATION,JAPANESECOOKING
CARDTURNSTILE,ATLOCATION,VEGASPOKERGAME
BOWL,ATLOCATION,CUPBOARD
FUNGUS,ATLOCATION,ROTTINGTREE
HAT,ATLOCATION,SHELF
GUILT,ATLOCATION,CHURCH
FALLENLEAF,ATLOCATION,TREE
ASTRINGENT,ATLOCATION,MEDICINECHEST
BASEBALL,ATLOCATION,AMERICA
CONDENSEDMILK,ATLOCATION,CAN
COUCH,ATLOCATION,DEN
HOTDOGS,ATLOCATION,BOWLINGALLEY
DIMESTORE,ATLOCATION,PAST
ELEPHANT,ATLOCATION,ZOO
GALLERIST,ATLOCATION,GALLERYOPENING
DESKLAMP,ATLOCATION,DESK
ATTENDEES,ATLOCATION,CONFERENCE
FARM,ATLOCATION,COUNTRYSIDE
CHAIR,ATLOCATION,LIVINGROOM
CHEFSPECIAL,ATLOCATION,CHEAPRESTARUANT
COURT,ATLOCATION,COURTHOUSE
HOLE,ATLOCATION,BUTTON
FAN,ATLOCATION,ROOM
ADDRESSLABEL,ATLOCATION,DRAWER
CARPET,ATLOCATION,CHURCH
GUNS,ATLOCATION,SCHOOL
GAZELLE,ATLOCATION,KALAHARIDESERT
HOSTESS,ATLOCATION,RESTAURANT
BASEBALLTICKET,ATLOCATION,SCALPER'SHANDS
HEAD,ATLOCATION,NECK
GLASSES,ATLOCATION,HOME
FRENCHHORN,ATLOCATION,MUSICSTORE
CHILD,ATLOCATION,PEN
DOG,ATLOCATION,PORCH
ESPRESSOCOFFEE,ATLOCATION,BOOKSTORE
FIDDLE,ATLOCATION,COUNTRYBAND
GALLERY,ATLOCATION,ARTMUSEUM
CONDOMINIUM,ATLOCATION,CITY
BABY,ATLOCATION,CRADLE
APPLETREE,ATLOCATION,NURSSERY
FLUFF,ATLOCATION,BED
FOOD,ATLOCATION,SPOON
CHILDREN,ATLOCATION,SCHOOL
BENCHTOSITON,ATLOCATION,TRAINSTATION
BOWLINGSHOES,ATLOCATION,BOWLINGALLEY
BALCONYSEAT,ATLOCATION,THEATRA
BOOKS,ATLOCATION,CABINET
CHALKBOARD,ATLOCATION,SCHOOL
BEER,ATLOCATION,RESTURANT
CLAMPBINDER,ATLOCATION,SCHOOL
BACKDROP,ATLOCATION,PHOTOSTUDIO
COPYMACHINE,ATLOCATION,OFFICE
ELECTRICITY,ATLOCATION,CHURCH
BATTEN,ATLOCATION,BAND
GROUPOFSTUDENTS,ATLOCATION,BUS
GEEKS,ATLOCATION,CARNIVAL
DELICATESSEN,ATLOCATION,MALL
CHIPMUNKS,ATLOCATION,PARK
GRAS,ATLOCATION,PARK
DUST,ATLOCATION,HOME
BEEHIVE,ATLOCATION,BRIDGE
EMPLOYEES,ATLOCATION,PIZZASTORE
BEER,ATLOCATION,SHELF
COFFEETABLE,ATLOCATION,BOOKSTORE
CUTLETS,ATLOCATION,REFRIGERATOR
DOOROPENER,ATLOCATION,GARAGE
FLUTE,ATLOCATION,SYMPHONY
HOTDOGS,ATLOCATION,HOCKEYGAME
FOUNTAIN,ATLOCATION,PUBLICPLACE
CHESSPIECE,ATLOCATION,CHESSSET
COURT,ATLOCATION,OHIO
COUNTYHIGHWAY,ATLOCATION,RURALAREA
CLOTHESCLOSET,ATLOCATION,HOME
DIAMOND,ATLOCATION,RING
GENTLEMAN,ATLOCATION,BIGHOUSE
FOREST,ATLOCATION,NATIONALPARK
CAVITY,ATLOCATION,MOLAR
BUTTER,ATLOCATION,RESTAURANT
BATTLE,ATLOCATION,WAR
ADDRESSLABEL,ATLOCATION,JUNKMAIL
ANTIBIOTIC,ATLOCATION,CAPSULE
CLOTHINGSHELF,ATLOCATION,APARTMENT
HOCKEYGAME,ATLOCATION,TELEVISION
AISLES,ATLOCATION,THEATRE
CARDBOARD,ATLOCATION,RECYCLEBIN
HANDLE,ATLOCATION,BATHROOM
ATHLETE,ATLOCATION,OLYMPICS
BRASS,ATLOCATION,MARCHINGBAND
BULITEN,ATLOCATION,CHURCH
BASS,ATLOCATION,FRESHWATERLAKE
GAZELLE,ATLOCATION,AFRICANSAVANAH
BALDEAGLE,ATLOCATION,NATURE
GRAVEYARD,ATLOCATION,CHURCHPROPERTY
BEAM,ATLOCATION,NEWCONSTRUCTION
FRECKLE,ATLOCATION,FINGER
BACTERIA,ATLOCATION,SEPTICTANK
COMFYCHAIR,ATLOCATION,RELATIVESHOUSE
GRAPE,ATLOCATION,MINNESOTA
COW,ATLOCATION,LIVESTOCKMARKET
EATINGPLACE,ATLOCATION,DINNINGROOM
ACRYLIC,ATLOCATION,PAINTSTORE
DORRMAT,ATLOCATION,FRONTDOOR
GRANDMA,ATLOCATION,RELATIVESHOUSE
CONFETTI,ATLOCATION,FRIEND'SWEDDING
ARTWORK,ATLOCATION,MUSEUM
BACTERIA,ATLOCATION,MOUTH
CHECK,ATLOCATION,COUNTERINHOTEL
CASEOFBEER,ATLOCATION,STORE
DUFFELBAG,ATLOCATION,BARRACKS
HAT,ATLOCATION,HOME
BOARDGAMES,ATLOCATION,TOYSTORE
GASOLINE,ATLOCATION,GASSTATION
FICUS,ATLOCATION,DIRTINPOT
CANOFGRAPEJUICE,ATLOCATION,REFRIDGERATOR
DUVETCOVER,ATLOCATION,UPHOLSTERYSHOP
COTTAGE,ATLOCATION,PAINTING
DEN,ATLOCATION,CAVE
BARSERVICE,ATLOCATION,WEDDING
COLDDRINK,ATLOCATION,BEACH
FISHERMAN,ATLOCATION,BOAT
BAGGAGETRUNK,ATLOCATION,CAR
ASPIRIN,ATLOCATION,CABINET
BEAM,ATLOCATION,BRIDGE
DRUGDEALERS,ATLOCATION,CRYSTALMETHLAB
COTONCANDY,ATLOCATION,FAIR
FICUS,ATLOCATION,PLANTCATALOG
ADVERTISEMENTS,ATLOCATION,SUBWAY
COBWEB,ATLOCATION,GARAGE
COIN,ATLOCATION,WALLET
CORD,ATLOCATION,BUNDLE
BOOK,ATLOCATION,SHELF
GLUE,ATLOCATION,TUBE
DOORMAT,ATLOCATION,STORE
CUPOFCOFFEE,ATLOCATION,MEXICO
FLOURIDE,ATLOCATION,DENTIST
CLIPPERS,ATLOCATION,BATHROOM
DOCTOR,ATLOCATION,DOCTOR'SOFFICE
GROUPOFSTUDENTS,ATLOCATION,CLASS
BEANBAG,ATLOCATION,STORE
BOOKEND,ATLOCATION,PAIR
HEIFER,ATLOCATION,CATTLEBARN
BREAD,ATLOCATION,OVEN
FOOD,ATLOCATION,CAN
FRIENDLYGROCER,ATLOCATION,SUPERMARKET
DECK,ATLOCATION,BOAT
CONDOM,ATLOCATION,SOCKDRAWER
CLOTHESWASHER,ATLOCATION,GARAGE
FRIENDS,ATLOCATION,SCHOOL
HANDBAG,ATLOCATION,WALMART
BONE,ATLOCATION,FRESHFISH
CCTV,ATLOCATION,SHOPPINGCENTRE
GRENADE,ATLOCATION,INFANTRY
FROZENFOODS,ATLOCATION,MARKET
FERRET,ATLOCATION,PRARIEDOGBURROW
GAZELLE,ATLOCATION,RAIN
GRAPE,ATLOCATION,PRESS
FAN,ATLOCATION,STADIUM
HAIRSHAPINGGEL,ATLOCATION,BATHROOM
BORDER,ATLOCATION,PICTURE
CIGARETTES,ATLOCATION,GASSTATION
FLOORING,ATLOCATION,CARPETSTORE
BATZMARUDOLLS,ATLOCATION,TOYSTORE
APPLETREE,ATLOCATION,OREGON
COW,ATLOCATION,TOYSTORE
BASEBALLPLAYER,ATLOCATION,PLATE
BUCKET,ATLOCATION,LAUNDRY
COLUMN,ATLOCATION,ATHENS
DENTISTOFFICE,ATLOCATION,OFFICEBUILDING
BEE,ATLOCATION,FOREST
CASHREGISTER,ATLOCATION,STORE
BEDROOM,ATLOCATION,HOUSE
FASTFOODCHAIN,ATLOCATION,NEWHAMPSHIRE
DOORWAY,ATLOCATION,EVERYBUILDING
ANIMAL,ATLOCATION,PETSTORE
BREAD,ATLOCATION,PANTRY
HONEY,ATLOCATION,FARMER'SMARKET
DOG,ATLOCATION,IT'SKENNEL
GENERALSTORE,ATLOCATION,WOODSTOVE
BALDEAGLE,ATLOCATION,ROCKYMOUNTAINS
HORSE,ATLOCATION,USCAVALRY
GIN,ATLOCATION,MARTINI
CRAB,ATLOCATION,SEAWEED
ELECTRICBLANKET,ATLOCATION,BEDROOM
CANNABIS,ATLOCATION,GARDEN
ACID,ATLOCATION,STOMACH
DECANTER,ATLOCATION,CHEMISTRYLAB
CHURCHYARD,ATLOCATION,MAINE
FOODSCRAPS,ATLOCATION,TABLE
COLDDRINKS,ATLOCATION,FRIDGE
DRUNKS,ATLOCATION,BRIDGE
BORDER,ATLOCATION,QUILT
COFEE,ATLOCATION,CUP
COLLEGE,ATLOCATION,BIGCITY
FERRET,ATLOCATION,HUNTINGRABBITS
DRESSCIRCLE,ATLOCATION,THEATER
BEAVER,ATLOCATION,BEAVERVALLEY
CHAIRS,ATLOCATION,FUNERAL
EYEGLASSES,ATLOCATION,RETIREMENTHOME
GAZELLE,ATLOCATION,TREE
GRIDOBJECT,ATLOCATION,PROGRAM
AIRMAILSTAMP,ATLOCATION,DESK
HEART,ATLOCATION,BODY
HOME,ATLOCATION,NEIGHBORHOOD
CAFE,ATLOCATION,PIE
FEATHER,ATLOCATION,PILLOW
CONTAINERDRUM,ATLOCATION,DOCK
BUSSHELTER,ATLOCATION,DESERT
HALL,ATLOCATION,INSIDE
ARTWORKS,ATLOCATION,ARTSHOW
BEAVER,ATLOCATION,ZOO
DENTALFLOSS,ATLOCATION,BATHROOMCABINET
CALCULATOR,ATLOCATION,PDA
CATS,ATLOCATION,FOREST
GLASS,ATLOCATION,CUBOARD
EATERY,ATLOCATION,MALL
ACTIONFIGURE,ATLOCATION,STORE4
BEAVER,ATLOCATION,WOODLANDS
FISH,ATLOCATION,MARKET
FERRET,ATLOCATION,DETROITZOO
BOX,ATLOCATION,BASEMENT
EAR,ATLOCATION,HEAD
BRASS,ATLOCATION,BEDFRAME
GLASSWARE,ATLOCATION,LABORATORY
DIRT,ATLOCATION,FRATERNITYHOUSE
FLASK,ATLOCATION,LAB
DOORMAT,ATLOCATION,HALLWAY
BREADANDWATER,ATLOCATION,JAIL
ANESTHETIC,ATLOCATION,MEDICINECHEST
CONNECTION,ATLOCATION,NETWORKINGGROUP
CONTRALTO,ATLOCATION,CHOIR
DEATH,ATLOCATION,FUNERAL
HANDSOMEGUY,ATLOCATION,BED
FOLDINGCHAIR,ATLOCATION,BEACH
CHEQUEBOOKCOVER,ATLOCATION,BANK
ASTRONAUT,ATLOCATION,SPACESHUTTLE
CANNEDPETFOOD,ATLOCATION,SHELF
DOORMAN,ATLOCATION,HOTEL
FIRELOOKOUT,ATLOCATION,TOPOFMOUNTAIN
ANEMONE,ATLOCATION,PLACE
ATHLETES,ATLOCATION,SPORTINGEVENT
BREAKABLETHINGS,ATLOCATION,TOYSTORE
CARPET,ATLOCATION,RESTAURANT
FISHY,ATLOCATION,WATER
COW,ATLOCATION,PADDOCKORFIELD
CHECKBOOKHOLDER,ATLOCATION,PURSE
GOLD,ATLOCATION,TOOTH
ANIMALS,ATLOCATION,PARK
FUNGUS,ATLOCATION,LEAFMOLD
BEAKER,ATLOCATION,LAB
FLIGHTBAG,ATLOCATION,TRUNK
HOMELESSPEOPLE,ATLOCATION,BUSDEPOT
CINEMA,ATLOCATION,CITY
BROADCASTSTUDIO,ATLOCATION,ARENA
DRILL,ATLOCATION,GARAGE
HOTCHICKS,ATLOCATION,SCHOOL
ALLIGATOR,ATLOCATION,SWAMP
DIVA,ATLOCATION,OPERA
APPOINTMENTBOOK,ATLOCATION,HANDBAG
CONVICTS,ATLOCATION,JAIL
COWBOYBOOTS,ATLOCATION,HOUSTON
CRAB,ATLOCATION,OCEAN'SBEACHES
COTTONCANDY,ATLOCATION,FAIRGROUNDS
DATA,ATLOCATION,INTERNET
CAT,ATLOCATION,STRANGESTPLACES
ELEPHANT,ATLOCATION,CIRCUS
COUNCIL,ATLOCATION,COUNCILCHAMBER
BAKEDPOTATOES,ATLOCATION,OVEN
ANIMALS,ATLOCATION,ZOO
BASSDRUM,ATLOCATION,DRUMSET
BOYSCOUTS,ATLOCATION,PARADE
BOOT,ATLOCATION,FOOT
DUCTTAPE,ATLOCATION,CABINET
DURT,ATLOCATION,DUMPTRUCK
ATTRIBUTE,ATLOCATION,CALCULAS
BARBECUE,ATLOCATION,AUSTRAILIA
CHANGE,ATLOCATION,POCKET
BARNOWL,ATLOCATION,LOFT
CRABDOLLY,ATLOCATION,WAREHOUSE
CURRENT,ATLOCATION,WATER
FLOWERBED,ATLOCATION,PARK
FUNGUS,ATLOCATION,SHADYSPOT
DESIGN,ATLOCATION,PLATE
FROZENPIZZA,ATLOCATION,FREEZER
COUNCIL,ATLOCATION,COUNCILBUILDING
BACKGARDEN,ATLOCATION,ENGLAND
BASSBARITONE,ATLOCATION,OPERAHOUSE
CORD,ATLOCATION,OFFICE
GUM,ATLOCATION,STORE
COW,ATLOCATION,FENCEDINAREA
HAMMER,ATLOCATION,TOOLBELT
BOOKEND,ATLOCATION,LIBRARY
DENTALOFFICE,ATLOCATION,BUILDING
HIGHLIGHTER,ATLOCATION,OFFICE
FOUNDATION,ATLOCATION,CLOSET
HIGHWAY,ATLOCATION,COUNTRYSIDE
CONDIMENTS,ATLOCATION,PANTRY
CONFETTI,ATLOCATION,BIGCITIES
COLDSTORAGE,ATLOCATION,WAREHOUSE
BLOWFISH,ATLOCATION,OUTSIDE
GREENGROCER,ATLOCATION,MARKETSTREET
GRIDOBJECT,ATLOCATION,GRID
BICYCLE,ATLOCATION,GARAGE
CROSSROADS,ATLOCATION,CITY
DRUM,ATLOCATION,ORCHESTRA
GIFTSHOP,ATLOCATION,DISNEYLAND
BANDAID,ATLOCATION,FIRSTAIDKIT
HEIFER,ATLOCATION,PASTEURONPOND
FIVEANDTENSTORE,ATLOCATION,MALL
GENOCIDE,ATLOCATION,BIBLE
BLACKKEYS,ATLOCATION,PIANO
FOODCOURT,ATLOCATION,MALL
CHESSBOARD,ATLOCATION,GERMANY
DIRTYLAUNDRY,ATLOCATION,HOSPITAL
CANOFSODA,ATLOCATION,VENDINGMACHINE
ATLANTICOCEAN,ATLOCATION,EARTH
BATS,ATLOCATION,CAVE
CPU,ATLOCATION,MOTHERBOARD
CRASHCYMBAL,ATLOCATION,OR
CONDUCTOR,ATLOCATION,SUBWAY
DOGPOOP,ATLOCATION,PARK
ACNEMEDICATION,ATLOCATION,CUPBOARD
CRAB,ATLOCATION,ATHEOCEAN
GOVERNMENT,ATLOCATION,CANADA
BASKETBALL,ATLOCATION,PARK
CONDOMS,ATLOCATION,DICK
BEAVER,ATLOCATION,TRAP
BASKET,ATLOCATION,SEWINGROOM
ACOUSTICCEILING,ATLOCATION,MUSICHALL
FURNITURE,ATLOCATION,ROOM
DRUNKENFANS,ATLOCATION,SOCCERGAME
CLOTHESCLOSET,ATLOCATION,HOUSE
BAKINGCOOKIES,ATLOCATION,OVEN
GASES,ATLOCATION,AIR
CHESSQUEEN,ATLOCATION,CHESSGAME
COINPURSE,ATLOCATION,POCKET
FISHESINSEAOR,ATLOCATION,AQUARIUM
APPLETREE,ATLOCATION,GROVE
FUNGUS,ATLOCATION,REFRIGERATOR
CAT,ATLOCATION,BASEMENT
DECISION,ATLOCATION,FORKINROAD
GEORGEBUSH,ATLOCATION,WAR
CRAB,ATLOCATION,GULFOFMEXICO
HORSE,ATLOCATION,INKENTUCKY
DOG,ATLOCATION,KENNEL
CASTANETS,ATLOCATION,MUSICALSHOW
COURTHOUSE,ATLOCATION,CENTEROFTOWN
DUVET,ATLOCATION,LIVINGROOM
HORSES,ATLOCATION,COUNTRYSIDE
COMPUTERMONITOR,ATLOCATION,DESK
BIRTHDAYPARTIES,ATLOCATION,PARK
GARBAGE,ATLOCATION,CAN
ANEMONE,ATLOCATION,STORE
GRAPE,ATLOCATION,FRUITS
GUITARS,ATLOCATION,CONCERT
FOX,ATLOCATION,HOLEUNDERFICUS
HOTSAUCE,ATLOCATION,REFRIGERATOR
BAROFSOAP,ATLOCATION,HOTEL
BOX,ATLOCATION,MAIL
EXPLOSIVE,ATLOCATION,LANDMINE
HILITERS,ATLOCATION,DESK
BIRD,ATLOCATION,WILD
CHANGINGROOM,ATLOCATION,DEPARTMENTSTORE
DOOR,ATLOCATION,UNIONSUIT
GRAPE,ATLOCATION,LUNCH
DOORWITHLOCK,ATLOCATION,BUSTERMINAL
BASSCLARINET,ATLOCATION,PAWNSHOP
CLOWNSHOES,ATLOCATION,BOWLINGALLEY
DAMPNESS,ATLOCATION,CELLAR
COOKBOOK,ATLOCATION,LIBRARY
CHAIR,ATLOCATION,CONFESSION
CUPS,ATLOCATION,WATERFOUNTAIN
FERRET,ATLOCATION,EUROPE
FUNGUS,ATLOCATION,MOISTBATHROOM
CAPITAL,ATLOCATION,EACHSTATE
GAS,ATLOCATION,GASSTATION
ARTISTS,ATLOCATION,GALLERYOPENING
FARECARD,ATLOCATION,TICKETBOOTH
CLOCKINORRATHER,ATLOCATION,WALL
COKE,ATLOCATION,MOVIE
BOARDINGROOM,ATLOCATION,OFFICEBUILDING
CAT,ATLOCATION,TROUBLE
FREEZER,ATLOCATION,OWNHOME
BLOOD,ATLOCATION,HOSPITAL
BOTTLEOFMILK,ATLOCATION,REFRIGERATOR
CRAB,ATLOCATION,SANDATBEACH
DUST,ATLOCATION,ATTIC
CHAIR,ATLOCATION,DENTIST
DIGS,ATLOCATION,EGYPT
BOOKSHELF,ATLOCATION,BOOKEND
DANDRUFFSHAMPOO,ATLOCATION,GROCERYSTORE
APPLETREE,ATLOCATION,FARMER'SYARD
DESERTCART,ATLOCATION,RESTAURANT
CUPSANDPLATES,ATLOCATION,CUPBOARD
FANS,ATLOCATION,HOCKEYGAME
FORKS,ATLOCATION,RESTURANT
HORSE,ATLOCATION,STABEL
DOLLAR,ATLOCATION,PURSE
ELDERLYPERSON,ATLOCATION,NURSINGHOME
ANEMONE,ATLOCATION,ATLANTICOCEAN
BLACKHOLES,ATLOCATION,UNIVERSE
ENIGE,ATLOCATION,BUS
COIN,ATLOCATION,STREET
CALCULATOR,ATLOCATION,CASE
CHANNEL,ATLOCATION,TV
CANDYWRAPPERS,ATLOCATION,WASTEBIN
CROSSROADS,ATLOCATION,LIFE
DETERGENTS,ATLOCATION,SUPERMARKET
GRAPE,ATLOCATION,PRODUCESTORE
HAIRCLIP,ATLOCATION,LONGHAIR
HARMONICA,ATLOCATION,MUSICSHOP
DOLL,ATLOCATION,DOLLSHOUSE
FUNGUS,ATLOCATION,DAMPWOOD
BONE,ATLOCATION,FISHSTAKE
COCKROACH,ATLOCATION,CLOSET
BALDEAGLE,ATLOCATION,HIGHPLACES
HAIRBRUSH,ATLOCATION,CAR
BOXOFCEREAL,ATLOCATION,STORE
ELECTRICSOCKET,ATLOCATION,HOUSE
GOVERNMENT,ATLOCATION,CITY
ANEMONE,ATLOCATION,BOTTOMOFSEA
CACTUS,ATLOCATION,DESERT
DODGEMS,ATLOCATION,FAIRGROUNDS
DRAWER,ATLOCATION,FILECABINET
DESTRUCTION,ATLOCATION,WARZONE
APHRODISIAC,ATLOCATION,MEDICINECHEST
COOKIE,ATLOCATION,DESSERT
BOWLINGBALL,ATLOCATION,BOWLINGALLEY
BOATS,ATLOCATION,WATER
ARTWORK,ATLOCATION,CHURCH
DISHES,ATLOCATION,PANTRY
DOOR,ATLOCATION,WALL
CAMERAS,ATLOCATION,CABINET
BALCONYSEAT,ATLOCATION,BALCONY
HANDSTRAPS,ATLOCATION,SUBWAY
CHANNEL,ATLOCATION,RIVER
CREEK,ATLOCATION,OUTDOORS
CUSTODIANS,ATLOCATION,SCHOOL
DOUBLEBASS,ATLOCATION,ORCHESTRA
FOOTSTOOL,ATLOCATION,LIVINGROOM
GRAPELEAVES,ATLOCATION,JAR
BEE,ATLOCATION,BACKYARD
DUCK,ATLOCATION,WETLAND
BRA,ATLOCATION,DRAWER
CRYINGPEOPLE,ATLOCATION,FUNERAL
FAMILYPICTURES,ATLOCATION,FRIEND'SHOUSE
FOLDER,ATLOCATION,SHELF
CALANDAR,ATLOCATION,DESK
FERRET,ATLOCATION,PETSHOT
ALTO,ATLOCATION,CONCERTO
HIDEBEDSOFA,ATLOCATION,HOUSE
BEE,ATLOCATION,BIOLOGYBOOK
FLOOR,ATLOCATION,STORE
CAT,ATLOCATION,WARMPLACE
HOUSE,ATLOCATION,BEDROOM
AERIALBOMB,ATLOCATION,AIR
BAG,ATLOCATION,BOOKSTORE
HOLDALL,ATLOCATION,CLOSET
FLIGHTBAG,ATLOCATION,AEROPLANE
ARMCHAIR,ATLOCATION,LIVINROOM
A,ATLOCATION,RESTURANT
BOTTLE,ATLOCATION,STORE
DRAWSTRINGBAG,ATLOCATION,OPERAAUDIENCE
DISHES,ATLOCATION,CABINET
EYEGLASSESCASE,ATLOCATION,POCKET
CHESSPIECE,ATLOCATION,GAMEROOM
BOXOFCRACKERS,ATLOCATION,PANTRY
CHAIRS,ATLOCATION,CHURCH
CIGARETTE,ATLOCATION,PACK
DRIVEWAY,ATLOCATION,CAR
HIDEBED,ATLOCATION,OLDHOUSE
GREENGROCER,ATLOCATION,MARKET
COLDAIR,ATLOCATION,REFRIGERATOR
BOXOFTISSUES,ATLOCATION,DESK
HIGHLIGHTERPEN,ATLOCATION,DESKTOP
EXITSIGN,ATLOCATION,FREEWAY
CASE,ATLOCATION,TRUNK
BOTTLESOFWATER,ATLOCATION,CELLAR
GLOBE,ATLOCATION,CLASS
GAZELLE,ATLOCATION,LION'SSTOMACH
EIFFELTOWER,ATLOCATION,COUNTRYOFFRANCE
CARPET,ATLOCATION,DESK
FOOTREST,ATLOCATION,DESK
CRAB,ATLOCATION,CARTOON
BLOWFISH,ATLOCATION,WARMOCEANWATERS
FUNGUS,ATLOCATION,DAD'SSHOE
CONFUSION,ATLOCATION,WAR
CONDOMS,ATLOCATION,SOCKDRAWER
CRIMINALS,ATLOCATION,JAIL
HAIRBRUSH,ATLOCATION,MAN'SSUITCASE
CREATURE,ATLOCATION,FAIRYTALE
BLANKET,ATLOCATION,WALMART
CHEF,ATLOCATION,RESTURANT
CDROM,ATLOCATION,DESK
EXTRAUNDERWEAR,ATLOCATION,BACKPACK
HEATERELEMENT,ATLOCATION,OVEN
BATTEN,ATLOCATION,FABICSTORE
BICYCLE,ATLOCATION,TRIATHOLON
BOXIN,ATLOCATION,ATTIC
FRUSTRATION,ATLOCATION,QUANDRY
FERRET,ATLOCATION,RIVERBANK
FELT,ATLOCATION,FEDORAHAT
FOX,ATLOCATION,PAINTING
BAR,ATLOCATION,STREET
BEDS,ATLOCATION,FRATERNITYHOUSE
BANK,ATLOCATION,GROCERYSTORE
BOULEVARD,ATLOCATION,LARGECITY
FAMILYPICTURES,ATLOCATION,RELATIVESHOUSE
DOUBLEBASS,ATLOCATION,JAZZBAND
COLUMN,ATLOCATION,ARMY
ALLEY,ATLOCATION,BIGCITY
DUSTMITES,ATLOCATION,CELLAR
CLOTH,ATLOCATION,KITCHEN
FRIDGE,ATLOCATION,KITCHEN
CORNER,ATLOCATION,STREETCORNER
BURLAP,ATLOCATION,UPHOLSTERYSHOP
CARROTS,ATLOCATION,STORE
FLOOR,ATLOCATION,CLASSROOM
CEREAL,ATLOCATION,FRIDGE
COPYHOLDER,ATLOCATION,DESK
GRASPER,ATLOCATION,STRIPJOINT
BILLFOLD,ATLOCATION,MAN'SBACKPOCKET
EGGBEATER,ATLOCATION,DRAWER
FIZZ,ATLOCATION,SODA
ACRYLIC,ATLOCATION,PAINT
CRATERS,ATLOCATION,MOON
CULTURE,ATLOCATION,BODY
BENCH,ATLOCATION,BUSSTOP
CLOTH,ATLOCATION,BOTHROOM
CANDLE,ATLOCATION,CHURCH
BOREDADULTS,ATLOCATION,MEETING
HOMOSEXUAL,ATLOCATION,CLUB
DENTALOFFICE,ATLOCATION,URBANAREA
GLASSOFWATER,ATLOCATION,COURTROOM
BLOWFISH,ATLOCATION,FLOCKS
HORN,ATLOCATION,HEADOFANIMAL
ANEMONE,ATLOCATION,POND
ADHESIVEBANDAGE,ATLOCATION,DRUGSTORE
CUBICLE,ATLOCATION,OFFICE
CAT,ATLOCATION,APARTMENT
FALLENLEAVES,ATLOCATION,FOREST
CLOTHES,ATLOCATION,STORE
HINGEDDOOR,ATLOCATION,JAMB
BICYCLES,ATLOCATION,INDIA
FLOORING,ATLOCATION,LOFT
HEALTHFOODSTORE,ATLOCATION,CITY
GRAPE,ATLOCATION,JAMFACTORY
ERASERS,ATLOCATION,STORE
DIRT,ATLOCATION,MOON
COINCOLLECTION,ATLOCATION,CABINET
FAIR,ATLOCATION,FAIRGROUNDS
ALBUM,ATLOCATION,MUSICSTORE
BEGGARS,ATLOCATION,STREET
ANEMONE,ATLOCATION,BOOK
BAZAAR,ATLOCATION,AISA
BENCH,ATLOCATION,GARDEN
CUP,ATLOCATION,CLOSET
GAZELLE,ATLOCATION,OUTSIDE
DIAMONDRING,ATLOCATION,FINGER
BIGFATTENOR,ATLOCATION,OPERA
GAZELLE,ATLOCATION,AFRIKA
ADVERTS,ATLOCATION,MAGAZINE
DENTIST,ATLOCATION,CITY
APPLEBUTTER,ATLOCATION,JAR
CORAL,ATLOCATION,OCEAN
ACNEMEDICATION,ATLOCATION,TEENAGER'SPURSE
BOOGIEMAN,ATLOCATION,BED
CHESSPAWN,ATLOCATION,GAMESTORE
CONNECTION,ATLOCATION,AIRPORT
BLEACHERS,ATLOCATION,GYMNASIUM
BOMB,ATLOCATION,ARMORY
DELIRESTAURANT,ATLOCATION,GROCERYSTORE
DUSTBIN,ATLOCATION,BROOMCLOSET
BARBIE,ATLOCATION,TOYSTORE
GAZELLE,ATLOCATION,STEPPE
BALDEAGLE,ATLOCATION,SOUP
CARGO,ATLOCATION,AIRPLANE
EAT,ATLOCATION,PLATE
GARLICCRUSHER,ATLOCATION,DRAWER
HOCKEYSTICKS,ATLOCATION,HOCKEYGAME
CROWD,ATLOCATION,DEMONSTRATION
BALDEAGLE,ATLOCATION,NATUREPRESERVE
BRACELET,ATLOCATION,JEWELRYSTORE
CHECKOUTSTAND,ATLOCATION,GROCERYSTORE
ANTISEPTIC,ATLOCATION,MEDICINECHEST
BOXESOFTOYS,ATLOCATION,TOYSTORE
CUTEMEN,ATLOCATION,FRATERNITYHOUSE
GLACIER,ATLOCATION,TOPOFMOUNTAIN
AIRBUBBLES,ATLOCATION,WATER
BRAIN,ATLOCATION,PERSON
FOX,ATLOCATION,NANTUCKEY
GARAGE,ATLOCATION,HOME
BAND,ATLOCATION,WEDDING
GRAPE,ATLOCATION,SUNSHINE
CHANNEL,ATLOCATION,WATERWAY
GAZELLE,ATLOCATION,ZOOINCANADA
HAIRBRUSH,ATLOCATION,PURSE
COMPANY,ATLOCATION,MARKETPLACE
BEANBAGCHAIR,ATLOCATION,TRASH
DIAPHRAGM,ATLOCATION,RESPITORYSYSTEM
BEACHTOWEL,ATLOCATION,LINENCUPBOARD
ARMY,ATLOCATION,OTHERCOUNTRIES
CASHCOIN,ATLOCATION,COINPURSE
FUNGUS,ATLOCATION,DEADTREE
ANEMONE,ATLOCATION,DONTLIKE
BOARD,ATLOCATION,LUMBERYARD
CONNECTION,ATLOCATION,FREEWAY
DINER,ATLOCATION,TOWN
COURT,ATLOCATION,GYMNASIUM
BASEMENT,ATLOCATION,CELLAR
FORMULA,ATLOCATION,LABORATORY
A,ATLOCATION,ROOF
HIKER,ATLOCATION,FOREST
DOCTOROFFICE,ATLOCATION,URBANSPRAWL
AMOEBA,ATLOCATION,WATER
CORNMEAL,ATLOCATION,CUPBOARD
BUNGALOW,ATLOCATION,SUBURBS
HANDGUN,ATLOCATION,WAR
ATLANTICOCEAN,ATLOCATION,BASIN
CAT,ATLOCATION,DESK
DUST,ATLOCATION,BACKSEATOFCAR
BEE,ATLOCATION,ORCHARD
FOODVENDOR,ATLOCATION,BUSDEPOT
CARPARK,ATLOCATION,METRO
EXPRESSWAY,ATLOCATION,MICHIGAN
FOXIN,ATLOCATION,FOXHUNT
FUNGUS,ATLOCATION,TROPICS
DRESS,ATLOCATION,CLOSET
ATTRIBUTE,ATLOCATION,ARRAY
BLOWFISH,ATLOCATION,HOOTIE
FERRET,ATLOCATION,HOLEINGROUND
AIRPLANE,ATLOCATION,AIRPLANEHANGAR
BLOOD,ATLOCATION,WAR
BOX,ATLOCATION,CELLAR
CARBONDIOXIDE,ATLOCATION,AIR
CRAB,ATLOCATION,NEWENGLAND
FLOWER,ATLOCATION,WINDOWSILL
COMMITTEE,ATLOCATION,CHURCH
FUNGUS,ATLOCATION,MOISTAREA
COMMUNITYCENTER,ATLOCATION,SWIMMINGPOOL
BALDEAGLE,ATLOCATION,TEXA
CAT,ATLOCATION,LAUNDRY
ARMY,ATLOCATION,FORT
